state name,week day,fatals,drunk driver
Alabama,Friday,1,No
Alabama,Monday,2,No
Alabama,Monday,1,No
Alabama,Tuesday,1,No
Alabama,Friday,1,No
Alabama,Friday,1,No
Alabama,Sunday,1,No
Alabama,Tuesday,1,No
Alabama,Saturday,1,Yes
Alabama,Sunday,1,No
Alabama,Sunday,1,No
Alabama,Monday,1,Yes
Alabama,Monday,2,No
Alabama,Tuesday,1,Yes
Alabama,Tuesday,1,No
Alabama,Wednesday,1,Yes
Alabama,Thursday,1,No
Alabama,Thursday,1,No
Alabama,Friday,1,Yes
Alabama,Friday,1,No
Alabama,Friday,1,No
Alabama,Friday,1,No
Alabama,Friday,1,No
Alabama,Friday,1,No
Alabama,Friday,1,No
Alabama,Sunday,1,Yes
Alabama,Monday,1,No
Alabama,Monday,1,No
Alabama,Monday,1,Yes
Alabama,Tuesday,1,No
Alabama,Wednesday,1,No
Alabama,Wednesday,1,No
Alabama,Wednesday,1,No
Alabama,Thursday,1,No
Alabama,Thursday,1,No
Alabama,Thursday,1,No
Alabama,Friday,1,Yes
Alabama,Friday,1,No
Alabama,Friday,1,No
Alabama,Saturday,2,Yes
Alabama,Saturday,1,No
Alabama,Sunday,1,No
Alabama,Monday,1,No
Alabama,Monday,2,No
Alabama,Monday,1,No
Alabama,Monday,1,No
Alabama,Tuesday,1,Yes
Alabama,Tuesday,1,Yes
Alabama,Wednesday,1,No
Alabama,Wednesday,1,No
Alabama,Thursday,1,Yes
Alabama,Thursday,1,No
Alabama,Friday,1,No
Alabama,Friday,1,No
Alabama,Saturday,1,No
Alabama,Saturday,1,No
Alabama,Saturday,1,No
Alabama,Sunday,1,Yes
Alabama,Monday,3,No
Alabama,Monday,1,No
Alabama,Wednesday,1,No
Alabama,Wednesday,1,Yes
Alabama,Thursday,1,No
Alabama,Friday,1,Yes
Alabama,Friday,1,No
Alabama,Saturday,1,No
Alabama,Saturday,1,No
Alabama,Saturday,2,Yes
Alabama,Sunday,2,Yes
Alabama,Monday,1,No
Alabama,Monday,2,Yes
Alabama,Wednesday,1,No
Alabama,Wednesday,1,No
Alabama,Thursday,2,No
Alabama,Thursday,1,No
Alabama,Thursday,1,No
Alabama,Monday,1,No
Alabama,Wednesday,1,No
Alabama,Monday,1,No
Alabama,Friday,1,Yes
Alabama,Wednesday,1,Yes
Alabama,Friday,1,Yes
Alabama,Friday,1,Yes
Alabama,Friday,1,No
Alabama,Friday,1,No
Alabama,Saturday,1,Yes
Alabama,Saturday,1,Yes
Alabama,Sunday,1,Yes
Alabama,Sunday,1,No
Alabama,Wednesday,1,Yes
Alabama,Thursday,1,Yes
Alabama,Thursday,1,Yes
Alabama,Thursday,1,Yes
Alabama,Thursday,1,No
Alabama,Thursday,1,No
Alabama,Friday,1,No
Alabama,Friday,1,Yes
Alabama,Saturday,1,Yes
Alabama,Saturday,1,No
Alabama,Sunday,1,Yes
Alabama,Sunday,1,No
Alabama,Sunday,1,No
Alabama,Monday,1,No
Alabama,Monday,1,No
Alabama,Monday,1,No
Alabama,Tuesday,1,No
Alabama,Wednesday,1,No
Alabama,Thursday,1,No
Alabama,Thursday,1,No
Alabama,Monday,1,No
Alabama,Saturday,1,No
Alabama,Sunday,1,No
Alabama,Sunday,1,Yes
Alabama,Monday,1,No
Alabama,Wednesday,1,No
Alabama,Wednesday,1,No
Alabama,Wednesday,1,Yes
Alabama,Friday,1,No
Alabama,Friday,1,No
Alabama,Friday,1,Yes
Alabama,Friday,1,No
Alabama,Friday,1,No
Alabama,Saturday,1,No
Alabama,Saturday,1,No
Alabama,Saturday,1,No
Alabama,Sunday,1,No
Alabama,Sunday,1,No
Alabama,Tuesday,1,No
Alabama,Wednesday,1,No
Alabama,Wednesday,1,No
Alabama,Thursday,1,No
Alabama,Thursday,1,No
Alabama,Thursday,1,No
Alabama,Friday,1,Yes
Alabama,Friday,1,No
Alabama,Tuesday,1,No
Alabama,Friday,1,No
Alabama,Sunday,1,Yes
Alabama,Monday,1,No
Alabama,Sunday,1,No
Alabama,Monday,1,No
Alabama,Tuesday,1,No
Alabama,Tuesday,1,No
Alabama,Friday,1,No
Alabama,Sunday,2,No
Alabama,Sunday,1,No
Alabama,Sunday,1,No
Alabama,Monday,1,No
Alabama,Tuesday,1,Yes
Alabama,Tuesday,1,No
Alabama,Thursday,1,Yes
Alabama,Friday,1,Yes
Alabama,Tuesday,1,Yes
Alabama,Thursday,1,Yes
Alabama,Sunday,1,Yes
Alabama,Tuesday,1,No
Alabama,Thursday,1,Yes
Alabama,Friday,1,No
Alabama,Saturday,1,No
Alabama,Tuesday,1,No
Alabama,Thursday,1,No
Alabama,Thursday,2,Yes
Alabama,Thursday,1,No
Alabama,Friday,1,Yes
Alabama,Friday,1,Yes
Alabama,Saturday,1,No
Alabama,Saturday,1,No
Alabama,Saturday,1,Yes
Alabama,Saturday,1,No
Alabama,Sunday,1,No
Alabama,Sunday,1,No
Alabama,Sunday,1,No
Alabama,Tuesday,1,No
Alabama,Wednesday,1,No
Alabama,Wednesday,1,No
Alabama,Wednesday,1,No
Alabama,Thursday,1,No
Alabama,Friday,1,Yes
Alabama,Friday,1,No
Alabama,Saturday,3,No
Alabama,Sunday,1,Yes
Alabama,Sunday,1,Yes
Alabama,Monday,1,No
Alabama,Monday,1,No
Alabama,Tuesday,2,No
Alabama,Tuesday,1,No
Alabama,Tuesday,1,No
Alabama,Wednesday,1,No
Alabama,Wednesday,1,No
Alabama,Wednesday,1,No
Alabama,Thursday,1,No
Alabama,Thursday,1,Yes
Alabama,Friday,1,No
Alabama,Friday,1,No
Alabama,Saturday,1,Yes
Alabama,Sunday,1,No
Alabama,Monday,1,No
Alabama,Sunday,1,Yes
Alabama,Thursday,1,No
Alabama,Sunday,1,No
Alabama,Wednesday,2,No
Alabama,Saturday,1,No
Alabama,Saturday,1,No
Alabama,Sunday,2,No
Alabama,Monday,1,No
Alabama,Friday,1,No
Alabama,Saturday,1,No
Alabama,Thursday,1,No
Alabama,Friday,1,Yes
Alabama,Friday,1,No
Alabama,Saturday,1,No
Alabama,Saturday,1,No
Alabama,Sunday,2,Yes
Alabama,Sunday,1,No
Alabama,Friday,1,No
Alabama,Friday,2,No
Alabama,Friday,1,Yes
Alabama,Friday,1,Yes
Alabama,Friday,1,No
Alabama,Sunday,1,No
Alabama,Monday,1,No
Alabama,Monday,1,No
Alabama,Monday,1,No
Alabama,Tuesday,1,No
Alabama,Wednesday,1,No
Alabama,Thursday,1,No
Alabama,Thursday,2,No
Alabama,Friday,1,No
Alabama,Friday,1,No
Alabama,Friday,1,No
Alabama,Saturday,1,Yes
Alabama,Saturday,1,Yes
Alabama,Saturday,1,No
Alabama,Saturday,1,Yes
Alabama,Sunday,1,No
Alabama,Sunday,1,No
Alabama,Monday,1,No
Alabama,Monday,1,No
Alabama,Monday,1,No
Alabama,Monday,1,Yes
Alabama,Thursday,1,No
Alabama,Friday,1,No
Alabama,Saturday,1,Yes
Alabama,Sunday,1,No
Alabama,Sunday,1,No
Alabama,Saturday,2,No
Alabama,Sunday,3,Yes
Alabama,Thursday,1,No
Alabama,Wednesday,1,No
Alabama,Friday,1,No
Alabama,Saturday,1,No
Alabama,Tuesday,1,Yes
Alabama,Tuesday,1,No
Alabama,Friday,2,Yes
Alabama,Friday,1,No
Alabama,Friday,1,No
Alabama,Saturday,1,Yes
Alabama,Sunday,1,No
Alabama,Sunday,1,No
Alabama,Sunday,1,No
Alabama,Monday,1,No
Alabama,Monday,1,No
Alabama,Tuesday,1,No
Alabama,Wednesday,1,No
Alabama,Thursday,1,No
Alabama,Wednesday,1,Yes
Alabama,Sunday,1,No
Alabama,Wednesday,1,No
Alabama,Wednesday,1,No
Alabama,Thursday,1,Yes
Alabama,Thursday,1,Yes
Alabama,Friday,1,No
Alabama,Saturday,1,Yes
Alabama,Sunday,1,Yes
Alabama,Monday,1,No
Alabama,Monday,1,No
Alabama,Tuesday,1,No
Alabama,Saturday,1,Yes
Alabama,Monday,1,No
Alabama,Wednesday,1,No
Alabama,Saturday,1,Yes
Alabama,Saturday,1,No
Alabama,Sunday,1,No
Alabama,Tuesday,1,No
Alabama,Wednesday,1,No
Alabama,Wednesday,1,Yes
Alabama,Thursday,1,Yes
Alabama,Saturday,1,No
Alabama,Sunday,1,No
Alabama,Monday,1,No
Alabama,Tuesday,1,No
Alabama,Tuesday,1,No
Alabama,Thursday,1,Yes
Alabama,Friday,1,Yes
Alabama,Saturday,1,No
Alabama,Thursday,1,No
Alabama,Sunday,3,Yes
Alabama,Thursday,1,No
Alabama,Wednesday,1,No
Alabama,Monday,1,No
Alabama,Monday,1,Yes
Alabama,Sunday,1,No
Alabama,Thursday,1,Yes
Alabama,Tuesday,1,No
Alabama,Tuesday,1,No
Alabama,Thursday,3,No
Alabama,Wednesday,2,No
Alabama,Saturday,1,No
Alabama,Sunday,1,No
Alabama,Tuesday,1,Yes
Alabama,Wednesday,1,No
Alabama,Wednesday,1,No
Alabama,Wednesday,1,No
Alabama,Friday,1,No
Alabama,Friday,1,Yes
Alabama,Sunday,1,No
Alabama,Sunday,1,Yes
Alabama,Sunday,2,Yes
Alabama,Monday,1,Yes
Alabama,Monday,1,No
Alabama,Wednesday,2,No
Alabama,Wednesday,1,No
Alabama,Wednesday,1,No
Alabama,Thursday,1,No
Alabama,Thursday,1,No
Alabama,Thursday,1,No
Alabama,Saturday,1,No
Alabama,Sunday,1,Yes
Alabama,Monday,1,No
Alabama,Tuesday,1,No
Alabama,Tuesday,1,No
Alabama,Wednesday,1,Yes
Alabama,Wednesday,2,No
Alabama,Thursday,1,No
Alabama,Thursday,1,No
Alabama,Thursday,1,No
Alabama,Thursday,1,No
Alabama,Saturday,1,No
Alabama,Saturday,1,No
Alabama,Saturday,1,Yes
Alabama,Saturday,1,No
Alabama,Sunday,1,Yes
Alabama,Monday,1,No
Alabama,Monday,1,No
Alabama,Monday,1,No
Alabama,Monday,2,Yes
Alabama,Monday,1,Yes
Alabama,Tuesday,1,No
Alabama,Tuesday,1,No
Alabama,Wednesday,1,Yes
Alabama,Thursday,1,No
Alabama,Friday,1,Yes
Alabama,Monday,1,No
Alabama,Friday,1,No
Alabama,Saturday,1,No
Alabama,Sunday,1,Yes
Alabama,Sunday,1,Yes
Alabama,Thursday,1,Yes
Alabama,Thursday,1,No
Alabama,Tuesday,1,No
Alabama,Monday,2,Yes
Alabama,Friday,1,No
Alabama,Monday,1,Yes
Alabama,Friday,1,No
Alabama,Saturday,1,Yes
Alabama,Sunday,1,No
Alabama,Sunday,1,Yes
Alabama,Tuesday,1,No
Alabama,Wednesday,1,No
Alabama,Tuesday,1,No
Alabama,Tuesday,1,No
Alabama,Friday,1,No
Alabama,Thursday,1,No
Alabama,Wednesday,1,No
Alabama,Tuesday,1,No
Alabama,Saturday,1,No
Alabama,Saturday,2,No
Alabama,Friday,1,Yes
Alabama,Wednesday,1,Yes
Alabama,Tuesday,1,No
Alabama,Monday,1,No
Alabama,Thursday,1,No
Alabama,Monday,2,No
Alabama,Saturday,1,No
Alabama,Saturday,1,No
Alabama,Friday,1,No
Alabama,Monday,1,No
Alabama,Wednesday,1,No
Alabama,Saturday,1,No
Alabama,Sunday,1,No
Alabama,Tuesday,1,No
Alabama,Thursday,1,No
Alabama,Friday,1,No
Alabama,Friday,1,Yes
Alabama,Friday,1,No
Alabama,Saturday,1,Yes
Alabama,Saturday,1,No
Alabama,Saturday,1,No
Alabama,Saturday,1,No
Alabama,Saturday,2,Yes
Alabama,Sunday,1,No
Alabama,Monday,1,No
Alabama,Monday,2,No
Alabama,Tuesday,1,No
Alabama,Wednesday,1,Yes
Alabama,Wednesday,1,No
Alabama,Thursday,1,No
Alabama,Thursday,1,No
Alabama,Friday,1,No
Alabama,Saturday,1,Yes
Alabama,Saturday,1,No
Alabama,Monday,1,No
Alabama,Tuesday,1,No
Alabama,Tuesday,1,Yes
Alabama,Tuesday,1,Yes
Alabama,Wednesday,1,No
Alabama,Wednesday,2,No
Alabama,Friday,1,No
Alabama,Friday,1,No
Alabama,Saturday,1,No
Alabama,Saturday,1,No
Alabama,Sunday,1,No
Alabama,Sunday,1,No
Alabama,Sunday,1,No
Alabama,Monday,1,No
Alabama,Tuesday,1,No
Alabama,Tuesday,1,Yes
Alabama,Wednesday,1,Yes
Alabama,Wednesday,1,No
Alabama,Wednesday,1,No
Alabama,Thursday,1,No
Alabama,Thursday,1,No
Alabama,Saturday,1,No
Alabama,Sunday,1,No
Alabama,Sunday,1,No
Alabama,Monday,1,No
Alabama,Tuesday,1,No
Alabama,Thursday,1,No
Alabama,Thursday,1,Yes
Alabama,Thursday,1,No
Alabama,Friday,1,No
Alabama,Friday,1,No
Alabama,Sunday,1,No
Alabama,Monday,1,No
Alabama,Monday,1,Yes
Alabama,Tuesday,1,No
Alabama,Wednesday,1,No
Alabama,Monday,1,No
Alabama,Friday,1,Yes
Alabama,Monday,1,No
Alabama,Sunday,1,No
Alabama,Thursday,1,No
Alabama,Wednesday,1,No
Alabama,Sunday,1,No
Alabama,Friday,1,No
Alabama,Monday,2,No
Alabama,Friday,1,Yes
Alabama,Tuesday,2,No
Alabama,Saturday,1,No
Alabama,Friday,1,No
Alabama,Monday,1,No
Alabama,Monday,1,No
Alabama,Tuesday,1,No
Alabama,Thursday,1,No
Alabama,Thursday,1,No
Alabama,Sunday,1,No
Alabama,Tuesday,1,No
Alabama,Tuesday,1,No
Alabama,Wednesday,1,No
Alabama,Saturday,1,Yes
Alabama,Saturday,1,No
Alabama,Saturday,1,Yes
Alabama,Sunday,1,Yes
Alabama,Friday,1,No
Alabama,Saturday,1,Yes
Alabama,Saturday,1,No
Alabama,Saturday,1,No
Alabama,Sunday,1,No
Alabama,Monday,1,No
Alabama,Tuesday,1,No
Alabama,Wednesday,1,No
Alabama,Thursday,1,Yes
Alabama,Thursday,1,No
Alabama,Friday,1,No
Alabama,Saturday,1,Yes
Alabama,Saturday,1,Yes
Alabama,Sunday,1,Yes
Alabama,Sunday,2,Yes
Alabama,Sunday,1,Yes
Alabama,Monday,1,No
Alabama,Monday,1,No
Alabama,Tuesday,1,No
Alabama,Tuesday,1,Yes
Alabama,Tuesday,1,No
Alabama,Tuesday,1,No
Alabama,Wednesday,1,No
Alabama,Wednesday,1,Yes
Alabama,Wednesday,1,No
Alabama,Thursday,1,No
Alabama,Thursday,2,No
Alabama,Saturday,1,Yes
Alabama,Saturday,1,Yes
Alabama,Saturday,1,No
Alabama,Saturday,1,No
Alabama,Saturday,1,No
Alabama,Sunday,1,Yes
Alabama,Monday,1,No
Alabama,Tuesday,1,Yes
Alabama,Thursday,1,No
Alabama,Friday,1,No
Alabama,Saturday,1,Yes
Alabama,Saturday,1,No
Alabama,Friday,1,No
Alabama,Friday,1,No
Alabama,Friday,1,Yes
Alabama,Friday,1,No
Alabama,Saturday,1,No
Alabama,Saturday,1,No
Alabama,Saturday,1,No
Alabama,Saturday,1,Yes
Alabama,Saturday,1,No
Alabama,Monday,1,No
Alabama,Tuesday,1,No
Alabama,Tuesday,1,No
Alabama,Thursday,1,No
Alabama,Monday,1,Yes
Alabama,Tuesday,1,No
Alabama,Monday,1,No
Alabama,Saturday,1,No
Alabama,Friday,1,No
Alabama,Saturday,1,No
Alabama,Monday,1,No
Alabama,Thursday,3,No
Alabama,Friday,1,No
Alabama,Saturday,1,No
Alabama,Monday,1,No
Alabama,Saturday,2,No
Alabama,Thursday,2,Yes
Alabama,Saturday,1,No
Alabama,Saturday,1,Yes
Alabama,Sunday,1,Yes
Alabama,Monday,1,No
Alabama,Monday,1,No
Alabama,Tuesday,1,No
Alabama,Wednesday,1,Yes
Alabama,Friday,1,No
Alabama,Saturday,1,Yes
Alabama,Sunday,1,Yes
Alabama,Monday,1,No
Alabama,Monday,1,No
Alabama,Tuesday,1,Yes
Alabama,Wednesday,1,No
Alabama,Thursday,1,No
Alabama,Friday,1,No
Alabama,Friday,1,No
Alabama,Friday,1,No
Alabama,Friday,1,No
Alabama,Friday,1,No
Alabama,Saturday,1,Yes
Alabama,Saturday,1,Yes
Alabama,Monday,1,No
Alabama,Monday,1,No
Alabama,Friday,1,Yes
Alabama,Sunday,1,No
Alabama,Friday,1,No
Alabama,Tuesday,1,Yes
Alabama,Thursday,1,No
Alabama,Saturday,2,No
Alabama,Sunday,1,No
Alabama,Wednesday,1,No
Alabama,Sunday,2,No
Alabama,Monday,1,No
Alabama,Saturday,1,No
Alabama,Thursday,1,No
Alabama,Tuesday,1,No
Alabama,Tuesday,1,No
Alabama,Friday,1,No
Alabama,Saturday,1,No
Alabama,Saturday,1,Yes
Alabama,Sunday,1,Yes
Alabama,Monday,1,No
Alabama,Monday,1,No
Alabama,Monday,1,No
Alabama,Tuesday,1,No
Alabama,Wednesday,2,No
Alabama,Thursday,1,No
Alabama,Thursday,2,No
Alabama,Friday,1,Yes
Alabama,Friday,1,No
Alabama,Saturday,1,No
Alabama,Saturday,1,No
Alabama,Saturday,1,No
Alabama,Saturday,1,No
Alabama,Sunday,1,Yes
Alabama,Monday,1,No
Alabama,Tuesday,1,No
Alabama,Tuesday,1,No
Alabama,Tuesday,1,Yes
Alabama,Wednesday,1,No
Alabama,Wednesday,1,No
Alabama,Wednesday,1,No
Alabama,Thursday,1,No
Alabama,Thursday,1,No
Alabama,Thursday,1,Yes
Alabama,Friday,1,No
Alabama,Saturday,1,Yes
Alabama,Sunday,1,Yes
Alabama,Sunday,1,Yes
Alabama,Monday,1,No
Alabama,Tuesday,1,No
Alabama,Tuesday,1,Yes
Alabama,Tuesday,1,Yes
Alabama,Tuesday,1,No
Alabama,Thursday,1,No
Alabama,Thursday,1,No
Alabama,Friday,2,Yes
Alabama,Friday,1,No
Alabama,Saturday,1,No
Alabama,Monday,1,No
Alabama,Tuesday,1,Yes
Alabama,Saturday,2,No
Alabama,Tuesday,1,Yes
Alabama,Sunday,1,No
Alabama,Wednesday,1,No
Alabama,Friday,1,No
Alabama,Saturday,1,Yes
Alabama,Sunday,2,No
Alabama,Thursday,1,No
Alabama,Monday,3,No
Alabama,Friday,1,No
Alabama,Sunday,1,No
Alabama,Monday,1,No
Alabama,Friday,1,No
Alabama,Saturday,1,No
Alabama,Saturday,1,Yes
Alabama,Saturday,1,Yes
Alabama,Tuesday,1,No
Alabama,Wednesday,1,No
Alabama,Friday,1,No
Alabama,Sunday,1,Yes
Alabama,Thursday,1,No
Alabama,Friday,1,No
Alabama,Friday,1,Yes
Alabama,Monday,1,No
Alabama,Tuesday,1,No
Alabama,Wednesday,1,No
Alabama,Wednesday,1,No
Alabama,Saturday,3,No
Alabama,Wednesday,1,No
Alabama,Monday,1,No
Alabama,Monday,1,No
Alabama,Friday,4,No
Alabama,Wednesday,1,No
Alabama,Friday,1,No
Alabama,Thursday,1,Yes
Alabama,Saturday,1,Yes
Alabama,Thursday,1,No
Alabama,Friday,1,No
Alabama,Tuesday,1,No
Alabama,Sunday,1,Yes
Alabama,Thursday,1,No
Alabama,Tuesday,1,No
Alabama,Tuesday,1,Yes
Alabama,Tuesday,1,No
Alabama,Tuesday,2,No
Alabama,Tuesday,1,No
Alabama,Thursday,1,No
Alabama,Thursday,1,No
Alabama,Saturday,1,Yes
Alabama,Sunday,2,No
Alabama,Sunday,1,No
Alabama,Sunday,1,Yes
Alabama,Monday,1,No
Alabama,Monday,2,No
Alabama,Tuesday,2,No
Alabama,Tuesday,1,No
Alabama,Wednesday,1,No
Alabama,Wednesday,1,No
Alabama,Thursday,1,No
Alabama,Thursday,1,Yes
Alabama,Thursday,1,No
Alabama,Friday,1,No
Alabama,Friday,1,No
Alabama,Saturday,1,Yes
Alabama,Saturday,1,No
Alabama,Sunday,1,No
Alabama,Sunday,1,No
Alabama,Sunday,1,Yes
Alabama,Tuesday,1,No
Alabama,Tuesday,1,No
Alabama,Wednesday,1,No
Alabama,Wednesday,1,No
Alabama,Thursday,1,No
Alabama,Thursday,1,No
Alabama,Thursday,1,No
Alabama,Thursday,1,No
Alabama,Thursday,1,No
Alabama,Friday,2,Yes
Alabama,Saturday,1,No
Alabama,Saturday,1,Yes
Alabama,Saturday,1,No
Alabama,Sunday,1,No
Alabama,Sunday,1,No
Alabama,Monday,1,No
Alabama,Monday,1,Yes
Alabama,Monday,1,No
Alabama,Tuesday,1,No
Alabama,Tuesday,1,No
Alabama,Tuesday,1,No
Alabama,Tuesday,1,No
Alabama,Wednesday,1,No
Alabama,Thursday,1,No
Alabama,Friday,1,Yes
Alabama,Friday,1,No
Alabama,Saturday,1,No
Alabama,Saturday,1,No
Alabama,Saturday,1,No
Alabama,Sunday,1,No
Alabama,Sunday,1,Yes
Alabama,Monday,1,No
Alabama,Monday,1,No
Alabama,Tuesday,1,No
Alabama,Tuesday,1,No
Alabama,Thursday,1,No
Alabama,Friday,2,No
Alabama,Friday,1,No
Alabama,Friday,1,No
Alabama,Friday,1,No
Alabama,Monday,1,No
Alabama,Monday,1,Yes
Alabama,Tuesday,1,No
Alabama,Saturday,1,No
Alabama,Wednesday,1,No
Alabama,Wednesday,1,No
Alabama,Tuesday,2,No
Alabama,Monday,1,No
Alabama,Friday,1,No
Alabama,Monday,1,No
Alabama,Saturday,1,No
Alabama,Tuesday,1,Yes
Alabama,Saturday,1,No
Alabama,Monday,1,No
Alabama,Sunday,1,No
Alabama,Thursday,1,No
Alabama,Friday,1,No
Alabama,Wednesday,1,No
Alabama,Thursday,1,No
Alabama,Tuesday,1,No
Alabama,Friday,1,No
Alabama,Saturday,1,No
Alabama,Saturday,1,No
Alabama,Friday,1,No
Alabama,Friday,1,Yes
Alabama,Saturday,1,No
Alabama,Saturday,1,Yes
Alabama,Sunday,1,Yes
Alabama,Monday,1,Yes
Alabama,Tuesday,1,No
Alabama,Tuesday,1,No
Alabama,Tuesday,1,No
Alabama,Tuesday,1,No
Alabama,Tuesday,2,Yes
Alabama,Tuesday,1,No
Alabama,Thursday,1,No
Alabama,Saturday,1,No
Alabama,Saturday,1,No
Alabama,Sunday,1,Yes
Alabama,Sunday,1,No
Alabama,Tuesday,1,No
Alabama,Wednesday,1,No
Alabama,Thursday,1,No
Alabama,Thursday,1,No
Alabama,Thursday,1,No
Alabama,Friday,2,Yes
Alabama,Friday,1,No
Alabama,Sunday,1,Yes
Alabama,Monday,1,No
Alabama,Monday,1,No
Alabama,Monday,1,No
Alabama,Tuesday,1,No
Alabama,Wednesday,1,No
Alabama,Wednesday,1,No
Alabama,Friday,1,No
Alabama,Thursday,1,No
Alabama,Friday,1,No
Alabama,Friday,1,No
Alabama,Thursday,1,No
Alabama,Thursday,1,No
Alabama,Wednesday,1,No
Alabama,Friday,1,No
Alabama,Monday,1,Yes
Alabama,Sunday,1,Yes
Alabama,Wednesday,1,No
Alabama,Wednesday,1,No
Alabama,Friday,1,Yes
Alabama,Tuesday,1,Yes
Alabama,Friday,1,No
Alabama,Sunday,1,Yes
Alabama,Thursday,1,No
Alabama,Wednesday,1,No
Alabama,Wednesday,1,No
Alabama,Saturday,1,No
Alabama,Saturday,1,No
Alabama,Saturday,1,No
Alabama,Thursday,1,No
Alabama,Thursday,1,No
Alabama,Tuesday,1,No
Alabama,Thursday,1,No
Alabama,Monday,1,No
Alabama,Monday,1,No
Alabama,Friday,1,Yes
Alabama,Thursday,1,No
Alabama,Friday,1,No
Alabama,Tuesday,1,No
Alabama,Saturday,1,Yes
Alabama,Wednesday,1,No
Alabama,Friday,1,No
Alabama,Friday,1,No
Alabama,Sunday,1,No
Alabama,Thursday,1,No
Alabama,Tuesday,1,No
Alabama,Thursday,1,No
Alabama,Thursday,1,No
Alabama,Thursday,1,No
Alabama,Friday,1,No
Alabama,Friday,1,No
Alabama,Sunday,1,No
Alabama,Sunday,1,No
Alabama,Sunday,1,No
Alabama,Monday,1,No
Alabama,Monday,1,No
Alabama,Monday,1,No
Alabama,Tuesday,1,Yes
Alabama,Tuesday,1,No
Alabama,Tuesday,1,Yes
Alabama,Tuesday,1,No
Alabama,Wednesday,1,No
Alabama,Wednesday,1,No
Alabama,Wednesday,1,No
Alabama,Thursday,2,No
Alabama,Saturday,1,No
Alabama,Tuesday,1,Yes
Alabama,Tuesday,1,No
Alabama,Tuesday,2,No
Alabama,Wednesday,1,No
Alabama,Thursday,1,No
Alabama,Thursday,2,No
Alabama,Thursday,1,No
Alabama,Friday,1,No
Alabama,Saturday,1,Yes
Alabama,Saturday,1,No
Alabama,Sunday,1,No
Alabama,Sunday,1,No
Alabama,Sunday,3,No
Alabama,Monday,1,No
Alabama,Thursday,1,No
Alabama,Friday,1,No
Alabama,Saturday,1,Yes
Alabama,Sunday,2,No
Alabama,Monday,1,No
Alabama,Monday,1,No
Alabama,Monday,1,No
Alabama,Sunday,1,Yes
Alabama,Sunday,1,No
Alabama,Sunday,1,Yes
Alabama,Monday,1,No
Alabama,Sunday,1,No
Alabama,Thursday,1,Yes
Alabama,Sunday,1,No
Alabama,Wednesday,1,No
Alabama,Wednesday,1,No
Alabama,Wednesday,1,No
Alabama,Saturday,2,No
Alabama,Friday,1,No
Alabama,Wednesday,1,Yes
Alabama,Saturday,1,No
Alaska,Wednesday,1,Yes
Alaska,Thursday,2,No
Alaska,Tuesday,1,No
Alaska,Saturday,2,Yes
Alaska,Tuesday,1,Yes
Alaska,Thursday,1,No
Alaska,Monday,1,Yes
Alaska,Tuesday,1,Yes
Alaska,Sunday,1,Yes
Alaska,Sunday,1,No
Alaska,Sunday,1,No
Alaska,Tuesday,1,Yes
Alaska,Sunday,1,Yes
Alaska,Saturday,1,Yes
Alaska,Saturday,1,No
Alaska,Friday,1,Yes
Alaska,Thursday,1,No
Alaska,Tuesday,1,No
Alaska,Monday,1,Yes
Alaska,Sunday,1,Yes
Alaska,Sunday,1,Yes
Alaska,Tuesday,1,No
Alaska,Tuesday,1,No
Alaska,Saturday,1,No
Alaska,Monday,2,Yes
Alaska,Tuesday,1,Yes
Alaska,Saturday,1,No
Alaska,Wednesday,1,No
Alaska,Sunday,1,No
Alaska,Tuesday,1,Yes
Alaska,Thursday,1,No
Alaska,Monday,1,Yes
Alaska,Wednesday,2,No
Alaska,Wednesday,1,No
Alaska,Thursday,1,No
Alaska,Thursday,1,No
Alaska,Thursday,1,Yes
Alaska,Saturday,1,No
Alaska,Tuesday,1,No
Alaska,Tuesday,1,No
Alaska,Friday,1,No
Alaska,Sunday,1,Yes
Alaska,Friday,1,No
Alaska,Friday,1,No
Alaska,Monday,4,No
Alaska,Monday,1,Yes
Alaska,Saturday,1,No
Alaska,Tuesday,1,Yes
Alaska,Thursday,1,Yes
Alaska,Wednesday,1,Yes
Alaska,Thursday,1,No
Alaska,Monday,4,No
Alaska,Thursday,2,No
Alaska,Friday,1,Yes
Alaska,Saturday,1,No
Alaska,Sunday,1,Yes
Alaska,Tuesday,1,No
Alaska,Wednesday,1,Yes
Alaska,Thursday,1,Yes
Alaska,Tuesday,1,No
Alaska,Sunday,1,No
Alaska,Saturday,1,No
Alaska,Saturday,1,Yes
Alaska,Saturday,1,No
Alaska,Monday,1,No
Alaska,Saturday,1,No
Alaska,Sunday,1,Yes
Alaska,Monday,1,Yes
Alaska,Monday,1,No
Arizona,Monday,1,No
Arizona,Tuesday,2,No
Arizona,Tuesday,4,Yes
Arizona,Thursday,1,No
Arizona,Thursday,1,No
Arizona,Friday,1,No
Arizona,Friday,1,No
Arizona,Friday,1,No
Arizona,Friday,1,No
Arizona,Saturday,1,Yes
Arizona,Sunday,1,No
Arizona,Sunday,2,No
Arizona,Sunday,1,No
Arizona,Monday,1,Yes
Arizona,Monday,1,No
Arizona,Tuesday,1,No
Arizona,Tuesday,1,Yes
Arizona,Tuesday,2,Yes
Arizona,Wednesday,1,No
Arizona,Wednesday,2,No
Arizona,Thursday,1,Yes
Arizona,Friday,1,Yes
Arizona,Friday,1,No
Arizona,Friday,1,No
Arizona,Saturday,1,Yes
Arizona,Sunday,1,No
Arizona,Tuesday,1,No
Arizona,Wednesday,1,No
Arizona,Thursday,1,No
Arizona,Thursday,1,No
Arizona,Friday,1,Yes
Arizona,Friday,1,No
Arizona,Friday,1,No
Arizona,Saturday,1,No
Arizona,Saturday,1,Yes
Arizona,Saturday,1,No
Arizona,Sunday,1,No
Arizona,Tuesday,1,No
Arizona,Tuesday,1,No
Arizona,Tuesday,1,No
Arizona,Wednesday,1,Yes
Arizona,Wednesday,1,No
Arizona,Thursday,1,No
Arizona,Friday,1,No
Arizona,Friday,1,No
Arizona,Friday,1,No
Arizona,Friday,1,No
Arizona,Friday,1,No
Arizona,Saturday,1,Yes
Arizona,Sunday,1,No
Arizona,Wednesday,1,No
Arizona,Monday,1,No
Arizona,Tuesday,1,No
Arizona,Sunday,1,Yes
Arizona,Tuesday,2,No
Arizona,Wednesday,1,No
Arizona,Monday,1,No
Arizona,Thursday,1,Yes
Arizona,Tuesday,1,No
Arizona,Wednesday,1,No
Arizona,Thursday,1,Yes
Arizona,Wednesday,1,No
Arizona,Sunday,1,No
Arizona,Sunday,2,No
Arizona,Tuesday,1,No
Arizona,Wednesday,1,No
Arizona,Wednesday,1,No
Arizona,Thursday,1,No
Arizona,Sunday,1,Yes
Arizona,Wednesday,1,No
Arizona,Wednesday,1,Yes
Arizona,Sunday,1,No
Arizona,Monday,1,No
Arizona,Monday,1,No
Arizona,Wednesday,2,Yes
Arizona,Thursday,1,No
Arizona,Saturday,1,No
Arizona,Sunday,1,No
Arizona,Thursday,1,No
Arizona,Sunday,1,Yes
Arizona,Friday,2,No
Arizona,Saturday,1,Yes
Arizona,Tuesday,1,No
Arizona,Thursday,1,No
Arizona,Saturday,1,Yes
Arizona,Tuesday,1,No
Arizona,Tuesday,1,No
Arizona,Wednesday,1,No
Arizona,Friday,1,No
Arizona,Friday,1,No
Arizona,Thursday,1,No
Arizona,Thursday,1,No
Arizona,Friday,1,No
Arizona,Saturday,1,No
Arizona,Saturday,1,No
Arizona,Sunday,1,No
Arizona,Monday,2,No
Arizona,Monday,1,No
Arizona,Monday,1,No
Arizona,Monday,1,No
Arizona,Tuesday,1,No
Arizona,Tuesday,1,Yes
Arizona,Wednesday,1,No
Arizona,Wednesday,1,No
Arizona,Wednesday,1,No
Arizona,Wednesday,1,Yes
Arizona,Wednesday,1,No
Arizona,Thursday,1,Yes
Arizona,Friday,1,No
Arizona,Sunday,1,Yes
Arizona,Sunday,1,No
Arizona,Wednesday,1,No
Arizona,Wednesday,1,No
Arizona,Thursday,1,Yes
Arizona,Thursday,1,No
Arizona,Thursday,1,No
Arizona,Friday,1,No
Arizona,Saturday,1,No
Arizona,Saturday,1,Yes
Arizona,Saturday,1,No
Arizona,Monday,1,No
Arizona,Tuesday,1,No
Arizona,Tuesday,1,Yes
Arizona,Thursday,1,No
Arizona,Thursday,1,No
Arizona,Saturday,1,No
Arizona,Sunday,1,No
Arizona,Tuesday,1,No
Arizona,Tuesday,1,No
Arizona,Friday,1,No
Arizona,Wednesday,1,No
Arizona,Thursday,1,No
Arizona,Thursday,1,No
Arizona,Thursday,1,No
Arizona,Saturday,1,Yes
Arizona,Friday,1,No
Arizona,Friday,1,No
Arizona,Tuesday,1,Yes
Arizona,Sunday,1,Yes
Arizona,Sunday,1,No
Arizona,Saturday,1,No
Arizona,Sunday,1,No
Arizona,Monday,1,No
Arizona,Monday,1,No
Arizona,Sunday,1,No
Arizona,Saturday,1,No
Arizona,Wednesday,3,No
Arizona,Wednesday,1,No
Arizona,Monday,1,No
Arizona,Thursday,1,No
Arizona,Sunday,1,Yes
Arizona,Monday,1,No
Arizona,Monday,1,No
Arizona,Saturday,1,Yes
Arizona,Saturday,1,No
Arizona,Friday,1,No
Arizona,Friday,1,No
Arizona,Sunday,1,No
Arizona,Thursday,2,No
Arizona,Friday,1,No
Arizona,Friday,1,Yes
Arizona,Saturday,1,No
Arizona,Saturday,1,No
Arizona,Saturday,1,No
Arizona,Sunday,1,No
Arizona,Monday,1,No
Arizona,Monday,1,No
Arizona,Tuesday,1,No
Arizona,Tuesday,1,No
Arizona,Tuesday,1,No
Arizona,Saturday,1,No
Arizona,Saturday,2,Yes
Arizona,Sunday,1,Yes
Arizona,Sunday,1,No
Arizona,Monday,1,No
Arizona,Monday,1,No
Arizona,Tuesday,1,Yes
Arizona,Wednesday,1,No
Arizona,Friday,1,No
Arizona,Saturday,1,Yes
Arizona,Sunday,1,No
Arizona,Sunday,1,Yes
Arizona,Monday,2,No
Arizona,Monday,1,No
Arizona,Monday,1,No
Arizona,Tuesday,1,No
Arizona,Saturday,3,Yes
Arizona,Saturday,3,No
Arizona,Sunday,1,Yes
Arizona,Sunday,1,No
Arizona,Sunday,1,Yes
Arizona,Tuesday,1,No
Arizona,Tuesday,1,Yes
Arizona,Thursday,2,No
Arizona,Thursday,1,No
Arizona,Thursday,1,No
Arizona,Thursday,1,No
Arizona,Friday,1,Yes
Arizona,Friday,1,No
Arizona,Friday,1,No
Arizona,Saturday,1,No
Arizona,Saturday,1,No
Arizona,Friday,1,No
Arizona,Friday,1,No
Arizona,Saturday,1,No
Arizona,Saturday,1,No
Arizona,Friday,2,Yes
Arizona,Sunday,1,No
Arizona,Thursday,1,No
Arizona,Saturday,1,Yes
Arizona,Monday,1,No
Arizona,Saturday,1,Yes
Arizona,Wednesday,1,Yes
Arizona,Saturday,1,Yes
Arizona,Monday,1,No
Arizona,Thursday,1,No
Arizona,Thursday,1,No
Arizona,Thursday,1,Yes
Arizona,Friday,1,No
Arizona,Saturday,1,Yes
Arizona,Monday,1,No
Arizona,Monday,1,No
Arizona,Monday,1,No
Arizona,Tuesday,1,No
Arizona,Friday,1,No
Arizona,Friday,1,No
Arizona,Saturday,1,No
Arizona,Saturday,1,No
Arizona,Sunday,2,Yes
Arizona,Sunday,1,No
Arizona,Tuesday,3,No
Arizona,Friday,1,No
Arizona,Sunday,1,Yes
Arizona,Monday,1,Yes
Arizona,Tuesday,1,No
Arizona,Wednesday,1,No
Arizona,Thursday,1,No
Arizona,Friday,1,No
Arizona,Monday,1,Yes
Arizona,Wednesday,1,No
Arizona,Thursday,1,No
Arizona,Friday,1,No
Arizona,Saturday,1,Yes
Arizona,Sunday,1,Yes
Arizona,Sunday,1,No
Arizona,Monday,1,No
Arizona,Tuesday,1,No
Arizona,Tuesday,1,No
Arizona,Tuesday,1,Yes
Arizona,Wednesday,1,Yes
Arizona,Thursday,1,No
Arizona,Friday,1,No
Arizona,Saturday,1,No
Arizona,Saturday,2,No
Arizona,Saturday,1,No
Arizona,Saturday,1,No
Arizona,Sunday,1,Yes
Arizona,Sunday,1,No
Arizona,Tuesday,1,No
Arizona,Wednesday,1,Yes
Arizona,Wednesday,1,No
Arizona,Friday,1,No
Arizona,Monday,1,No
Arizona,Monday,1,No
Arizona,Tuesday,1,No
Arizona,Tuesday,1,No
Arizona,Thursday,1,Yes
Arizona,Thursday,1,No
Arizona,Friday,1,No
Arizona,Friday,2,No
Arizona,Saturday,1,No
Arizona,Saturday,1,No
Arizona,Sunday,1,No
Arizona,Monday,1,No
Arizona,Tuesday,1,No
Arizona,Thursday,1,No
Arizona,Thursday,1,No
Arizona,Thursday,1,No
Arizona,Friday,1,No
Arizona,Friday,1,Yes
Arizona,Friday,1,Yes
Arizona,Saturday,1,No
Arizona,Sunday,1,No
Arizona,Sunday,1,No
Arizona,Sunday,1,No
Arizona,Saturday,1,Yes
Arizona,Sunday,1,No
Arizona,Sunday,1,No
Arizona,Sunday,1,No
Arizona,Sunday,1,No
Arizona,Wednesday,1,Yes
Arizona,Friday,1,No
Arizona,Friday,1,Yes
Arizona,Saturday,1,No
Arizona,Friday,1,No
Arizona,Tuesday,1,No
Arizona,Sunday,1,No
Arizona,Tuesday,1,No
Arizona,Sunday,1,Yes
Arizona,Friday,1,Yes
Arizona,Saturday,1,Yes
Arizona,Friday,1,No
Arizona,Thursday,1,No
Arizona,Sunday,1,No
Arizona,Tuesday,1,No
Arizona,Tuesday,1,No
Arizona,Thursday,1,No
Arizona,Friday,1,No
Arizona,Saturday,1,Yes
Arizona,Saturday,1,Yes
Arizona,Sunday,1,No
Arizona,Monday,1,No
Arizona,Tuesday,1,No
Arizona,Wednesday,1,No
Arizona,Thursday,1,Yes
Arizona,Friday,1,Yes
Arizona,Sunday,1,No
Arizona,Friday,1,Yes
Arizona,Saturday,1,Yes
Arizona,Tuesday,1,No
Arizona,Thursday,1,No
Arizona,Friday,1,No
Arizona,Friday,1,No
Arizona,Saturday,1,No
Arizona,Saturday,1,Yes
Arizona,Sunday,2,Yes
Arizona,Monday,1,No
Arizona,Tuesday,1,No
Arizona,Wednesday,1,Yes
Arizona,Thursday,2,No
Arizona,Thursday,1,No
Arizona,Friday,1,No
Arizona,Saturday,2,No
Arizona,Saturday,1,No
Arizona,Sunday,1,No
Arizona,Monday,1,No
Arizona,Tuesday,1,No
Arizona,Tuesday,1,No
Arizona,Tuesday,1,No
Arizona,Wednesday,1,No
Arizona,Saturday,1,No
Arizona,Saturday,1,Yes
Arizona,Saturday,1,No
Arizona,Monday,1,No
Arizona,Monday,1,No
Arizona,Monday,2,Yes
Arizona,Tuesday,1,No
Arizona,Tuesday,1,No
Arizona,Wednesday,1,No
Arizona,Wednesday,1,No
Arizona,Wednesday,1,No
Arizona,Friday,1,No
Arizona,Friday,1,Yes
Arizona,Sunday,1,No
Arizona,Monday,1,Yes
Arizona,Wednesday,1,No
Arizona,Wednesday,2,No
Arizona,Thursday,1,No
Arizona,Friday,1,No
Arizona,Sunday,2,No
Arizona,Monday,1,No
Arizona,Tuesday,1,No
Arizona,Wednesday,1,No
Arizona,Wednesday,1,No
Arizona,Thursday,1,No
Arizona,Thursday,1,No
Arizona,Sunday,1,No
Arizona,Monday,1,Yes
Arizona,Friday,1,Yes
Arizona,Saturday,3,No
Arizona,Sunday,1,Yes
Arizona,Wednesday,1,No
Arizona,Thursday,1,No
Arizona,Thursday,1,No
Arizona,Sunday,1,No
Arizona,Friday,1,No
Arizona,Tuesday,1,No
Arizona,Friday,1,No
Arizona,Sunday,1,No
Arizona,Tuesday,1,No
Arizona,Tuesday,4,No
Arizona,Tuesday,1,No
Arizona,Sunday,2,Yes
Arizona,Saturday,1,Yes
Arizona,Sunday,1,No
Arizona,Sunday,1,No
Arizona,Tuesday,1,Yes
Arizona,Wednesday,1,No
Arizona,Saturday,1,No
Arizona,Sunday,1,No
Arizona,Wednesday,1,No
Arizona,Thursday,1,No
Arizona,Friday,1,No
Arizona,Friday,1,No
Arizona,Tuesday,1,Yes
Arizona,Wednesday,1,No
Arizona,Friday,1,No
Arizona,Saturday,1,Yes
Arizona,Saturday,1,No
Arizona,Sunday,1,Yes
Arizona,Sunday,1,Yes
Arizona,Monday,1,No
Arizona,Monday,1,No
Arizona,Tuesday,1,No
Arizona,Tuesday,1,No
Arizona,Friday,1,No
Arizona,Saturday,1,No
Arizona,Saturday,1,Yes
Arizona,Saturday,1,Yes
Arizona,Saturday,1,No
Arizona,Sunday,1,Yes
Arizona,Sunday,1,Yes
Arizona,Sunday,1,No
Arizona,Sunday,1,Yes
Arizona,Sunday,1,No
Arizona,Tuesday,1,No
Arizona,Tuesday,1,Yes
Arizona,Tuesday,1,No
Arizona,Thursday,1,No
Arizona,Thursday,1,No
Arizona,Thursday,1,No
Arizona,Saturday,2,No
Arizona,Sunday,1,Yes
Arizona,Monday,1,No
Arizona,Monday,1,No
Arizona,Wednesday,1,No
Arizona,Thursday,1,No
Arizona,Sunday,1,No
Arizona,Sunday,1,No
Arizona,Monday,1,No
Arizona,Tuesday,1,No
Arizona,Tuesday,1,No
Arizona,Wednesday,1,No
Arizona,Thursday,2,No
Arizona,Saturday,1,Yes
Arizona,Monday,1,No
Arizona,Tuesday,1,No
Arizona,Wednesday,1,No
Arizona,Thursday,1,No
Arizona,Wednesday,1,No
Arizona,Friday,1,No
Arizona,Wednesday,1,No
Arizona,Wednesday,1,No
Arizona,Thursday,1,No
Arizona,Wednesday,1,No
Arizona,Saturday,1,Yes
Arizona,Friday,1,No
Arizona,Sunday,1,Yes
Arizona,Friday,1,Yes
Arizona,Saturday,1,No
Arizona,Friday,1,No
Arizona,Sunday,1,No
Arizona,Friday,1,No
Arizona,Saturday,1,No
Arizona,Friday,1,No
Arizona,Thursday,1,No
Arizona,Monday,2,No
Arizona,Friday,1,No
Arizona,Tuesday,1,No
Arizona,Thursday,1,No
Arizona,Saturday,1,No
Arizona,Sunday,1,No
Arizona,Monday,1,No
Arizona,Saturday,1,Yes
Arizona,Monday,1,Yes
Arizona,Monday,1,Yes
Arizona,Wednesday,1,No
Arizona,Thursday,1,No
Arizona,Friday,1,No
Arizona,Sunday,1,Yes
Arizona,Monday,1,Yes
Arizona,Thursday,1,Yes
Arizona,Saturday,1,Yes
Arizona,Sunday,1,Yes
Arizona,Tuesday,1,No
Arizona,Tuesday,1,No
Arizona,Tuesday,1,No
Arizona,Thursday,1,Yes
Arizona,Friday,1,No
Arizona,Friday,1,No
Arizona,Tuesday,1,Yes
Arizona,Tuesday,1,No
Arizona,Wednesday,1,No
Arizona,Wednesday,1,No
Arizona,Friday,1,No
Arizona,Friday,2,No
Arizona,Saturday,1,No
Arizona,Saturday,1,No
Arizona,Saturday,1,No
Arizona,Sunday,1,Yes
Arizona,Tuesday,1,No
Arizona,Tuesday,1,No
Arizona,Tuesday,1,Yes
Arizona,Tuesday,1,No
Arizona,Wednesday,1,No
Arizona,Saturday,1,Yes
Arizona,Saturday,1,No
Arizona,Sunday,1,Yes
Arizona,Sunday,2,No
Arizona,Sunday,1,No
Arizona,Tuesday,1,No
Arizona,Tuesday,1,No
Arizona,Tuesday,1,No
Arizona,Thursday,1,No
Arizona,Thursday,1,No
Arizona,Thursday,1,No
Arizona,Friday,1,No
Arizona,Wednesday,1,No
Arizona,Thursday,1,No
Arizona,Thursday,1,No
Arizona,Thursday,1,Yes
Arizona,Thursday,1,No
Arizona,Thursday,1,No
Arizona,Friday,1,No
Arizona,Saturday,1,No
Arizona,Sunday,1,No
Arizona,Sunday,1,No
Arizona,Monday,1,No
Arizona,Tuesday,1,No
Arizona,Tuesday,1,No
Arizona,Friday,1,No
Arizona,Saturday,2,No
Arizona,Saturday,1,No
Arizona,Wednesday,1,No
Arizona,Sunday,1,No
Arizona,Monday,1,No
Arizona,Monday,1,No
Arizona,Friday,1,No
Arizona,Sunday,1,Yes
Arizona,Friday,1,No
Arizona,Wednesday,1,No
Arizona,Friday,1,No
Arizona,Sunday,1,No
Arizona,Monday,1,No
Arizona,Tuesday,1,No
Arizona,Friday,1,No
Arizona,Sunday,1,No
Arizona,Sunday,1,Yes
Arizona,Sunday,1,No
Arizona,Wednesday,1,No
Arizona,Friday,1,No
Arizona,Saturday,1,Yes
Arizona,Wednesday,1,No
Arizona,Friday,1,No
Arizona,Monday,1,No
Arizona,Monday,1,Yes
Arizona,Tuesday,1,Yes
Arizona,Tuesday,1,No
Arizona,Wednesday,1,No
Arizona,Thursday,1,Yes
Arizona,Friday,1,No
Arizona,Saturday,1,No
Arizona,Monday,1,No
Arizona,Monday,1,No
Arizona,Thursday,1,Yes
Arizona,Sunday,1,Yes
Arizona,Wednesday,1,No
Arizona,Friday,1,No
Arizona,Friday,1,No
Arizona,Friday,1,No
Arizona,Saturday,1,Yes
Arizona,Saturday,1,No
Arizona,Monday,1,No
Arizona,Wednesday,3,No
Arizona,Friday,1,Yes
Arizona,Friday,1,Yes
Arizona,Saturday,1,Yes
Arizona,Sunday,1,No
Arizona,Monday,1,No
Arizona,Thursday,1,No
Arizona,Saturday,1,Yes
Arizona,Saturday,1,No
Arizona,Sunday,2,Yes
Arizona,Monday,1,Yes
Arizona,Thursday,2,No
Arizona,Saturday,1,Yes
Arizona,Saturday,1,Yes
Arizona,Sunday,1,No
Arizona,Tuesday,1,No
Arizona,Wednesday,1,No
Arizona,Thursday,3,No
Arizona,Friday,1,No
Arizona,Tuesday,1,No
Arizona,Sunday,3,No
Arizona,Saturday,1,No
Arizona,Sunday,1,No
Arizona,Wednesday,1,No
Arizona,Wednesday,1,No
Arizona,Thursday,1,No
Arizona,Friday,1,No
Arizona,Sunday,1,No
Arizona,Monday,1,No
Arizona,Friday,1,No
Arizona,Saturday,2,No
Arizona,Sunday,1,No
Arizona,Monday,1,No
Arizona,Monday,1,No
Arizona,Wednesday,1,Yes
Arizona,Wednesday,1,Yes
Arizona,Wednesday,1,No
Arizona,Thursday,1,No
Arizona,Saturday,1,No
Arizona,Monday,1,No
Arizona,Friday,1,No
Arizona,Saturday,1,No
Arizona,Saturday,2,No
Arizona,Saturday,1,No
Arizona,Sunday,1,No
Arizona,Monday,1,Yes
Arizona,Tuesday,1,Yes
Arizona,Wednesday,1,No
Arizona,Wednesday,1,No
Arizona,Thursday,2,No
Arizona,Friday,1,No
Arizona,Friday,2,No
Arizona,Saturday,1,No
Arizona,Saturday,1,Yes
Arizona,Saturday,1,No
Arizona,Sunday,2,Yes
Arizona,Wednesday,1,No
Arizona,Wednesday,1,No
Arizona,Wednesday,1,No
Arizona,Wednesday,1,No
Arizona,Thursday,1,No
Arizona,Thursday,1,No
Arizona,Thursday,1,No
Arizona,Thursday,1,No
Arizona,Friday,1,No
Arizona,Friday,1,No
Arizona,Friday,1,No
Arizona,Saturday,1,No
Arizona,Saturday,2,No
Arizona,Saturday,4,No
Arizona,Sunday,1,No
Arizona,Sunday,1,No
Arizona,Monday,1,No
Arizona,Wednesday,1,No
Arizona,Wednesday,1,No
Arizona,Wednesday,8,No
Arizona,Thursday,1,No
Arizona,Thursday,1,No
Arizona,Friday,1,No
Arizona,Friday,1,No
Arizona,Saturday,1,No
Arizona,Saturday,1,No
Arizona,Saturday,1,No
Arizona,Saturday,1,Yes
Arizona,Saturday,1,No
Arizona,Saturday,1,No
Arizona,Sunday,1,No
Arizona,Sunday,1,No
Arizona,Monday,1,Yes
Arizona,Tuesday,1,No
Arizona,Tuesday,1,No
Arizona,Tuesday,1,No
Arizona,Tuesday,3,Yes
Arizona,Tuesday,1,No
Arizona,Wednesday,1,No
Arizona,Wednesday,1,No
Arizona,Wednesday,1,Yes
Arizona,Thursday,1,No
Arizona,Thursday,1,No
Arizona,Thursday,1,No
Arizona,Friday,1,No
Arizona,Friday,1,No
Arizona,Friday,1,No
Arizona,Saturday,2,No
Arizona,Saturday,1,No
Arizona,Sunday,1,No
Arizona,Monday,1,Yes
Arizona,Tuesday,1,No
Arizona,Saturday,1,No
Arizona,Monday,1,No
Arizona,Tuesday,1,No
Arizona,Wednesday,1,No
Arizona,Thursday,1,Yes
Arizona,Tuesday,1,No
Arizona,Thursday,1,No
Arizona,Thursday,1,No
Arizona,Friday,2,No
Arizona,Saturday,1,Yes
Arizona,Sunday,1,No
Arizona,Monday,1,No
Arizona,Saturday,1,No
Arizona,Monday,2,No
Arizona,Wednesday,1,No
Arizona,Wednesday,1,No
Arizona,Wednesday,1,Yes
Arizona,Wednesday,1,No
Arizona,Thursday,1,No
Arizona,Thursday,1,No
Arizona,Thursday,1,No
Arizona,Thursday,1,No
Arizona,Friday,2,Yes
Arizona,Sunday,1,No
Arizona,Sunday,1,No
Arizona,Monday,1,No
Arizona,Tuesday,1,No
Arizona,Tuesday,1,No
Arizona,Tuesday,1,No
Arizona,Tuesday,1,No
Arizona,Tuesday,1,No
Arizona,Tuesday,1,No
Arizona,Tuesday,1,Yes
Arizona,Wednesday,1,No
Arizona,Wednesday,1,No
Arizona,Thursday,1,No
Arizona,Thursday,1,Yes
Arizona,Friday,1,Yes
Arizona,Saturday,1,No
Arizona,Saturday,1,No
Arizona,Saturday,1,No
Arizona,Sunday,1,Yes
Arizona,Sunday,1,No
Arizona,Monday,1,No
Arizona,Monday,1,No
Arizona,Tuesday,1,No
Arizona,Tuesday,1,No
Arizona,Wednesday,1,No
Arizona,Thursday,1,No
Arizona,Thursday,1,No
Arizona,Friday,1,No
Arizona,Friday,1,No
Arizona,Friday,1,No
Arizona,Friday,1,No
Arizona,Saturday,1,Yes
Arizona,Saturday,1,No
Arizona,Sunday,1,No
Arizona,Sunday,1,No
Arizona,Monday,1,No
Arizona,Monday,1,No
Arizona,Monday,1,No
Arizona,Wednesday,1,No
Arizona,Thursday,1,No
Arizona,Thursday,1,No
Arizona,Friday,1,No
Arizona,Friday,1,No
Arizona,Friday,1,No
Arizona,Saturday,1,No
Arizona,Saturday,1,No
Arizona,Sunday,1,No
Arizona,Tuesday,2,Yes
Arizona,Wednesday,1,No
Arizona,Wednesday,1,No
Arizona,Thursday,1,No
Arizona,Saturday,1,No
Arizona,Tuesday,1,No
Arizona,Monday,1,No
Arizona,Monday,1,No
Arizona,Wednesday,1,Yes
Arizona,Wednesday,1,No
Arizona,Thursday,4,No
Arizona,Thursday,1,No
Arizona,Thursday,1,No
Arizona,Saturday,1,Yes
Arizona,Monday,1,No
Arizona,Tuesday,1,No
Arizona,Thursday,1,No
Arizona,Friday,1,No
Arizona,Saturday,1,No
Arizona,Monday,1,No
Arizona,Wednesday,1,No
Arizona,Thursday,1,No
Arizona,Sunday,1,No
Arizona,Sunday,1,Yes
Arizona,Monday,1,No
Arizona,Monday,1,No
Arizona,Tuesday,1,No
Arizona,Wednesday,1,No
Arizona,Wednesday,1,No
Arizona,Thursday,1,No
Arizona,Thursday,1,No
Arizona,Thursday,1,No
Arizona,Friday,1,No
Arizona,Friday,1,No
Arizona,Saturday,1,No
Arizona,Saturday,1,Yes
Arizona,Sunday,1,Yes
Arizona,Monday,1,No
Arizona,Monday,1,No
Arizona,Tuesday,1,No
Arizona,Tuesday,1,No
Arizona,Wednesday,1,No
Arizona,Wednesday,1,Yes
Arizona,Friday,1,No
Arizona,Saturday,2,No
Arizona,Saturday,1,No
Arizona,Sunday,1,No
Arizona,Sunday,1,No
Arizona,Monday,1,No
Arizona,Tuesday,1,No
Arizona,Thursday,1,Yes
Arizona,Saturday,1,Yes
Arizona,Saturday,1,No
Arizona,Saturday,1,No
Arizona,Monday,1,No
Arizona,Wednesday,1,No
Arizona,Thursday,1,No
Arizona,Thursday,1,No
Arizona,Thursday,1,No
Arizona,Friday,1,No
Arizona,Friday,1,No
Arizona,Wednesday,1,No
Arizona,Tuesday,1,No
Arizona,Friday,1,No
Arizona,Saturday,1,No
Arizona,Sunday,1,No
Arizona,Monday,1,No
Arizona,Monday,1,Yes
Arizona,Tuesday,1,No
Arizona,Tuesday,1,No
Arizona,Thursday,1,Yes
Arizona,Thursday,1,Yes
Arizona,Friday,1,No
Arizona,Friday,1,No
Arizona,Friday,1,No
Arizona,Saturday,1,No
Arizona,Sunday,1,No
Arizona,Tuesday,3,No
Arizona,Thursday,1,No
Arizona,Saturday,1,No
Arizona,Tuesday,1,No
Arizona,Friday,1,No
Arizona,Sunday,1,No
Arizona,Monday,1,No
Arizona,Wednesday,1,No
Arizona,Wednesday,1,Yes
Arizona,Thursday,1,No
Arizona,Thursday,1,No
Arizona,Friday,1,No
Arizona,Saturday,1,No
Arizona,Saturday,1,No
Arizona,Sunday,2,No
Arizona,Monday,1,No
Arizona,Monday,1,No
Arizona,Monday,1,No
Arizona,Monday,1,No
Arizona,Monday,2,No
Arizona,Monday,1,No
Arizona,Wednesday,1,No
Arizona,Thursday,1,No
Arizona,Friday,1,No
Arizona,Friday,1,Yes
Arizona,Saturday,1,No
Arizona,Saturday,1,No
Arizona,Saturday,1,No
Arizona,Sunday,1,No
Arizona,Monday,1,No
Arizona,Tuesday,1,No
Arizona,Tuesday,1,No
Arizona,Wednesday,1,No
Arizona,Thursday,1,No
Arizona,Thursday,1,No
Arizona,Thursday,1,No
Arizona,Friday,1,No
Arizona,Friday,4,No
Arizona,Saturday,1,Yes
Arizona,Sunday,1,No
Arizona,Sunday,1,No
Arizona,Sunday,1,No
Arizona,Monday,1,Yes
Arizona,Tuesday,1,No
Arizona,Wednesday,1,No
Arizona,Thursday,1,No
Arizona,Saturday,1,No
Arizona,Sunday,1,No
Arizona,Sunday,2,No
Arizona,Sunday,1,No
Arizona,Monday,1,No
Arizona,Saturday,1,Yes
Arizona,Saturday,1,No
Arizona,Sunday,1,No
Arizona,Sunday,1,No
Arizona,Sunday,1,No
Arizona,Friday,1,No
Arizona,Saturday,1,No
Arizona,Saturday,1,Yes
Arizona,Saturday,1,No
Arizona,Monday,1,No
Arizona,Monday,1,No
Arizona,Wednesday,1,No
Arizona,Wednesday,1,No
Arizona,Saturday,1,No
Arizona,Saturday,1,No
Arizona,Tuesday,1,No
Arizona,Wednesday,1,No
Arizona,Friday,1,No
Arizona,Friday,1,No
Arizona,Friday,1,No
Arizona,Saturday,2,No
Arizona,Saturday,1,No
Arizona,Saturday,1,No
Arizona,Sunday,1,Yes
Arizona,Wednesday,1,No
Arizona,Thursday,1,Yes
Arizona,Thursday,1,No
Arizona,Saturday,1,No
Arizona,Saturday,1,Yes
Arizona,Monday,1,No
Arizona,Saturday,1,Yes
Arizona,Tuesday,1,No
Arizona,Thursday,1,No
Arizona,Sunday,2,Yes
Arizona,Sunday,2,Yes
Arizona,Monday,1,Yes
Arizona,Friday,1,No
Arizona,Sunday,1,Yes
Arizona,Wednesday,3,No
Arizona,Thursday,1,Yes
Arizona,Friday,1,No
Arizona,Saturday,1,No
Arizona,Monday,1,No
Arizona,Sunday,1,No
Arizona,Wednesday,1,Yes
Arizona,Thursday,1,No
Arizona,Thursday,1,No
Arkansas,Monday,1,Yes
Arkansas,Tuesday,1,No
Arkansas,Friday,1,Yes
Arkansas,Thursday,1,No
Arkansas,Saturday,1,No
Arkansas,Saturday,1,No
Arkansas,Thursday,1,No
Arkansas,Sunday,1,Yes
Arkansas,Thursday,1,No
Arkansas,Sunday,1,No
Arkansas,Wednesday,1,No
Arkansas,Sunday,1,No
Arkansas,Thursday,1,No
Arkansas,Wednesday,1,Yes
Arkansas,Saturday,1,No
Arkansas,Monday,1,No
Arkansas,Tuesday,1,No
Arkansas,Friday,2,Yes
Arkansas,Tuesday,1,No
Arkansas,Monday,1,No
Arkansas,Sunday,1,No
Arkansas,Saturday,1,No
Arkansas,Monday,1,No
Arkansas,Sunday,1,No
Arkansas,Saturday,1,No
Arkansas,Tuesday,1,No
Arkansas,Thursday,1,No
Arkansas,Friday,1,Yes
Arkansas,Thursday,1,Yes
Arkansas,Sunday,1,No
Arkansas,Monday,1,No
Arkansas,Saturday,1,No
Arkansas,Wednesday,1,No
Arkansas,Sunday,2,Yes
Arkansas,Friday,1,No
Arkansas,Saturday,1,No
Arkansas,Thursday,1,No
Arkansas,Thursday,1,No
Arkansas,Tuesday,1,No
Arkansas,Thursday,1,No
Arkansas,Tuesday,1,No
Arkansas,Wednesday,1,No
Arkansas,Sunday,1,Yes
Arkansas,Sunday,1,No
Arkansas,Friday,1,Yes
Arkansas,Sunday,1,No
Arkansas,Tuesday,1,No
Arkansas,Thursday,1,Yes
Arkansas,Thursday,1,No
Arkansas,Saturday,1,No
Arkansas,Sunday,1,No
Arkansas,Saturday,1,No
Arkansas,Tuesday,1,No
Arkansas,Saturday,1,Yes
Arkansas,Friday,1,No
Arkansas,Friday,1,Yes
Arkansas,Tuesday,1,No
Arkansas,Sunday,1,Yes
Arkansas,Friday,1,No
Arkansas,Wednesday,1,No
Arkansas,Thursday,1,Yes
Arkansas,Tuesday,1,No
Arkansas,Wednesday,1,Yes
Arkansas,Saturday,1,Yes
Arkansas,Saturday,1,No
Arkansas,Friday,1,No
Arkansas,Tuesday,1,Yes
Arkansas,Sunday,1,No
Arkansas,Saturday,1,Yes
Arkansas,Wednesday,1,No
Arkansas,Monday,1,No
Arkansas,Friday,1,Yes
Arkansas,Tuesday,1,No
Arkansas,Sunday,1,Yes
Arkansas,Sunday,1,No
Arkansas,Friday,1,Yes
Arkansas,Saturday,1,No
Arkansas,Thursday,2,Yes
Arkansas,Friday,1,No
Arkansas,Thursday,1,No
Arkansas,Thursday,1,No
Arkansas,Tuesday,1,No
Arkansas,Saturday,1,No
Arkansas,Sunday,1,Yes
Arkansas,Tuesday,1,No
Arkansas,Saturday,1,No
Arkansas,Monday,1,Yes
Arkansas,Monday,1,No
Arkansas,Thursday,1,Yes
Arkansas,Sunday,1,Yes
Arkansas,Thursday,1,No
Arkansas,Sunday,1,Yes
Arkansas,Thursday,1,No
Arkansas,Wednesday,1,No
Arkansas,Tuesday,1,Yes
Arkansas,Sunday,1,No
Arkansas,Thursday,1,No
Arkansas,Tuesday,1,No
Arkansas,Monday,1,No
Arkansas,Thursday,1,No
Arkansas,Sunday,1,Yes
Arkansas,Thursday,2,No
Arkansas,Saturday,1,Yes
Arkansas,Saturday,1,No
Arkansas,Sunday,1,No
Arkansas,Thursday,1,Yes
Arkansas,Wednesday,1,Yes
Arkansas,Saturday,1,No
Arkansas,Thursday,1,No
Arkansas,Tuesday,1,No
Arkansas,Thursday,1,No
Arkansas,Friday,1,Yes
Arkansas,Sunday,1,Yes
Arkansas,Thursday,1,No
Arkansas,Friday,1,No
Arkansas,Sunday,1,No
Arkansas,Saturday,1,Yes
Arkansas,Friday,1,No
Arkansas,Sunday,2,No
Arkansas,Monday,1,No
Arkansas,Saturday,2,No
Arkansas,Monday,1,No
Arkansas,Sunday,1,No
Arkansas,Saturday,1,No
Arkansas,Friday,1,No
Arkansas,Monday,1,No
Arkansas,Saturday,1,No
Arkansas,Sunday,1,Yes
Arkansas,Tuesday,1,No
Arkansas,Monday,1,No
Arkansas,Thursday,1,Yes
Arkansas,Friday,1,Yes
Arkansas,Thursday,2,No
Arkansas,Tuesday,1,No
Arkansas,Tuesday,3,No
Arkansas,Wednesday,1,No
Arkansas,Wednesday,1,No
Arkansas,Saturday,1,No
Arkansas,Thursday,1,Yes
Arkansas,Saturday,1,No
Arkansas,Wednesday,1,Yes
Arkansas,Sunday,1,No
Arkansas,Saturday,1,No
Arkansas,Thursday,1,No
Arkansas,Thursday,1,No
Arkansas,Monday,1,No
Arkansas,Sunday,1,Yes
Arkansas,Saturday,1,No
Arkansas,Wednesday,1,No
Arkansas,Friday,1,Yes
Arkansas,Saturday,1,Yes
Arkansas,Friday,1,No
Arkansas,Tuesday,1,Yes
Arkansas,Sunday,1,No
Arkansas,Tuesday,1,No
Arkansas,Thursday,1,No
Arkansas,Friday,1,No
Arkansas,Friday,1,No
Arkansas,Sunday,1,No
Arkansas,Tuesday,1,No
Arkansas,Friday,1,No
Arkansas,Monday,1,No
Arkansas,Wednesday,1,No
Arkansas,Friday,1,No
Arkansas,Friday,1,No
Arkansas,Wednesday,1,No
Arkansas,Wednesday,1,Yes
Arkansas,Wednesday,2,No
Arkansas,Wednesday,1,No
Arkansas,Saturday,1,No
Arkansas,Saturday,1,Yes
Arkansas,Tuesday,1,Yes
Arkansas,Friday,2,Yes
Arkansas,Wednesday,1,No
Arkansas,Sunday,1,Yes
Arkansas,Saturday,1,Yes
Arkansas,Saturday,1,No
Arkansas,Saturday,1,No
Arkansas,Friday,1,No
Arkansas,Sunday,1,No
Arkansas,Sunday,1,No
Arkansas,Monday,1,No
Arkansas,Saturday,1,No
Arkansas,Thursday,1,No
Arkansas,Friday,1,No
Arkansas,Sunday,1,No
Arkansas,Sunday,1,No
Arkansas,Wednesday,1,Yes
Arkansas,Wednesday,1,No
Arkansas,Friday,2,No
Arkansas,Thursday,1,No
Arkansas,Thursday,1,No
Arkansas,Thursday,2,No
Arkansas,Thursday,2,Yes
Arkansas,Saturday,1,Yes
Arkansas,Tuesday,1,Yes
Arkansas,Tuesday,1,No
Arkansas,Sunday,3,Yes
Arkansas,Monday,1,Yes
Arkansas,Sunday,1,No
Arkansas,Friday,1,No
Arkansas,Friday,1,No
Arkansas,Tuesday,1,Yes
Arkansas,Thursday,1,No
Arkansas,Sunday,1,No
Arkansas,Wednesday,2,No
Arkansas,Saturday,1,Yes
Arkansas,Wednesday,1,Yes
Arkansas,Wednesday,2,No
Arkansas,Monday,1,No
Arkansas,Monday,1,No
Arkansas,Friday,1,No
Arkansas,Monday,1,Yes
Arkansas,Tuesday,1,No
Arkansas,Wednesday,1,No
Arkansas,Monday,1,No
Arkansas,Monday,1,No
Arkansas,Sunday,1,No
Arkansas,Saturday,1,No
Arkansas,Thursday,1,Yes
Arkansas,Tuesday,2,No
Arkansas,Friday,1,No
Arkansas,Thursday,1,No
Arkansas,Sunday,1,No
Arkansas,Monday,1,No
Arkansas,Friday,1,No
Arkansas,Saturday,1,Yes
Arkansas,Monday,1,Yes
Arkansas,Tuesday,1,No
Arkansas,Thursday,1,No
Arkansas,Tuesday,1,No
Arkansas,Thursday,1,No
Arkansas,Monday,1,No
Arkansas,Wednesday,1,No
Arkansas,Sunday,1,Yes
Arkansas,Monday,2,No
Arkansas,Friday,1,Yes
Arkansas,Wednesday,1,No
Arkansas,Thursday,2,No
Arkansas,Sunday,1,No
Arkansas,Saturday,1,Yes
Arkansas,Saturday,1,Yes
Arkansas,Tuesday,1,No
Arkansas,Thursday,1,No
Arkansas,Tuesday,2,Yes
Arkansas,Wednesday,2,No
Arkansas,Friday,2,No
Arkansas,Monday,1,No
Arkansas,Sunday,1,Yes
Arkansas,Friday,1,No
Arkansas,Sunday,1,Yes
Arkansas,Saturday,1,No
Arkansas,Tuesday,1,Yes
Arkansas,Friday,1,Yes
Arkansas,Saturday,1,No
Arkansas,Monday,1,Yes
Arkansas,Wednesday,1,Yes
Arkansas,Friday,1,No
Arkansas,Thursday,1,No
Arkansas,Tuesday,1,No
Arkansas,Saturday,1,Yes
Arkansas,Sunday,1,No
Arkansas,Friday,1,No
Arkansas,Monday,1,No
Arkansas,Sunday,1,Yes
Arkansas,Thursday,1,No
Arkansas,Saturday,1,No
Arkansas,Friday,1,No
Arkansas,Wednesday,2,Yes
Arkansas,Sunday,1,No
Arkansas,Wednesday,1,No
Arkansas,Friday,1,No
Arkansas,Monday,1,Yes
Arkansas,Thursday,1,No
Arkansas,Thursday,1,No
Arkansas,Wednesday,1,No
Arkansas,Saturday,1,Yes
Arkansas,Sunday,1,No
Arkansas,Friday,1,No
Arkansas,Friday,1,Yes
Arkansas,Thursday,1,No
Arkansas,Thursday,1,No
Arkansas,Tuesday,2,No
Arkansas,Monday,1,Yes
Arkansas,Saturday,1,No
Arkansas,Thursday,1,No
Arkansas,Saturday,1,No
Arkansas,Tuesday,1,No
Arkansas,Monday,1,No
Arkansas,Sunday,1,No
Arkansas,Sunday,2,No
Arkansas,Friday,1,No
Arkansas,Tuesday,1,No
Arkansas,Thursday,1,Yes
Arkansas,Friday,1,No
Arkansas,Wednesday,2,No
Arkansas,Wednesday,1,No
Arkansas,Tuesday,1,Yes
Arkansas,Monday,2,No
Arkansas,Saturday,1,No
Arkansas,Friday,1,No
Arkansas,Saturday,1,No
Arkansas,Sunday,1,No
Arkansas,Thursday,1,No
Arkansas,Thursday,1,No
Arkansas,Saturday,1,No
Arkansas,Monday,1,No
Arkansas,Friday,1,No
Arkansas,Sunday,1,Yes
Arkansas,Wednesday,1,No
Arkansas,Thursday,1,No
Arkansas,Sunday,1,No
Arkansas,Wednesday,2,Yes
Arkansas,Wednesday,1,No
Arkansas,Wednesday,1,Yes
Arkansas,Thursday,1,No
Arkansas,Friday,1,No
Arkansas,Friday,1,No
Arkansas,Thursday,1,Yes
Arkansas,Saturday,1,Yes
Arkansas,Tuesday,1,No
Arkansas,Tuesday,1,No
Arkansas,Monday,2,No
Arkansas,Monday,1,No
Arkansas,Wednesday,1,Yes
Arkansas,Tuesday,1,No
Arkansas,Saturday,1,No
Arkansas,Friday,2,Yes
Arkansas,Monday,1,No
Arkansas,Saturday,1,Yes
Arkansas,Thursday,1,No
Arkansas,Sunday,3,Yes
Arkansas,Tuesday,1,No
Arkansas,Saturday,1,No
Arkansas,Thursday,1,No
Arkansas,Wednesday,1,No
Arkansas,Wednesday,1,No
Arkansas,Friday,1,No
Arkansas,Tuesday,1,No
Arkansas,Tuesday,1,No
Arkansas,Tuesday,1,No
Arkansas,Monday,1,No
Arkansas,Sunday,1,No
Arkansas,Friday,1,No
Arkansas,Wednesday,1,No
Arkansas,Thursday,1,No
Arkansas,Sunday,1,Yes
Arkansas,Thursday,1,No
Arkansas,Saturday,1,No
Arkansas,Saturday,1,Yes
Arkansas,Friday,1,No
Arkansas,Saturday,1,Yes
Arkansas,Monday,1,No
Arkansas,Sunday,1,Yes
Arkansas,Sunday,1,No
Arkansas,Thursday,1,No
Arkansas,Sunday,1,No
Arkansas,Thursday,1,No
Arkansas,Wednesday,1,No
Arkansas,Sunday,1,Yes
Arkansas,Sunday,1,No
Arkansas,Saturday,1,No
Arkansas,Monday,1,No
Arkansas,Monday,1,Yes
Arkansas,Wednesday,1,No
Arkansas,Wednesday,2,Yes
Arkansas,Saturday,1,No
Arkansas,Thursday,1,No
Arkansas,Monday,1,No
Arkansas,Sunday,2,No
Arkansas,Monday,1,No
Arkansas,Monday,1,Yes
Arkansas,Monday,2,Yes
Arkansas,Monday,1,Yes
Arkansas,Tuesday,1,No
Arkansas,Monday,1,No
Arkansas,Tuesday,1,No
Arkansas,Monday,1,Yes
Arkansas,Monday,1,No
Arkansas,Tuesday,1,No
Arkansas,Monday,2,No
Arkansas,Wednesday,1,Yes
Arkansas,Tuesday,1,No
Arkansas,Friday,1,No
Arkansas,Friday,1,No
Arkansas,Saturday,1,No
Arkansas,Saturday,1,No
Arkansas,Saturday,1,No
Arkansas,Tuesday,1,No
Arkansas,Monday,1,No
Arkansas,Tuesday,1,No
Arkansas,Sunday,1,Yes
Arkansas,Saturday,1,No
Arkansas,Monday,1,No
Arkansas,Wednesday,1,No
Arkansas,Saturday,1,Yes
Arkansas,Sunday,1,No
Arkansas,Monday,3,Yes
Arkansas,Monday,1,No
Arkansas,Monday,1,No
Arkansas,Wednesday,1,Yes
Arkansas,Sunday,1,Yes
Arkansas,Saturday,1,No
Arkansas,Thursday,1,No
Arkansas,Tuesday,1,No
Arkansas,Monday,1,No
Arkansas,Friday,1,No
Arkansas,Thursday,1,No
Arkansas,Saturday,1,No
Arkansas,Saturday,1,Yes
Arkansas,Friday,2,Yes
Arkansas,Thursday,2,No
Arkansas,Sunday,1,No
Arkansas,Thursday,1,No
Arkansas,Wednesday,2,No
Arkansas,Monday,1,No
Arkansas,Saturday,1,No
Arkansas,Friday,1,No
Arkansas,Sunday,1,Yes
Arkansas,Monday,1,No
Arkansas,Monday,1,Yes
Arkansas,Saturday,1,Yes
Arkansas,Saturday,1,Yes
Arkansas,Friday,1,No
Arkansas,Wednesday,1,Yes
Arkansas,Saturday,1,Yes
Arkansas,Saturday,1,No
Arkansas,Sunday,1,No
Arkansas,Tuesday,1,No
Arkansas,Monday,1,No
Arkansas,Wednesday,1,No
Arkansas,Tuesday,1,No
Arkansas,Monday,1,No
Arkansas,Sunday,1,No
Arkansas,Monday,1,No
Arkansas,Wednesday,1,No
Arkansas,Saturday,1,No
Arkansas,Saturday,1,Yes
Arkansas,Thursday,1,No
Arkansas,Thursday,1,No
Arkansas,Wednesday,1,No
Arkansas,Friday,2,No
Arkansas,Sunday,1,Yes
Arkansas,Sunday,1,No
Arkansas,Monday,1,No
Arkansas,Monday,1,No
Arkansas,Monday,1,No
Arkansas,Wednesday,1,Yes
Arkansas,Tuesday,1,No
Arkansas,Tuesday,1,No
Arkansas,Saturday,1,Yes
Arkansas,Monday,1,No
Arkansas,Sunday,1,Yes
Arkansas,Saturday,1,Yes
Arkansas,Wednesday,1,No
Arkansas,Sunday,1,No
Arkansas,Thursday,1,No
Arkansas,Friday,1,No
Arkansas,Saturday,1,No
Arkansas,Wednesday,1,No
Arkansas,Saturday,1,No
Arkansas,Wednesday,1,No
Arkansas,Wednesday,1,No
Arkansas,Thursday,1,No
Arkansas,Monday,1,No
Arkansas,Friday,1,No
Arkansas,Wednesday,1,No
Arkansas,Sunday,1,No
Arkansas,Wednesday,1,Yes
Arkansas,Saturday,1,No
Arkansas,Saturday,1,No
Arkansas,Monday,1,No
California,Sunday,2,No
California,Thursday,2,No
California,Thursday,1,No
California,Saturday,1,Yes
California,Tuesday,1,No
California,Thursday,1,No
California,Saturday,1,No
California,Saturday,1,No
California,Saturday,1,No
California,Wednesday,1,No
California,Wednesday,1,No
California,Monday,1,Yes
California,Saturday,1,Yes
California,Sunday,1,Yes
California,Thursday,1,No
California,Tuesday,1,No
California,Monday,1,No
California,Monday,1,No
California,Monday,1,No
California,Tuesday,1,No
California,Friday,1,No
California,Monday,1,No
California,Thursday,1,No
California,Friday,1,No
California,Sunday,1,Yes
California,Thursday,1,No
California,Saturday,1,No
California,Wednesday,1,No
California,Thursday,1,Yes
California,Tuesday,1,Yes
California,Sunday,2,No
California,Saturday,1,Yes
California,Monday,1,No
California,Saturday,1,Yes
California,Sunday,6,Yes
California,Monday,1,No
California,Friday,1,No
California,Tuesday,1,No
California,Saturday,2,No
California,Tuesday,1,Yes
California,Wednesday,2,Yes
California,Monday,1,No
California,Monday,1,Yes
California,Monday,1,Yes
California,Wednesday,1,No
California,Friday,1,No
California,Tuesday,1,No
California,Thursday,1,No
California,Wednesday,1,No
California,Saturday,2,Yes
California,Monday,1,No
California,Tuesday,1,No
California,Thursday,1,Yes
California,Friday,1,No
California,Wednesday,1,No
California,Friday,1,No
California,Saturday,1,No
California,Monday,2,No
California,Monday,1,Yes
California,Tuesday,1,No
California,Friday,1,No
California,Monday,1,No
California,Saturday,1,Yes
California,Thursday,1,Yes
California,Saturday,1,No
California,Tuesday,2,No
California,Wednesday,1,No
California,Saturday,1,Yes
California,Tuesday,1,No
California,Tuesday,1,No
California,Thursday,1,No
California,Monday,1,No
California,Friday,1,No
California,Thursday,1,No
California,Wednesday,1,No
California,Sunday,1,Yes
California,Friday,1,No
California,Wednesday,1,No
California,Sunday,1,Yes
California,Thursday,1,No
California,Thursday,1,No
California,Monday,1,No
California,Wednesday,1,No
California,Sunday,1,Yes
California,Sunday,1,Yes
California,Saturday,2,Yes
California,Wednesday,1,No
California,Monday,1,No
California,Tuesday,1,No
California,Thursday,2,Yes
California,Tuesday,1,No
California,Thursday,1,No
California,Wednesday,1,No
California,Monday,1,No
California,Monday,1,No
California,Sunday,1,No
California,Saturday,1,Yes
California,Wednesday,1,No
California,Monday,3,Yes
California,Saturday,1,Yes
California,Monday,1,No
California,Thursday,1,No
California,Wednesday,1,Yes
California,Sunday,1,No
California,Tuesday,1,No
California,Monday,1,Yes
California,Friday,1,Yes
California,Tuesday,1,Yes
California,Tuesday,1,No
California,Tuesday,1,Yes
California,Tuesday,1,No
California,Saturday,1,No
California,Saturday,1,No
California,Monday,1,No
California,Sunday,1,Yes
California,Monday,1,Yes
California,Tuesday,1,Yes
California,Saturday,1,No
California,Thursday,1,No
California,Tuesday,1,No
California,Tuesday,1,No
California,Monday,1,No
California,Thursday,1,No
California,Saturday,1,Yes
California,Tuesday,1,No
California,Thursday,1,No
California,Sunday,1,No
California,Monday,1,No
California,Friday,1,No
California,Tuesday,1,Yes
California,Monday,1,No
California,Thursday,1,No
California,Monday,1,No
California,Friday,2,No
California,Thursday,1,No
California,Wednesday,1,No
California,Friday,1,Yes
California,Sunday,1,Yes
California,Sunday,1,Yes
California,Wednesday,1,No
California,Monday,1,No
California,Saturday,1,Yes
California,Friday,1,No
California,Saturday,1,No
California,Saturday,1,No
California,Saturday,1,No
California,Friday,1,No
California,Wednesday,1,No
California,Saturday,1,Yes
California,Wednesday,1,No
California,Monday,1,No
California,Wednesday,1,No
California,Wednesday,1,No
California,Sunday,1,No
California,Sunday,1,Yes
California,Tuesday,1,No
California,Thursday,1,No
California,Sunday,1,No
California,Thursday,1,No
California,Friday,1,Yes
California,Friday,1,Yes
California,Sunday,1,No
California,Thursday,1,Yes
California,Friday,1,No
California,Saturday,1,No
California,Tuesday,1,No
California,Friday,1,Yes
California,Thursday,1,Yes
California,Wednesday,1,No
California,Sunday,1,No
California,Friday,2,No
California,Sunday,1,No
California,Friday,1,Yes
California,Thursday,1,Yes
California,Sunday,1,No
California,Monday,1,No
California,Wednesday,1,No
California,Saturday,2,Yes
California,Tuesday,1,No
California,Monday,1,No
California,Saturday,1,No
California,Monday,1,No
California,Tuesday,1,No
California,Saturday,1,No
California,Sunday,1,No
California,Friday,1,Yes
California,Friday,1,Yes
California,Friday,1,No
California,Saturday,1,No
California,Saturday,1,No
California,Sunday,1,No
California,Monday,1,No
California,Saturday,1,No
California,Monday,1,No
California,Wednesday,1,No
California,Thursday,1,No
California,Friday,1,No
California,Monday,1,No
California,Monday,1,No
California,Sunday,1,No
California,Thursday,1,Yes
California,Sunday,1,Yes
California,Friday,1,Yes
California,Tuesday,1,Yes
California,Wednesday,1,No
California,Monday,1,No
California,Friday,1,Yes
California,Sunday,1,Yes
California,Sunday,1,No
California,Thursday,1,No
California,Saturday,1,No
California,Tuesday,1,No
California,Monday,1,Yes
California,Wednesday,1,Yes
California,Tuesday,1,No
California,Wednesday,1,No
California,Monday,1,Yes
California,Saturday,1,Yes
California,Tuesday,1,No
California,Friday,1,No
California,Saturday,2,Yes
California,Sunday,1,No
California,Wednesday,1,No
California,Monday,1,No
California,Monday,1,No
California,Sunday,1,Yes
California,Tuesday,1,No
California,Tuesday,1,No
California,Saturday,1,Yes
California,Wednesday,1,No
California,Thursday,1,No
California,Friday,1,No
California,Monday,1,No
California,Saturday,1,No
California,Wednesday,2,No
California,Sunday,1,Yes
California,Tuesday,1,No
California,Friday,1,Yes
California,Tuesday,1,No
California,Monday,1,No
California,Sunday,1,Yes
California,Saturday,1,No
California,Saturday,1,No
California,Sunday,1,Yes
California,Thursday,1,No
California,Saturday,1,Yes
California,Friday,1,No
California,Wednesday,1,No
California,Friday,1,Yes
California,Thursday,1,No
California,Tuesday,1,No
California,Tuesday,1,No
California,Friday,1,No
California,Friday,1,No
California,Tuesday,1,No
California,Saturday,1,No
California,Saturday,1,No
California,Friday,1,Yes
California,Monday,1,No
California,Thursday,1,Yes
California,Sunday,1,No
California,Monday,1,No
California,Thursday,1,No
California,Thursday,1,Yes
California,Sunday,1,No
California,Wednesday,1,No
California,Sunday,1,Yes
California,Saturday,1,No
California,Saturday,1,Yes
California,Friday,1,Yes
California,Friday,1,No
California,Saturday,1,Yes
California,Friday,1,No
California,Saturday,1,Yes
California,Sunday,1,Yes
California,Sunday,1,No
California,Friday,1,No
California,Friday,1,No
California,Saturday,1,Yes
California,Sunday,1,Yes
California,Thursday,1,No
California,Sunday,1,No
California,Sunday,1,No
California,Monday,1,No
California,Tuesday,1,No
California,Monday,1,No
California,Saturday,1,No
California,Monday,1,No
California,Sunday,1,Yes
California,Saturday,1,No
California,Tuesday,1,No
California,Friday,1,No
California,Monday,1,Yes
California,Sunday,1,Yes
California,Tuesday,1,No
California,Thursday,1,No
California,Thursday,1,No
California,Sunday,1,No
California,Sunday,1,No
California,Friday,1,No
California,Sunday,1,No
California,Monday,1,Yes
California,Saturday,3,No
California,Friday,1,No
California,Monday,1,Yes
California,Sunday,1,Yes
California,Monday,1,No
California,Wednesday,1,No
California,Friday,1,Yes
California,Tuesday,1,No
California,Monday,1,No
California,Tuesday,1,No
California,Wednesday,1,No
California,Wednesday,1,No
California,Sunday,1,No
California,Friday,1,No
California,Wednesday,1,No
California,Wednesday,1,No
California,Monday,1,Yes
California,Friday,1,No
California,Tuesday,1,No
California,Wednesday,1,No
California,Saturday,1,No
California,Monday,1,No
California,Thursday,1,No
California,Wednesday,1,Yes
California,Friday,1,No
California,Wednesday,1,No
California,Saturday,2,Yes
California,Sunday,1,No
California,Wednesday,1,No
California,Wednesday,1,Yes
California,Saturday,1,Yes
California,Friday,1,No
California,Monday,1,No
California,Sunday,2,Yes
California,Tuesday,1,No
California,Saturday,1,No
California,Monday,2,Yes
California,Wednesday,1,Yes
California,Monday,1,No
California,Thursday,1,No
California,Wednesday,1,No
California,Saturday,1,No
California,Saturday,1,No
California,Tuesday,1,Yes
California,Tuesday,1,No
California,Monday,2,No
California,Tuesday,1,Yes
California,Friday,1,No
California,Wednesday,1,No
California,Tuesday,1,No
California,Tuesday,2,No
California,Sunday,1,No
California,Friday,1,No
California,Friday,1,No
California,Saturday,1,No
California,Wednesday,1,No
California,Wednesday,1,No
California,Wednesday,1,No
California,Sunday,2,Yes
California,Wednesday,1,No
California,Thursday,1,Yes
California,Tuesday,1,Yes
California,Saturday,1,Yes
California,Monday,1,No
California,Tuesday,2,No
California,Thursday,1,No
California,Friday,1,No
California,Sunday,1,No
California,Friday,1,No
California,Wednesday,1,No
California,Saturday,1,No
California,Sunday,1,No
California,Thursday,1,Yes
California,Tuesday,1,No
California,Monday,2,Yes
California,Friday,1,No
California,Sunday,1,No
California,Friday,1,No
California,Sunday,1,Yes
California,Sunday,1,Yes
California,Friday,1,No
California,Friday,1,No
California,Saturday,1,No
California,Wednesday,2,No
California,Wednesday,1,No
California,Tuesday,1,No
California,Sunday,1,Yes
California,Monday,1,Yes
California,Saturday,1,No
California,Sunday,1,No
California,Saturday,1,No
California,Wednesday,1,No
California,Friday,1,No
California,Friday,1,No
California,Wednesday,2,No
California,Thursday,1,No
California,Saturday,1,Yes
California,Monday,1,No
California,Saturday,1,No
California,Wednesday,1,Yes
California,Sunday,2,Yes
California,Thursday,2,Yes
California,Saturday,1,No
California,Sunday,1,Yes
California,Saturday,1,No
California,Thursday,1,No
California,Sunday,1,Yes
California,Thursday,1,No
California,Thursday,1,No
California,Friday,1,Yes
California,Thursday,1,Yes
California,Wednesday,1,No
California,Thursday,1,No
California,Friday,1,No
California,Saturday,1,Yes
California,Friday,1,Yes
California,Saturday,1,No
California,Sunday,1,No
California,Friday,1,No
California,Thursday,1,No
California,Wednesday,1,No
California,Friday,1,No
California,Saturday,1,Yes
California,Monday,1,No
California,Saturday,1,No
California,Sunday,1,No
California,Tuesday,2,No
California,Monday,1,No
California,Saturday,2,No
California,Tuesday,1,No
California,Thursday,3,Yes
California,Wednesday,1,No
California,Friday,1,No
California,Monday,1,No
California,Monday,1,No
California,Saturday,1,Yes
California,Monday,1,Yes
California,Thursday,1,No
California,Thursday,1,No
California,Friday,1,No
California,Friday,1,No
California,Thursday,1,No
California,Saturday,1,No
California,Saturday,1,No
California,Friday,1,No
California,Friday,1,No
California,Saturday,1,Yes
California,Thursday,1,Yes
California,Sunday,1,No
California,Friday,1,No
California,Friday,2,No
California,Sunday,1,No
California,Saturday,1,No
California,Tuesday,1,No
California,Wednesday,1,No
California,Wednesday,1,No
California,Sunday,1,No
California,Thursday,1,No
California,Sunday,1,No
California,Friday,1,Yes
California,Sunday,1,Yes
California,Saturday,1,No
California,Saturday,1,No
California,Sunday,2,Yes
California,Sunday,1,No
California,Tuesday,1,No
California,Saturday,2,Yes
California,Wednesday,1,No
California,Saturday,1,Yes
California,Wednesday,1,No
California,Tuesday,1,No
California,Sunday,1,No
California,Tuesday,1,No
California,Wednesday,1,No
California,Sunday,1,No
California,Friday,1,No
California,Saturday,1,Yes
California,Saturday,1,No
California,Sunday,1,No
California,Thursday,1,No
California,Thursday,1,No
California,Sunday,1,Yes
California,Friday,4,No
California,Saturday,1,Yes
California,Friday,1,No
California,Saturday,1,Yes
California,Sunday,1,No
California,Monday,1,No
California,Saturday,1,No
California,Saturday,1,No
California,Friday,1,No
California,Saturday,1,No
California,Wednesday,1,No
California,Wednesday,1,No
California,Saturday,1,Yes
California,Wednesday,1,No
California,Wednesday,1,Yes
California,Monday,2,No
California,Tuesday,1,No
California,Sunday,1,No
California,Monday,1,No
California,Tuesday,1,No
California,Sunday,1,No
California,Saturday,1,No
California,Monday,1,No
California,Tuesday,1,No
California,Wednesday,1,No
California,Sunday,2,No
California,Friday,2,No
California,Tuesday,1,No
California,Tuesday,1,No
California,Tuesday,2,No
California,Friday,1,No
California,Tuesday,1,No
California,Sunday,1,No
California,Monday,1,No
California,Wednesday,1,Yes
California,Saturday,1,No
California,Friday,1,No
California,Thursday,1,No
California,Thursday,1,No
California,Saturday,1,No
California,Saturday,1,No
California,Friday,1,Yes
California,Wednesday,1,No
California,Saturday,1,No
California,Saturday,1,No
California,Sunday,1,No
California,Friday,1,No
California,Thursday,1,No
California,Monday,1,No
California,Sunday,1,Yes
California,Wednesday,1,No
California,Sunday,1,Yes
California,Saturday,3,Yes
California,Wednesday,1,No
California,Tuesday,3,No
California,Tuesday,1,Yes
California,Tuesday,1,No
California,Wednesday,1,Yes
California,Sunday,1,No
California,Tuesday,1,No
California,Sunday,1,Yes
California,Monday,1,No
California,Wednesday,1,No
California,Thursday,1,No
California,Sunday,2,Yes
California,Tuesday,1,No
California,Saturday,1,No
California,Saturday,2,No
California,Saturday,1,No
California,Sunday,1,No
California,Tuesday,1,No
California,Sunday,1,Yes
California,Tuesday,1,No
California,Friday,1,No
California,Saturday,1,Yes
California,Saturday,1,Yes
California,Tuesday,3,Yes
California,Thursday,2,Yes
California,Sunday,1,Yes
California,Monday,1,Yes
California,Sunday,1,No
California,Thursday,1,No
California,Sunday,1,Yes
California,Thursday,1,No
California,Monday,2,No
California,Monday,1,Yes
California,Monday,1,No
California,Sunday,1,No
California,Monday,1,Yes
California,Monday,1,Yes
California,Friday,1,Yes
California,Sunday,1,Yes
California,Monday,1,Yes
California,Wednesday,1,No
California,Sunday,1,No
California,Monday,1,No
California,Wednesday,1,No
California,Friday,1,Yes
California,Thursday,1,No
California,Wednesday,1,No
California,Sunday,1,No
California,Friday,1,Yes
California,Wednesday,1,No
California,Sunday,1,No
California,Friday,1,No
California,Friday,1,No
California,Friday,1,Yes
California,Thursday,1,No
California,Tuesday,1,No
California,Monday,1,Yes
California,Tuesday,1,No
California,Saturday,1,No
California,Friday,1,No
California,Monday,1,No
California,Thursday,1,No
California,Saturday,1,Yes
California,Sunday,1,No
California,Wednesday,1,No
California,Sunday,1,No
California,Wednesday,1,No
California,Saturday,1,No
California,Thursday,1,No
California,Monday,1,No
California,Tuesday,1,No
California,Saturday,1,No
California,Saturday,1,Yes
California,Friday,1,No
California,Saturday,1,Yes
California,Sunday,1,No
California,Tuesday,1,No
California,Tuesday,1,No
California,Friday,1,No
California,Wednesday,1,No
California,Thursday,1,No
California,Saturday,1,No
California,Friday,1,No
California,Monday,1,No
California,Monday,1,No
California,Sunday,1,Yes
California,Friday,1,No
California,Thursday,1,No
California,Sunday,1,No
California,Friday,1,No
California,Saturday,2,No
California,Saturday,1,No
California,Monday,1,No
California,Sunday,1,No
California,Saturday,1,Yes
California,Saturday,1,No
California,Monday,1,No
California,Monday,1,No
California,Wednesday,1,No
California,Saturday,1,Yes
California,Sunday,1,No
California,Sunday,1,No
California,Saturday,1,No
California,Thursday,1,No
California,Monday,2,No
California,Friday,1,No
California,Monday,1,Yes
California,Saturday,1,No
California,Thursday,1,Yes
California,Wednesday,1,No
California,Tuesday,1,No
California,Wednesday,1,No
California,Wednesday,1,No
California,Sunday,1,No
California,Tuesday,1,No
California,Sunday,2,No
California,Monday,1,No
California,Monday,2,Yes
California,Tuesday,1,Yes
California,Friday,1,No
California,Friday,1,No
California,Thursday,1,Yes
California,Saturday,1,No
California,Tuesday,1,No
California,Monday,1,No
California,Saturday,1,Yes
California,Tuesday,1,No
California,Sunday,1,No
California,Thursday,1,No
California,Tuesday,1,No
California,Sunday,1,Yes
California,Tuesday,1,No
California,Saturday,1,No
California,Thursday,2,No
California,Sunday,1,Yes
California,Tuesday,1,Yes
California,Tuesday,1,No
California,Thursday,1,No
California,Friday,2,No
California,Friday,1,No
California,Wednesday,1,Yes
California,Saturday,1,Yes
California,Friday,1,No
California,Saturday,1,No
California,Monday,1,No
California,Saturday,1,Yes
California,Monday,1,No
California,Saturday,1,Yes
California,Sunday,1,Yes
California,Thursday,1,No
California,Monday,1,No
California,Sunday,1,Yes
California,Sunday,1,Yes
California,Sunday,1,No
California,Sunday,1,No
California,Saturday,1,No
California,Sunday,1,Yes
California,Sunday,1,No
California,Sunday,1,Yes
California,Friday,2,No
California,Saturday,1,Yes
California,Monday,1,No
California,Sunday,1,No
California,Tuesday,1,No
California,Sunday,2,No
California,Sunday,1,No
California,Friday,1,No
California,Friday,1,No
California,Thursday,1,No
California,Thursday,1,No
California,Tuesday,1,No
California,Sunday,1,Yes
California,Thursday,1,No
California,Tuesday,1,No
California,Thursday,1,No
California,Friday,1,No
California,Saturday,1,No
California,Tuesday,1,No
California,Thursday,1,No
California,Friday,1,No
California,Saturday,2,No
California,Friday,1,No
California,Monday,1,No
California,Saturday,1,No
California,Monday,2,No
California,Saturday,1,No
California,Monday,1,Yes
California,Saturday,1,No
California,Thursday,1,No
California,Saturday,2,No
California,Monday,1,No
California,Saturday,1,Yes
California,Monday,1,No
California,Tuesday,1,No
California,Saturday,1,No
California,Tuesday,1,No
California,Wednesday,1,No
California,Thursday,1,No
California,Thursday,1,Yes
California,Tuesday,1,No
California,Thursday,1,Yes
California,Friday,1,Yes
California,Saturday,1,No
California,Thursday,1,No
California,Monday,1,No
California,Tuesday,1,No
California,Saturday,1,No
California,Friday,1,No
California,Thursday,1,No
California,Friday,4,Yes
California,Wednesday,1,No
California,Wednesday,1,No
California,Thursday,1,No
California,Tuesday,1,Yes
California,Wednesday,1,No
California,Tuesday,1,Yes
California,Thursday,1,No
California,Sunday,1,Yes
California,Sunday,1,No
California,Sunday,1,Yes
California,Sunday,1,No
California,Monday,1,No
California,Friday,1,Yes
California,Wednesday,1,No
California,Sunday,1,No
California,Saturday,1,No
California,Tuesday,3,No
California,Thursday,1,No
California,Saturday,2,No
California,Saturday,1,Yes
California,Monday,1,No
California,Saturday,1,No
California,Saturday,1,No
California,Monday,1,No
California,Sunday,2,No
California,Saturday,1,No
California,Friday,1,No
California,Saturday,1,No
California,Saturday,1,Yes
California,Wednesday,1,Yes
California,Tuesday,1,Yes
California,Saturday,1,No
California,Saturday,1,No
California,Sunday,2,No
California,Sunday,1,No
California,Monday,1,No
California,Sunday,1,Yes
California,Friday,1,Yes
California,Friday,1,No
California,Monday,1,No
California,Wednesday,1,No
California,Saturday,1,Yes
California,Wednesday,1,No
California,Sunday,1,No
California,Sunday,3,Yes
California,Thursday,1,Yes
California,Monday,1,Yes
California,Saturday,1,No
California,Friday,1,No
California,Thursday,1,Yes
California,Friday,1,Yes
California,Saturday,1,Yes
California,Tuesday,1,No
California,Monday,1,No
California,Sunday,1,Yes
California,Sunday,1,Yes
California,Wednesday,1,Yes
California,Monday,1,Yes
California,Saturday,1,Yes
California,Sunday,1,Yes
California,Thursday,1,Yes
California,Wednesday,1,Yes
California,Wednesday,1,No
California,Friday,1,No
California,Friday,1,Yes
California,Wednesday,1,No
California,Friday,1,No
California,Saturday,1,No
California,Thursday,2,No
California,Friday,1,No
California,Friday,1,No
California,Wednesday,1,No
California,Sunday,1,Yes
California,Friday,1,No
California,Saturday,1,Yes
California,Tuesday,1,Yes
California,Wednesday,1,No
California,Tuesday,1,Yes
California,Thursday,1,No
California,Monday,1,No
California,Friday,1,Yes
California,Monday,1,Yes
California,Saturday,1,Yes
California,Thursday,1,No
California,Saturday,1,No
California,Wednesday,1,No
California,Sunday,1,No
California,Sunday,3,Yes
California,Thursday,1,No
California,Friday,1,No
California,Friday,1,No
California,Tuesday,1,No
California,Thursday,1,No
California,Friday,1,Yes
California,Thursday,1,No
California,Friday,1,No
California,Thursday,1,Yes
California,Wednesday,1,No
California,Sunday,1,No
California,Tuesday,1,Yes
California,Friday,1,No
California,Tuesday,1,No
California,Thursday,1,No
California,Saturday,1,No
California,Friday,1,No
California,Sunday,1,No
California,Saturday,1,No
California,Sunday,1,No
California,Monday,1,No
California,Sunday,1,No
California,Sunday,2,No
California,Sunday,1,Yes
California,Friday,2,No
California,Sunday,1,No
California,Friday,1,No
California,Tuesday,1,No
California,Tuesday,1,No
California,Friday,1,Yes
California,Tuesday,2,No
California,Sunday,1,No
California,Tuesday,2,No
California,Wednesday,1,No
California,Friday,1,No
California,Wednesday,2,No
California,Wednesday,1,No
California,Monday,1,Yes
California,Tuesday,1,Yes
California,Friday,1,No
California,Thursday,1,Yes
California,Monday,2,No
California,Sunday,1,No
California,Sunday,1,No
California,Thursday,1,Yes
California,Tuesday,1,Yes
California,Thursday,1,No
California,Sunday,1,Yes
California,Friday,1,Yes
California,Saturday,1,No
California,Saturday,1,Yes
California,Friday,1,Yes
California,Thursday,1,Yes
California,Saturday,1,Yes
California,Wednesday,1,Yes
California,Sunday,1,Yes
California,Saturday,1,No
California,Tuesday,1,No
California,Thursday,1,No
California,Sunday,1,Yes
California,Monday,1,No
California,Saturday,1,No
California,Saturday,2,No
California,Wednesday,1,No
California,Sunday,2,No
California,Wednesday,1,No
California,Thursday,1,No
California,Saturday,1,No
California,Thursday,2,No
California,Friday,1,No
California,Tuesday,1,No
California,Tuesday,1,No
California,Thursday,1,No
California,Wednesday,2,No
California,Tuesday,1,Yes
California,Friday,1,Yes
California,Saturday,1,No
California,Thursday,1,No
California,Saturday,1,No
California,Sunday,1,No
California,Sunday,1,Yes
California,Tuesday,1,No
California,Wednesday,1,Yes
California,Monday,1,No
California,Saturday,2,No
California,Saturday,1,No
California,Sunday,1,No
California,Monday,1,Yes
California,Wednesday,1,No
California,Thursday,1,No
California,Tuesday,1,No
California,Saturday,1,Yes
California,Wednesday,1,No
California,Sunday,1,No
California,Monday,1,Yes
California,Wednesday,2,No
California,Friday,1,No
California,Thursday,1,No
California,Friday,2,No
California,Monday,1,No
California,Sunday,1,No
California,Sunday,1,No
California,Saturday,1,No
California,Sunday,1,No
California,Saturday,1,No
California,Sunday,1,Yes
California,Sunday,2,Yes
California,Friday,1,No
California,Thursday,1,No
California,Sunday,1,No
California,Friday,1,No
California,Monday,1,No
California,Friday,2,Yes
California,Saturday,1,Yes
California,Saturday,1,No
California,Friday,1,No
California,Thursday,1,No
California,Wednesday,1,No
California,Thursday,1,Yes
California,Tuesday,1,No
California,Wednesday,1,No
California,Tuesday,1,Yes
California,Monday,1,No
California,Sunday,1,Yes
California,Wednesday,1,No
California,Saturday,1,No
California,Saturday,1,Yes
California,Saturday,1,Yes
California,Friday,1,No
California,Tuesday,1,Yes
California,Friday,1,No
California,Wednesday,1,No
California,Sunday,2,No
California,Monday,1,Yes
California,Monday,1,No
California,Tuesday,1,No
California,Thursday,1,Yes
California,Tuesday,1,Yes
California,Tuesday,1,No
California,Thursday,1,No
California,Monday,1,No
California,Monday,2,No
California,Thursday,1,No
California,Tuesday,1,No
California,Tuesday,2,No
California,Friday,1,Yes
California,Friday,1,No
California,Sunday,1,No
California,Sunday,1,Yes
California,Sunday,1,No
California,Friday,1,No
California,Sunday,1,No
California,Wednesday,1,No
California,Sunday,2,No
California,Thursday,1,No
California,Sunday,1,No
California,Sunday,2,Yes
California,Wednesday,1,Yes
California,Friday,1,No
California,Friday,2,No
California,Tuesday,1,No
California,Monday,1,No
California,Thursday,1,Yes
California,Tuesday,1,No
California,Sunday,1,Yes
California,Sunday,1,Yes
California,Wednesday,1,No
California,Friday,1,No
California,Monday,1,No
California,Friday,3,No
California,Tuesday,1,No
California,Friday,1,No
California,Sunday,1,No
California,Monday,1,No
California,Monday,1,No
California,Monday,1,No
California,Saturday,1,No
California,Sunday,1,No
California,Tuesday,1,No
California,Saturday,1,No
California,Wednesday,1,No
California,Saturday,1,Yes
California,Friday,1,No
California,Saturday,1,No
California,Sunday,1,No
California,Monday,1,No
California,Sunday,3,No
California,Tuesday,1,No
California,Friday,1,Yes
California,Tuesday,1,No
California,Thursday,1,No
California,Sunday,1,Yes
California,Saturday,1,No
California,Saturday,1,No
California,Saturday,1,No
California,Friday,1,No
California,Saturday,1,No
California,Tuesday,1,Yes
California,Friday,1,No
California,Tuesday,1,Yes
California,Saturday,1,Yes
California,Monday,1,No
California,Thursday,1,No
California,Thursday,1,No
California,Tuesday,1,No
California,Saturday,1,No
California,Saturday,1,Yes
California,Sunday,1,Yes
California,Sunday,1,Yes
California,Wednesday,1,Yes
California,Friday,1,Yes
California,Monday,1,Yes
California,Thursday,1,No
California,Saturday,1,No
California,Tuesday,1,No
California,Friday,1,No
California,Saturday,1,No
California,Friday,1,No
California,Tuesday,1,No
California,Tuesday,1,No
California,Friday,1,No
California,Wednesday,1,Yes
California,Sunday,1,Yes
California,Wednesday,1,No
California,Monday,1,No
California,Saturday,1,No
California,Sunday,1,Yes
California,Wednesday,1,No
California,Friday,1,No
California,Thursday,1,No
California,Friday,1,No
California,Thursday,1,Yes
California,Sunday,1,No
California,Tuesday,1,No
California,Monday,1,No
California,Thursday,1,No
California,Saturday,1,Yes
California,Monday,1,Yes
California,Saturday,1,No
California,Monday,1,Yes
California,Tuesday,1,No
California,Sunday,1,No
California,Tuesday,1,No
California,Monday,1,No
California,Sunday,1,No
California,Sunday,1,Yes
California,Tuesday,1,No
California,Sunday,1,Yes
California,Friday,1,No
California,Wednesday,1,Yes
California,Friday,1,No
California,Tuesday,1,No
California,Thursday,1,No
California,Tuesday,1,No
California,Sunday,1,No
California,Thursday,1,Yes
California,Thursday,3,No
California,Monday,1,No
California,Sunday,2,No
California,Thursday,1,No
California,Saturday,1,No
California,Friday,1,No
California,Friday,1,No
California,Thursday,1,No
California,Sunday,2,No
California,Tuesday,1,Yes
California,Tuesday,1,No
California,Wednesday,1,No
California,Thursday,1,No
California,Friday,1,Yes
California,Wednesday,1,No
California,Monday,1,No
California,Monday,1,No
California,Tuesday,2,Yes
California,Sunday,1,Yes
California,Friday,1,No
California,Sunday,1,No
California,Saturday,1,No
California,Tuesday,4,No
California,Saturday,1,No
California,Thursday,1,No
California,Sunday,1,No
California,Monday,1,Yes
California,Monday,1,No
California,Wednesday,2,No
California,Saturday,1,No
California,Saturday,1,Yes
California,Tuesday,1,No
California,Saturday,1,No
California,Saturday,1,Yes
California,Saturday,1,Yes
California,Sunday,1,Yes
California,Sunday,1,No
California,Saturday,1,No
California,Tuesday,1,No
California,Monday,1,No
California,Monday,1,No
California,Monday,1,No
California,Thursday,1,No
California,Tuesday,1,Yes
California,Sunday,1,No
California,Tuesday,1,No
California,Monday,1,No
California,Saturday,1,Yes
California,Thursday,1,No
California,Sunday,2,Yes
California,Saturday,1,No
California,Tuesday,1,No
California,Friday,1,No
California,Monday,1,Yes
California,Monday,1,No
California,Monday,1,No
California,Saturday,1,Yes
California,Sunday,1,Yes
California,Monday,1,Yes
California,Monday,1,No
California,Thursday,1,No
California,Wednesday,1,No
California,Friday,2,No
California,Sunday,5,Yes
California,Saturday,1,No
California,Friday,2,Yes
California,Friday,1,No
California,Friday,1,No
California,Saturday,1,Yes
California,Friday,1,No
California,Wednesday,1,Yes
California,Monday,1,No
California,Tuesday,2,No
California,Tuesday,1,Yes
California,Tuesday,1,Yes
California,Sunday,1,No
California,Saturday,1,Yes
California,Saturday,1,No
California,Saturday,1,Yes
California,Wednesday,1,No
California,Sunday,1,Yes
California,Sunday,1,No
California,Saturday,1,No
California,Friday,1,No
California,Monday,1,No
California,Friday,1,Yes
California,Tuesday,1,No
California,Friday,1,No
California,Tuesday,1,No
California,Friday,2,No
California,Sunday,1,No
California,Sunday,1,Yes
California,Sunday,1,No
California,Tuesday,1,No
California,Tuesday,1,No
California,Thursday,1,No
California,Friday,1,No
California,Tuesday,1,No
California,Friday,1,No
California,Sunday,1,Yes
California,Thursday,1,No
California,Friday,1,No
California,Saturday,1,No
California,Saturday,1,No
California,Sunday,1,No
California,Sunday,1,No
California,Thursday,2,Yes
California,Sunday,1,No
California,Thursday,1,Yes
California,Thursday,2,Yes
California,Tuesday,2,No
California,Monday,1,Yes
California,Wednesday,1,Yes
California,Wednesday,1,No
California,Tuesday,1,No
California,Thursday,1,Yes
California,Friday,1,No
California,Monday,1,Yes
California,Wednesday,1,No
California,Saturday,1,No
California,Saturday,1,No
California,Thursday,1,No
California,Monday,1,No
California,Saturday,1,Yes
California,Saturday,1,Yes
California,Thursday,1,No
California,Wednesday,1,No
California,Monday,1,No
California,Monday,1,Yes
California,Tuesday,1,Yes
California,Saturday,1,No
California,Tuesday,1,No
California,Tuesday,1,No
California,Friday,1,No
California,Thursday,1,No
California,Wednesday,1,No
California,Sunday,2,Yes
California,Saturday,1,No
California,Saturday,1,Yes
California,Sunday,1,No
California,Thursday,1,No
California,Tuesday,1,No
California,Friday,1,No
California,Wednesday,2,No
California,Sunday,1,No
California,Friday,2,Yes
California,Friday,1,Yes
California,Friday,2,No
California,Saturday,1,No
California,Friday,1,No
California,Wednesday,1,No
California,Monday,1,No
California,Monday,1,No
California,Sunday,1,No
California,Saturday,1,No
California,Monday,1,Yes
California,Friday,1,No
California,Wednesday,1,No
California,Friday,1,No
California,Sunday,1,No
California,Saturday,1,No
California,Wednesday,1,No
California,Saturday,1,No
California,Tuesday,1,No
California,Tuesday,1,No
California,Wednesday,1,Yes
California,Saturday,1,Yes
California,Thursday,1,No
California,Saturday,2,No
California,Sunday,1,Yes
California,Friday,1,No
California,Thursday,1,No
California,Thursday,1,No
California,Sunday,1,No
California,Friday,1,No
California,Wednesday,1,No
California,Monday,1,No
California,Wednesday,1,No
California,Sunday,1,No
California,Thursday,1,No
California,Wednesday,1,No
California,Tuesday,1,No
California,Saturday,1,Yes
California,Tuesday,1,No
California,Friday,1,No
California,Wednesday,1,No
California,Wednesday,1,No
California,Thursday,1,No
California,Thursday,1,Yes
California,Wednesday,1,No
California,Saturday,1,No
California,Friday,1,No
California,Friday,1,No
California,Monday,1,No
California,Monday,1,No
California,Wednesday,2,No
California,Friday,1,No
California,Thursday,1,No
California,Friday,1,No
California,Sunday,1,Yes
California,Saturday,1,No
California,Tuesday,1,No
California,Sunday,1,No
California,Saturday,1,No
California,Saturday,1,No
California,Sunday,2,Yes
California,Friday,1,No
California,Monday,1,No
California,Sunday,1,No
California,Tuesday,1,No
California,Sunday,1,Yes
California,Friday,2,Yes
California,Sunday,2,Yes
California,Tuesday,3,No
California,Saturday,1,No
California,Friday,1,No
California,Sunday,1,No
California,Monday,1,No
California,Thursday,2,No
California,Friday,1,No
California,Saturday,2,No
California,Monday,1,No
California,Saturday,1,No
California,Wednesday,1,No
California,Monday,1,No
California,Monday,1,No
California,Sunday,1,Yes
California,Wednesday,1,No
California,Saturday,1,No
California,Tuesday,1,No
California,Friday,1,Yes
California,Saturday,1,No
California,Saturday,1,Yes
California,Friday,1,No
California,Sunday,1,No
California,Friday,1,No
California,Thursday,1,No
California,Saturday,1,No
California,Tuesday,1,Yes
California,Friday,1,No
California,Sunday,1,No
California,Thursday,1,No
California,Friday,1,No
California,Wednesday,1,No
California,Wednesday,1,Yes
California,Monday,1,No
California,Thursday,1,No
California,Wednesday,2,No
California,Sunday,1,No
California,Thursday,1,Yes
California,Friday,1,No
California,Monday,1,No
California,Saturday,1,No
California,Monday,2,No
California,Sunday,1,No
California,Wednesday,1,Yes
California,Saturday,1,Yes
California,Monday,1,Yes
California,Wednesday,1,No
California,Saturday,1,Yes
California,Saturday,2,Yes
California,Friday,1,No
California,Monday,1,Yes
California,Sunday,1,No
California,Friday,1,No
California,Friday,1,No
California,Monday,1,Yes
California,Wednesday,1,No
California,Wednesday,1,No
California,Monday,1,Yes
California,Thursday,1,No
California,Friday,1,No
California,Tuesday,1,No
California,Sunday,1,No
California,Saturday,1,No
California,Thursday,1,No
California,Tuesday,1,No
California,Sunday,1,No
California,Sunday,1,No
California,Monday,1,No
California,Saturday,1,Yes
California,Sunday,1,Yes
California,Saturday,1,No
California,Sunday,1,Yes
California,Tuesday,1,No
California,Saturday,1,No
California,Friday,1,Yes
California,Sunday,1,Yes
California,Saturday,1,Yes
California,Friday,1,No
California,Friday,1,No
California,Monday,1,No
California,Friday,1,No
California,Sunday,1,No
California,Sunday,1,No
California,Tuesday,1,No
California,Sunday,1,Yes
California,Monday,1,No
California,Thursday,1,No
California,Sunday,1,Yes
California,Sunday,1,No
California,Sunday,1,No
California,Thursday,1,No
California,Friday,1,No
California,Tuesday,1,Yes
California,Thursday,1,No
California,Wednesday,1,No
California,Saturday,1,No
California,Tuesday,1,No
California,Thursday,1,No
California,Thursday,1,No
California,Wednesday,1,Yes
California,Sunday,1,No
California,Tuesday,1,No
California,Saturday,1,No
California,Sunday,1,No
California,Friday,1,Yes
California,Wednesday,1,Yes
California,Monday,1,No
California,Thursday,1,Yes
California,Wednesday,1,No
California,Saturday,1,No
California,Saturday,1,No
California,Monday,1,No
California,Friday,1,Yes
California,Friday,1,No
California,Sunday,1,Yes
California,Thursday,1,No
California,Friday,1,No
California,Sunday,1,Yes
California,Thursday,1,No
California,Friday,1,No
California,Monday,1,No
California,Wednesday,1,No
California,Sunday,1,No
California,Sunday,1,No
California,Tuesday,1,No
California,Sunday,1,No
California,Tuesday,1,No
California,Thursday,1,No
California,Saturday,1,Yes
California,Friday,1,No
California,Monday,1,Yes
California,Monday,1,No
California,Thursday,1,No
California,Friday,1,No
California,Thursday,1,No
California,Sunday,3,Yes
California,Sunday,1,Yes
California,Monday,1,Yes
California,Friday,1,No
California,Tuesday,2,No
California,Thursday,1,No
California,Friday,1,Yes
California,Thursday,1,No
California,Sunday,1,No
California,Sunday,1,No
California,Wednesday,1,No
California,Monday,1,No
California,Friday,1,No
California,Monday,1,Yes
California,Friday,1,No
California,Monday,1,No
California,Wednesday,1,No
California,Friday,1,No
California,Sunday,1,No
California,Thursday,1,No
California,Saturday,1,Yes
California,Friday,1,No
California,Thursday,1,No
California,Sunday,2,No
California,Monday,1,No
California,Friday,1,No
California,Sunday,2,No
California,Tuesday,1,No
California,Monday,1,No
California,Friday,1,Yes
California,Tuesday,1,No
California,Monday,1,Yes
California,Friday,3,No
California,Saturday,1,Yes
California,Sunday,1,Yes
California,Tuesday,1,No
California,Saturday,1,No
California,Friday,1,No
California,Sunday,1,No
California,Wednesday,1,No
California,Saturday,1,No
California,Tuesday,1,No
California,Tuesday,1,No
California,Thursday,1,No
California,Friday,1,Yes
California,Sunday,1,No
California,Monday,1,No
California,Friday,1,No
California,Saturday,1,No
California,Sunday,1,No
California,Friday,1,No
California,Friday,1,No
California,Wednesday,1,Yes
California,Thursday,1,No
California,Tuesday,2,No
California,Thursday,1,No
California,Friday,1,No
California,Wednesday,1,No
California,Tuesday,1,No
California,Sunday,1,No
California,Saturday,1,No
California,Saturday,1,No
California,Monday,1,No
California,Monday,1,No
California,Saturday,1,No
California,Saturday,1,No
California,Friday,1,Yes
California,Saturday,1,No
California,Tuesday,1,No
California,Thursday,1,No
California,Saturday,1,No
California,Tuesday,1,No
California,Saturday,1,No
California,Saturday,1,No
California,Wednesday,1,No
California,Friday,1,Yes
California,Monday,1,No
California,Saturday,1,No
California,Tuesday,2,No
California,Tuesday,1,Yes
California,Monday,1,No
California,Friday,1,No
California,Thursday,1,No
California,Sunday,1,Yes
California,Friday,1,No
California,Monday,1,No
California,Saturday,1,Yes
California,Wednesday,1,No
California,Sunday,1,Yes
California,Sunday,1,No
California,Wednesday,1,No
California,Saturday,2,No
California,Friday,1,No
California,Tuesday,1,No
California,Tuesday,1,No
California,Saturday,1,Yes
California,Sunday,1,No
California,Monday,1,Yes
California,Sunday,1,No
California,Wednesday,1,No
California,Sunday,1,No
California,Friday,1,No
California,Sunday,1,No
California,Monday,1,Yes
California,Tuesday,1,Yes
California,Tuesday,1,Yes
California,Sunday,1,No
California,Friday,1,Yes
California,Saturday,1,Yes
California,Saturday,1,No
California,Thursday,1,No
California,Saturday,1,No
California,Wednesday,1,No
California,Tuesday,1,No
California,Friday,1,No
California,Saturday,1,No
California,Thursday,1,No
California,Tuesday,1,No
California,Wednesday,1,No
California,Wednesday,1,No
California,Wednesday,1,No
California,Thursday,1,No
California,Wednesday,1,No
California,Friday,1,No
California,Tuesday,1,No
California,Friday,1,No
California,Sunday,1,Yes
California,Sunday,1,No
California,Wednesday,1,No
California,Wednesday,2,No
California,Tuesday,1,No
California,Saturday,1,No
California,Saturday,1,No
California,Friday,1,Yes
California,Sunday,1,Yes
California,Sunday,1,No
California,Friday,1,No
California,Thursday,1,No
California,Saturday,1,Yes
California,Saturday,2,No
California,Friday,1,No
California,Tuesday,1,No
California,Sunday,1,No
California,Tuesday,1,No
California,Monday,1,Yes
California,Sunday,1,No
California,Friday,1,No
California,Wednesday,1,No
California,Friday,1,No
California,Sunday,1,Yes
California,Saturday,1,No
California,Friday,1,No
California,Wednesday,1,No
California,Saturday,2,Yes
California,Monday,1,Yes
California,Thursday,1,No
California,Wednesday,1,No
California,Wednesday,1,No
California,Thursday,1,No
California,Monday,1,No
California,Monday,1,Yes
California,Saturday,1,No
California,Tuesday,1,No
California,Monday,1,No
California,Thursday,1,No
California,Friday,1,No
California,Friday,2,No
California,Monday,1,No
California,Friday,1,No
California,Wednesday,1,No
California,Friday,1,Yes
California,Monday,1,No
California,Thursday,1,No
California,Monday,1,No
California,Wednesday,1,No
California,Thursday,1,Yes
California,Sunday,1,No
California,Thursday,1,No
California,Friday,1,No
California,Thursday,1,No
California,Monday,1,No
California,Sunday,1,No
California,Tuesday,2,No
California,Wednesday,1,No
California,Saturday,1,No
California,Sunday,1,No
California,Monday,1,No
California,Saturday,1,No
California,Tuesday,1,Yes
California,Thursday,1,No
California,Thursday,1,Yes
California,Thursday,1,Yes
California,Friday,1,No
California,Tuesday,1,No
California,Monday,1,Yes
California,Wednesday,1,No
California,Sunday,1,No
California,Monday,1,No
California,Friday,1,No
California,Thursday,1,No
California,Sunday,1,Yes
California,Wednesday,1,No
California,Monday,1,No
California,Sunday,1,No
California,Sunday,1,No
California,Monday,1,No
California,Wednesday,1,No
California,Sunday,1,No
California,Monday,1,No
California,Friday,1,No
California,Saturday,1,Yes
California,Monday,1,No
California,Thursday,1,No
California,Tuesday,1,No
California,Monday,1,No
California,Tuesday,1,No
California,Friday,1,No
California,Tuesday,1,No
California,Saturday,1,No
California,Sunday,1,No
California,Friday,1,No
California,Sunday,1,No
California,Monday,1,No
California,Tuesday,1,No
California,Friday,1,No
California,Thursday,1,No
California,Sunday,1,No
California,Tuesday,1,Yes
California,Friday,1,No
California,Sunday,1,Yes
California,Sunday,2,Yes
California,Saturday,1,No
California,Friday,1,No
California,Sunday,1,No
California,Tuesday,1,No
California,Wednesday,1,No
California,Wednesday,1,No
California,Tuesday,1,No
California,Tuesday,1,No
California,Monday,2,No
California,Wednesday,1,No
California,Thursday,1,No
California,Saturday,1,Yes
California,Friday,1,No
California,Sunday,1,No
California,Saturday,1,Yes
California,Sunday,1,No
California,Saturday,1,Yes
California,Saturday,1,Yes
California,Wednesday,1,No
California,Saturday,1,No
California,Tuesday,1,Yes
California,Saturday,1,No
California,Monday,1,No
California,Thursday,1,No
California,Friday,1,No
California,Sunday,1,Yes
California,Tuesday,1,Yes
California,Friday,1,No
California,Thursday,1,No
California,Monday,1,Yes
California,Friday,1,No
California,Tuesday,1,No
California,Tuesday,1,No
California,Wednesday,1,No
California,Friday,1,No
California,Sunday,1,No
California,Sunday,1,No
California,Saturday,1,Yes
California,Monday,1,No
California,Thursday,1,No
California,Saturday,1,Yes
California,Sunday,1,Yes
California,Sunday,1,No
California,Tuesday,1,No
California,Thursday,1,No
California,Thursday,1,No
California,Wednesday,1,No
California,Friday,1,No
California,Saturday,1,Yes
California,Monday,1,No
California,Saturday,1,No
California,Monday,1,Yes
California,Thursday,1,No
California,Sunday,1,No
California,Tuesday,1,Yes
California,Thursday,1,No
California,Friday,1,No
California,Saturday,1,Yes
California,Monday,1,No
California,Saturday,1,Yes
California,Thursday,1,No
California,Thursday,1,No
California,Thursday,1,No
California,Saturday,1,Yes
California,Tuesday,1,No
California,Sunday,1,Yes
California,Thursday,1,Yes
California,Friday,1,No
California,Friday,1,No
California,Tuesday,1,No
California,Saturday,1,Yes
California,Saturday,1,No
California,Friday,1,No
California,Sunday,1,No
California,Tuesday,1,No
California,Monday,1,Yes
California,Monday,1,No
California,Tuesday,1,No
California,Wednesday,1,No
California,Tuesday,2,No
California,Thursday,1,No
California,Monday,1,No
California,Friday,1,Yes
California,Tuesday,1,No
California,Tuesday,1,Yes
California,Saturday,1,Yes
California,Sunday,1,Yes
California,Sunday,1,Yes
California,Tuesday,1,No
California,Sunday,1,No
California,Saturday,1,No
California,Saturday,2,Yes
California,Thursday,1,No
California,Friday,1,No
California,Wednesday,1,No
California,Monday,1,No
California,Sunday,1,No
California,Saturday,1,No
California,Monday,1,No
California,Sunday,1,No
California,Monday,1,No
California,Sunday,1,No
California,Monday,1,Yes
California,Tuesday,1,No
California,Sunday,2,No
California,Wednesday,1,No
California,Thursday,1,Yes
California,Thursday,1,No
California,Sunday,1,No
California,Wednesday,1,No
California,Saturday,1,No
California,Saturday,1,No
California,Sunday,2,No
California,Saturday,1,No
California,Saturday,5,No
California,Monday,1,No
California,Tuesday,1,No
California,Saturday,2,Yes
California,Sunday,1,Yes
California,Saturday,1,No
California,Monday,1,No
California,Wednesday,1,Yes
California,Wednesday,1,No
California,Monday,1,No
California,Sunday,1,No
California,Friday,1,No
California,Sunday,1,Yes
California,Monday,1,Yes
California,Saturday,1,Yes
California,Monday,1,No
California,Friday,1,No
California,Wednesday,1,Yes
California,Tuesday,1,No
California,Friday,1,No
California,Tuesday,1,No
California,Saturday,1,No
California,Saturday,1,No
California,Thursday,1,Yes
California,Friday,1,No
California,Tuesday,1,No
California,Thursday,1,No
California,Tuesday,1,No
California,Saturday,1,No
California,Saturday,2,No
California,Wednesday,1,No
California,Sunday,2,No
California,Thursday,1,No
California,Saturday,1,No
California,Sunday,2,Yes
California,Monday,2,No
California,Saturday,1,No
California,Thursday,1,No
California,Sunday,1,Yes
California,Friday,1,No
California,Thursday,1,No
California,Tuesday,1,Yes
California,Saturday,1,No
California,Friday,1,No
California,Sunday,1,Yes
California,Friday,1,No
California,Wednesday,1,No
California,Friday,2,No
California,Monday,2,Yes
California,Friday,1,No
California,Sunday,1,No
California,Saturday,1,No
California,Friday,1,Yes
California,Sunday,1,No
California,Thursday,1,No
California,Friday,1,No
California,Monday,1,No
California,Sunday,1,No
California,Wednesday,1,No
California,Saturday,1,No
California,Monday,1,No
California,Friday,1,No
California,Monday,1,No
California,Tuesday,1,No
California,Monday,1,No
California,Monday,1,No
California,Thursday,1,Yes
California,Tuesday,2,Yes
California,Friday,1,No
California,Thursday,1,No
California,Sunday,1,No
California,Monday,1,Yes
California,Wednesday,1,No
California,Wednesday,1,No
California,Tuesday,1,No
California,Monday,1,No
California,Sunday,1,No
California,Friday,1,No
California,Friday,1,No
California,Sunday,1,No
California,Friday,2,Yes
California,Friday,2,No
California,Friday,1,No
California,Sunday,1,No
California,Sunday,1,No
California,Wednesday,1,No
California,Saturday,2,Yes
California,Saturday,2,Yes
California,Friday,1,No
California,Saturday,1,No
California,Monday,2,No
California,Friday,1,No
California,Monday,1,No
California,Tuesday,1,No
California,Monday,1,No
California,Monday,1,No
California,Thursday,1,No
California,Saturday,1,No
California,Friday,1,No
California,Sunday,1,No
California,Monday,1,No
California,Thursday,1,No
California,Thursday,1,Yes
California,Monday,1,No
California,Monday,1,No
California,Saturday,1,Yes
California,Saturday,1,No
California,Sunday,1,No
California,Sunday,1,No
California,Monday,1,No
California,Tuesday,1,Yes
California,Monday,1,No
California,Thursday,3,Yes
California,Sunday,1,No
California,Tuesday,1,No
California,Tuesday,1,No
California,Tuesday,1,No
California,Monday,1,No
California,Monday,1,No
California,Monday,1,No
California,Monday,1,No
California,Thursday,1,No
California,Wednesday,1,No
California,Friday,1,No
California,Tuesday,1,No
California,Sunday,1,No
California,Monday,2,No
California,Tuesday,1,No
California,Tuesday,1,No
California,Wednesday,1,No
California,Sunday,1,No
California,Monday,1,No
California,Thursday,1,No
California,Saturday,1,No
California,Monday,1,Yes
California,Monday,1,No
California,Saturday,1,No
California,Tuesday,1,No
California,Tuesday,1,No
California,Saturday,1,No
California,Tuesday,1,No
California,Tuesday,1,No
California,Tuesday,1,No
California,Thursday,1,No
California,Friday,1,No
California,Monday,1,No
California,Friday,1,No
California,Monday,1,No
California,Saturday,1,No
California,Sunday,1,Yes
California,Monday,1,Yes
California,Monday,1,No
California,Sunday,1,Yes
California,Saturday,1,No
California,Monday,1,Yes
California,Monday,1,No
California,Tuesday,1,No
California,Thursday,1,No
California,Thursday,1,No
California,Friday,1,No
California,Friday,2,No
California,Tuesday,1,No
California,Wednesday,1,No
California,Thursday,1,No
California,Tuesday,1,No
California,Monday,1,Yes
California,Saturday,1,Yes
California,Sunday,1,Yes
California,Tuesday,1,No
California,Tuesday,1,No
California,Thursday,1,No
California,Monday,1,No
California,Wednesday,1,No
California,Thursday,1,No
California,Friday,1,No
California,Saturday,1,No
California,Wednesday,1,No
California,Saturday,1,Yes
California,Tuesday,1,No
California,Sunday,1,No
California,Monday,1,No
California,Wednesday,1,No
California,Tuesday,1,No
California,Thursday,1,No
California,Tuesday,1,No
California,Friday,1,No
California,Saturday,1,No
California,Saturday,1,No
California,Friday,1,No
California,Monday,1,No
California,Wednesday,1,No
California,Monday,1,No
California,Saturday,1,No
California,Tuesday,1,No
California,Wednesday,1,No
California,Friday,1,Yes
California,Sunday,1,No
California,Thursday,1,No
California,Sunday,1,No
California,Wednesday,1,No
California,Tuesday,1,No
California,Sunday,1,No
California,Thursday,1,No
California,Sunday,1,No
California,Saturday,1,No
California,Monday,1,No
California,Monday,1,Yes
California,Saturday,1,Yes
California,Tuesday,1,Yes
California,Sunday,1,No
California,Friday,1,No
California,Friday,1,Yes
California,Thursday,1,Yes
California,Saturday,1,No
California,Sunday,1,No
California,Wednesday,1,No
California,Wednesday,1,Yes
California,Sunday,1,No
California,Saturday,1,No
California,Saturday,1,No
California,Saturday,1,No
California,Saturday,2,No
California,Sunday,3,Yes
California,Friday,1,No
California,Monday,1,No
California,Friday,1,No
California,Saturday,1,No
California,Sunday,1,No
California,Thursday,1,No
California,Tuesday,1,No
California,Sunday,1,No
California,Sunday,1,Yes
California,Sunday,1,Yes
California,Sunday,1,Yes
California,Monday,1,No
California,Friday,1,No
California,Friday,1,No
California,Thursday,1,No
California,Saturday,1,No
California,Monday,1,No
California,Thursday,1,Yes
California,Wednesday,1,Yes
California,Sunday,1,Yes
California,Wednesday,1,No
California,Wednesday,1,Yes
California,Sunday,1,No
California,Wednesday,1,No
California,Friday,1,No
California,Monday,1,No
California,Wednesday,1,No
California,Saturday,1,No
California,Wednesday,1,No
California,Monday,1,Yes
California,Friday,1,No
California,Sunday,1,No
California,Monday,1,No
California,Sunday,1,No
California,Saturday,1,No
California,Thursday,1,No
California,Wednesday,1,No
California,Saturday,1,No
California,Friday,1,Yes
California,Tuesday,1,No
California,Friday,1,Yes
California,Friday,1,Yes
California,Friday,1,No
California,Sunday,1,No
California,Thursday,1,No
California,Friday,1,No
California,Saturday,1,No
California,Wednesday,1,No
California,Monday,1,No
California,Thursday,1,Yes
California,Friday,1,No
California,Saturday,1,No
California,Saturday,1,No
California,Monday,1,No
California,Tuesday,1,No
California,Sunday,1,No
California,Thursday,1,Yes
California,Sunday,1,Yes
California,Monday,1,No
California,Tuesday,1,No
California,Tuesday,1,No
California,Thursday,1,No
California,Sunday,1,Yes
California,Wednesday,1,No
California,Monday,1,No
California,Tuesday,1,No
California,Sunday,1,No
California,Tuesday,1,No
California,Friday,1,Yes
California,Thursday,1,No
California,Thursday,1,Yes
California,Monday,1,No
California,Friday,2,Yes
California,Monday,1,No
California,Friday,1,No
California,Monday,1,Yes
California,Wednesday,1,No
California,Friday,1,No
California,Tuesday,1,No
California,Thursday,1,Yes
California,Wednesday,1,No
California,Friday,1,Yes
California,Friday,1,No
California,Saturday,1,No
California,Thursday,1,No
California,Saturday,1,No
California,Saturday,1,No
California,Tuesday,1,Yes
California,Tuesday,1,No
California,Sunday,1,No
California,Sunday,1,Yes
California,Saturday,1,No
California,Friday,1,No
California,Thursday,1,Yes
California,Saturday,1,No
California,Sunday,1,No
California,Friday,1,No
California,Thursday,1,No
California,Saturday,1,Yes
California,Saturday,1,Yes
California,Sunday,1,No
California,Thursday,1,Yes
California,Thursday,1,Yes
California,Tuesday,1,Yes
California,Sunday,1,No
California,Friday,1,No
California,Friday,1,No
California,Wednesday,1,No
California,Monday,1,No
California,Sunday,1,No
California,Saturday,1,No
California,Tuesday,1,Yes
California,Saturday,1,No
California,Sunday,1,Yes
California,Saturday,1,Yes
California,Thursday,1,No
California,Sunday,1,Yes
California,Tuesday,1,No
California,Tuesday,1,No
California,Sunday,1,Yes
California,Sunday,1,Yes
California,Thursday,1,No
California,Thursday,1,No
California,Sunday,1,Yes
California,Saturday,1,No
California,Saturday,1,Yes
California,Sunday,1,No
California,Wednesday,1,No
California,Sunday,1,Yes
California,Friday,1,Yes
California,Sunday,1,No
California,Wednesday,1,No
California,Wednesday,1,No
California,Thursday,1,No
California,Wednesday,1,No
California,Saturday,1,Yes
California,Sunday,1,No
California,Wednesday,1,Yes
California,Wednesday,1,No
California,Thursday,1,Yes
California,Friday,1,Yes
California,Sunday,1,Yes
California,Saturday,1,No
California,Monday,1,No
California,Wednesday,1,No
California,Wednesday,1,No
California,Friday,1,Yes
California,Wednesday,1,No
California,Wednesday,1,No
California,Saturday,1,No
California,Monday,1,No
California,Wednesday,1,No
California,Wednesday,1,No
California,Sunday,1,Yes
California,Monday,1,No
California,Saturday,1,Yes
California,Tuesday,2,No
California,Saturday,1,No
California,Thursday,1,No
California,Thursday,1,No
California,Thursday,1,No
California,Thursday,1,No
California,Sunday,1,No
California,Thursday,1,No
California,Wednesday,1,Yes
California,Sunday,1,No
California,Thursday,1,No
California,Friday,1,No
California,Monday,2,No
California,Friday,1,No
California,Saturday,1,Yes
California,Friday,1,No
California,Tuesday,1,No
California,Sunday,1,Yes
California,Tuesday,1,Yes
California,Saturday,1,No
California,Wednesday,1,No
California,Sunday,1,Yes
California,Sunday,1,No
California,Wednesday,1,No
California,Thursday,1,No
California,Saturday,1,No
California,Sunday,1,Yes
California,Monday,1,Yes
California,Thursday,1,No
California,Friday,2,No
California,Thursday,1,No
California,Monday,1,No
California,Tuesday,1,No
California,Monday,1,No
California,Tuesday,1,No
California,Wednesday,1,No
California,Monday,1,Yes
California,Thursday,1,No
California,Saturday,1,Yes
California,Tuesday,1,No
California,Wednesday,1,No
California,Tuesday,1,No
California,Tuesday,2,Yes
California,Wednesday,1,No
California,Wednesday,1,Yes
California,Wednesday,1,No
California,Saturday,1,No
California,Wednesday,1,Yes
California,Monday,1,No
California,Monday,1,No
California,Friday,1,No
California,Friday,1,No
California,Thursday,1,No
California,Friday,1,No
California,Friday,1,No
California,Saturday,2,No
California,Sunday,1,No
California,Thursday,1,No
California,Friday,1,No
California,Thursday,1,Yes
California,Sunday,1,No
California,Wednesday,1,Yes
California,Monday,1,Yes
California,Saturday,1,No
California,Sunday,1,No
California,Thursday,1,No
California,Wednesday,1,No
California,Tuesday,1,No
California,Sunday,1,No
California,Thursday,3,No
California,Sunday,1,Yes
California,Wednesday,2,Yes
California,Sunday,1,No
California,Wednesday,1,No
California,Thursday,1,No
California,Friday,1,No
California,Friday,1,No
California,Friday,1,No
California,Friday,1,No
California,Wednesday,1,Yes
California,Saturday,1,No
California,Tuesday,1,No
California,Tuesday,1,No
California,Tuesday,1,No
California,Sunday,1,No
California,Saturday,1,No
California,Tuesday,2,Yes
California,Sunday,1,Yes
California,Thursday,4,No
California,Saturday,1,No
California,Friday,1,No
California,Tuesday,1,No
California,Thursday,1,No
California,Sunday,1,Yes
California,Thursday,1,No
California,Saturday,1,No
California,Thursday,1,No
California,Thursday,1,No
California,Friday,2,No
California,Monday,2,No
California,Sunday,1,No
California,Saturday,1,No
California,Monday,1,No
California,Friday,1,No
California,Thursday,2,Yes
California,Monday,1,No
California,Thursday,1,No
California,Friday,1,No
California,Saturday,1,No
California,Sunday,1,No
California,Friday,1,No
California,Tuesday,1,No
California,Friday,1,No
California,Thursday,1,No
California,Tuesday,1,No
California,Saturday,1,No
California,Friday,1,No
California,Monday,1,No
California,Tuesday,3,No
California,Sunday,1,No
California,Friday,1,Yes
California,Tuesday,1,No
California,Sunday,1,Yes
California,Saturday,1,No
California,Saturday,1,No
California,Sunday,1,Yes
California,Thursday,1,No
California,Wednesday,1,No
California,Tuesday,2,Yes
California,Sunday,1,No
California,Tuesday,1,No
California,Friday,1,Yes
California,Wednesday,1,No
California,Monday,1,Yes
California,Friday,1,No
California,Thursday,1,No
California,Saturday,1,Yes
California,Friday,1,No
California,Tuesday,1,No
California,Tuesday,1,No
California,Thursday,1,No
California,Monday,1,No
California,Thursday,1,Yes
California,Saturday,1,Yes
California,Monday,1,No
California,Wednesday,1,No
California,Wednesday,1,No
California,Sunday,1,No
California,Saturday,1,No
California,Thursday,2,Yes
California,Monday,1,No
California,Saturday,2,No
California,Monday,2,No
California,Tuesday,2,No
California,Sunday,1,Yes
California,Wednesday,1,Yes
California,Saturday,1,No
California,Tuesday,1,No
California,Sunday,1,Yes
California,Friday,1,No
California,Saturday,1,No
California,Thursday,1,No
California,Friday,1,No
California,Wednesday,3,No
California,Saturday,1,No
California,Sunday,1,Yes
California,Monday,1,Yes
California,Thursday,1,No
California,Friday,1,No
California,Sunday,1,Yes
California,Monday,1,No
California,Sunday,1,Yes
California,Wednesday,1,Yes
California,Thursday,1,No
California,Tuesday,1,No
California,Saturday,1,No
California,Monday,1,Yes
California,Monday,1,Yes
California,Saturday,1,No
California,Sunday,1,No
California,Sunday,1,Yes
California,Tuesday,1,No
California,Friday,1,Yes
California,Monday,1,Yes
California,Wednesday,1,Yes
California,Friday,1,Yes
California,Thursday,1,No
California,Saturday,1,No
California,Friday,1,No
California,Friday,1,No
California,Wednesday,1,No
California,Sunday,1,No
California,Thursday,1,No
California,Thursday,1,No
California,Wednesday,1,No
California,Friday,1,No
California,Wednesday,1,No
California,Saturday,1,Yes
California,Friday,2,No
California,Monday,1,Yes
California,Monday,1,No
California,Wednesday,1,No
California,Thursday,1,No
California,Saturday,1,No
California,Thursday,1,No
California,Monday,1,No
California,Friday,1,No
California,Sunday,1,No
California,Wednesday,1,No
California,Saturday,1,No
California,Friday,1,Yes
California,Sunday,1,Yes
California,Tuesday,3,Yes
California,Sunday,1,Yes
California,Friday,1,No
California,Sunday,1,No
California,Tuesday,1,Yes
California,Monday,1,No
California,Tuesday,1,No
California,Wednesday,1,No
California,Thursday,1,No
California,Thursday,1,Yes
California,Saturday,1,No
California,Friday,1,No
California,Monday,1,No
California,Wednesday,1,No
California,Sunday,1,No
California,Tuesday,1,No
California,Tuesday,1,No
California,Saturday,1,No
California,Sunday,1,Yes
California,Friday,1,No
California,Saturday,1,Yes
California,Wednesday,1,No
California,Thursday,1,No
California,Sunday,1,Yes
California,Monday,1,No
California,Sunday,1,Yes
California,Friday,1,No
California,Tuesday,1,No
California,Wednesday,1,No
California,Tuesday,1,Yes
California,Saturday,1,No
California,Thursday,1,Yes
California,Friday,1,No
California,Friday,1,No
California,Saturday,1,No
California,Thursday,1,No
California,Friday,1,No
California,Friday,2,No
California,Friday,2,No
California,Sunday,2,No
California,Saturday,1,No
California,Thursday,1,No
California,Tuesday,1,No
California,Wednesday,1,No
California,Thursday,1,No
California,Tuesday,1,No
California,Saturday,1,Yes
California,Thursday,1,No
California,Friday,1,No
California,Sunday,1,No
California,Friday,1,No
California,Saturday,1,No
California,Saturday,1,No
California,Tuesday,1,Yes
California,Saturday,1,Yes
California,Saturday,1,Yes
California,Saturday,1,No
California,Thursday,1,Yes
California,Thursday,1,No
California,Saturday,1,Yes
California,Saturday,1,No
California,Friday,1,No
California,Monday,1,No
California,Friday,1,No
California,Thursday,1,No
California,Sunday,3,No
California,Sunday,1,No
California,Wednesday,1,No
California,Thursday,1,No
California,Thursday,1,No
California,Thursday,3,No
California,Wednesday,1,Yes
California,Sunday,1,No
California,Saturday,1,No
California,Monday,1,Yes
California,Monday,1,No
California,Friday,1,No
California,Sunday,1,No
California,Tuesday,1,No
California,Saturday,1,Yes
California,Saturday,1,No
California,Thursday,1,No
California,Sunday,1,Yes
California,Tuesday,1,Yes
California,Friday,1,Yes
California,Sunday,1,No
California,Monday,1,No
California,Friday,1,No
California,Friday,1,No
California,Tuesday,1,Yes
California,Thursday,1,No
California,Saturday,1,Yes
California,Tuesday,1,No
California,Thursday,2,Yes
California,Friday,1,No
California,Friday,1,Yes
California,Thursday,1,No
California,Saturday,1,No
California,Tuesday,1,No
California,Friday,2,Yes
California,Friday,2,No
California,Thursday,1,No
California,Sunday,1,No
California,Monday,1,No
California,Wednesday,1,No
California,Friday,1,Yes
California,Saturday,1,Yes
California,Wednesday,1,No
California,Saturday,1,No
California,Wednesday,1,No
California,Sunday,1,Yes
California,Tuesday,1,Yes
California,Sunday,1,No
California,Wednesday,1,No
California,Friday,1,Yes
California,Saturday,1,Yes
California,Wednesday,1,No
California,Tuesday,1,No
California,Friday,1,No
California,Tuesday,1,No
California,Monday,1,No
California,Sunday,1,No
California,Sunday,1,No
California,Wednesday,1,No
California,Saturday,1,No
California,Friday,1,No
California,Saturday,1,No
California,Thursday,1,No
California,Friday,1,No
California,Wednesday,1,No
California,Sunday,1,Yes
California,Sunday,1,No
California,Wednesday,1,No
California,Thursday,1,No
California,Friday,1,No
California,Tuesday,1,No
California,Saturday,1,No
California,Friday,1,No
California,Friday,1,Yes
California,Wednesday,1,No
California,Monday,1,No
California,Saturday,1,No
California,Sunday,1,Yes
California,Tuesday,1,No
California,Saturday,1,No
California,Sunday,1,Yes
California,Saturday,1,No
California,Tuesday,1,No
California,Sunday,2,No
California,Wednesday,1,No
California,Thursday,1,No
California,Thursday,1,Yes
California,Wednesday,2,No
California,Friday,1,Yes
California,Tuesday,2,No
California,Friday,1,No
California,Sunday,1,No
California,Friday,2,No
California,Monday,1,No
California,Monday,1,No
California,Saturday,2,No
California,Friday,1,No
California,Thursday,1,Yes
California,Sunday,1,No
California,Sunday,1,Yes
California,Wednesday,1,No
California,Tuesday,2,No
California,Thursday,1,No
California,Thursday,1,No
California,Monday,1,No
California,Monday,1,No
California,Saturday,1,Yes
California,Tuesday,1,No
California,Tuesday,1,No
California,Monday,1,No
California,Friday,1,Yes
California,Monday,2,No
California,Thursday,1,No
California,Wednesday,1,No
California,Friday,1,No
California,Sunday,1,No
California,Saturday,1,Yes
California,Sunday,1,No
California,Tuesday,1,No
California,Friday,1,No
California,Sunday,1,Yes
California,Tuesday,1,No
California,Thursday,1,No
California,Tuesday,1,No
California,Wednesday,1,No
California,Sunday,2,Yes
California,Friday,1,No
California,Tuesday,3,No
California,Monday,1,No
California,Saturday,2,No
California,Saturday,1,No
California,Thursday,1,No
California,Tuesday,1,No
California,Saturday,1,Yes
California,Wednesday,1,Yes
California,Tuesday,1,No
California,Thursday,1,No
California,Saturday,1,No
California,Monday,1,No
California,Wednesday,1,No
California,Wednesday,1,No
California,Saturday,1,No
California,Thursday,1,No
California,Monday,1,No
California,Sunday,1,No
California,Thursday,2,Yes
California,Tuesday,1,No
California,Saturday,1,No
California,Monday,1,Yes
California,Friday,1,Yes
California,Saturday,1,Yes
California,Tuesday,1,No
California,Friday,1,No
California,Friday,4,Yes
California,Thursday,1,Yes
California,Tuesday,1,No
California,Sunday,1,No
California,Thursday,1,Yes
California,Monday,1,No
California,Wednesday,1,No
California,Saturday,1,No
California,Wednesday,1,No
California,Wednesday,1,No
California,Saturday,1,No
California,Monday,1,No
California,Wednesday,1,No
California,Friday,1,No
California,Thursday,2,No
California,Friday,1,No
California,Tuesday,1,No
California,Friday,2,No
California,Thursday,3,No
California,Friday,1,No
California,Sunday,1,Yes
California,Friday,1,No
California,Monday,1,No
California,Monday,1,No
California,Tuesday,1,No
California,Saturday,1,Yes
California,Thursday,1,No
California,Sunday,1,No
California,Saturday,1,No
California,Saturday,1,No
California,Friday,1,No
California,Friday,1,No
California,Wednesday,1,No
California,Sunday,1,Yes
California,Sunday,1,Yes
California,Thursday,1,No
California,Tuesday,1,No
California,Saturday,1,Yes
California,Thursday,1,Yes
California,Saturday,1,No
California,Friday,1,No
California,Friday,1,No
California,Monday,1,No
California,Thursday,1,No
California,Saturday,1,No
California,Monday,1,No
California,Thursday,1,No
California,Wednesday,1,No
California,Wednesday,1,No
California,Tuesday,1,Yes
California,Wednesday,1,No
California,Wednesday,1,No
California,Saturday,1,No
California,Wednesday,1,No
California,Wednesday,1,Yes
California,Thursday,1,Yes
California,Monday,1,No
California,Wednesday,2,No
California,Sunday,1,No
California,Saturday,3,Yes
California,Thursday,1,Yes
California,Sunday,1,No
California,Friday,1,Yes
California,Monday,1,No
California,Saturday,1,No
California,Wednesday,1,No
California,Monday,1,No
California,Wednesday,1,No
California,Friday,1,No
California,Tuesday,1,Yes
California,Saturday,1,No
California,Sunday,1,No
California,Friday,1,No
California,Tuesday,1,Yes
California,Thursday,1,No
California,Sunday,1,Yes
California,Wednesday,1,No
California,Friday,1,Yes
California,Sunday,3,Yes
California,Friday,2,Yes
California,Thursday,2,No
California,Sunday,1,No
California,Friday,4,Yes
California,Thursday,1,No
California,Wednesday,1,No
California,Saturday,1,No
California,Friday,1,Yes
California,Thursday,1,No
California,Wednesday,1,No
California,Saturday,1,No
California,Friday,1,No
California,Tuesday,1,No
California,Saturday,1,No
California,Monday,1,No
California,Friday,1,No
California,Sunday,1,No
California,Wednesday,1,No
California,Monday,1,No
California,Sunday,1,Yes
California,Sunday,1,No
California,Sunday,1,Yes
California,Friday,1,No
California,Tuesday,1,No
California,Wednesday,1,No
California,Saturday,1,No
California,Tuesday,1,Yes
California,Sunday,1,No
California,Tuesday,1,No
California,Thursday,1,No
California,Thursday,1,No
California,Tuesday,1,No
California,Thursday,1,No
California,Sunday,1,No
California,Monday,1,No
California,Tuesday,1,Yes
California,Saturday,1,No
California,Sunday,1,Yes
California,Friday,1,No
California,Friday,1,Yes
California,Monday,1,No
California,Saturday,1,Yes
California,Friday,1,No
California,Sunday,1,No
California,Thursday,1,No
California,Sunday,1,No
California,Saturday,1,No
California,Monday,1,No
California,Wednesday,1,No
California,Thursday,1,No
California,Friday,1,No
California,Saturday,2,Yes
California,Tuesday,1,No
California,Saturday,1,No
California,Tuesday,4,Yes
California,Monday,1,No
California,Sunday,1,No
California,Wednesday,1,No
California,Sunday,1,No
California,Friday,1,No
California,Saturday,1,No
California,Thursday,1,No
California,Thursday,1,No
California,Friday,1,No
California,Thursday,1,No
California,Wednesday,1,Yes
California,Tuesday,1,No
California,Saturday,1,No
California,Friday,1,No
California,Thursday,1,No
California,Tuesday,1,No
California,Saturday,1,No
California,Saturday,1,No
California,Monday,1,No
California,Thursday,1,No
California,Wednesday,1,Yes
California,Wednesday,1,No
California,Monday,1,No
California,Monday,1,Yes
California,Thursday,1,No
California,Wednesday,1,No
California,Saturday,1,No
California,Thursday,1,No
California,Monday,1,No
California,Friday,1,No
California,Wednesday,1,No
California,Saturday,1,No
California,Friday,1,No
California,Monday,1,No
California,Friday,1,Yes
California,Thursday,1,No
California,Thursday,1,No
California,Tuesday,1,No
California,Sunday,1,No
California,Friday,1,No
California,Sunday,1,No
California,Monday,1,No
California,Sunday,1,No
California,Sunday,1,No
California,Monday,1,No
California,Friday,1,No
California,Monday,1,No
California,Wednesday,1,No
California,Saturday,1,No
California,Wednesday,2,No
California,Sunday,1,Yes
California,Sunday,1,Yes
California,Tuesday,1,No
California,Wednesday,1,No
California,Thursday,1,No
California,Tuesday,1,No
California,Monday,1,Yes
California,Friday,1,No
California,Wednesday,1,No
California,Friday,1,Yes
California,Monday,1,Yes
California,Friday,1,No
California,Monday,1,No
California,Wednesday,1,Yes
California,Friday,3,Yes
California,Sunday,1,No
California,Friday,2,Yes
California,Thursday,1,No
California,Friday,1,Yes
California,Sunday,1,Yes
California,Saturday,1,No
California,Sunday,1,No
California,Tuesday,1,Yes
California,Sunday,1,No
California,Monday,1,No
California,Friday,1,No
California,Sunday,1,No
California,Sunday,1,No
California,Monday,1,Yes
California,Saturday,1,Yes
California,Thursday,1,Yes
California,Friday,1,No
California,Sunday,2,Yes
California,Friday,1,No
California,Friday,1,No
California,Friday,1,No
California,Wednesday,1,Yes
California,Saturday,1,No
California,Sunday,1,No
California,Sunday,1,No
California,Saturday,3,No
California,Saturday,1,No
California,Thursday,1,Yes
California,Monday,1,No
California,Sunday,1,No
California,Saturday,1,No
California,Saturday,1,No
California,Saturday,1,No
California,Saturday,1,No
California,Friday,1,No
California,Wednesday,1,Yes
California,Friday,1,No
California,Tuesday,1,No
California,Wednesday,1,No
California,Sunday,1,No
California,Sunday,1,No
California,Monday,1,No
California,Thursday,1,No
California,Sunday,1,Yes
California,Sunday,1,Yes
California,Friday,1,No
California,Friday,1,No
California,Sunday,1,No
California,Friday,1,No
California,Monday,1,No
California,Saturday,1,No
California,Tuesday,1,No
California,Tuesday,1,No
California,Tuesday,1,No
California,Thursday,1,Yes
California,Wednesday,1,No
California,Sunday,1,Yes
California,Tuesday,1,Yes
California,Thursday,1,No
California,Monday,1,No
California,Friday,2,No
California,Thursday,1,Yes
California,Wednesday,1,No
California,Saturday,1,No
California,Monday,1,No
California,Friday,2,Yes
California,Wednesday,1,No
California,Wednesday,1,No
California,Monday,1,Yes
California,Sunday,1,No
California,Sunday,1,Yes
California,Wednesday,1,No
California,Saturday,1,No
California,Tuesday,1,No
California,Monday,1,No
California,Sunday,2,No
California,Friday,1,Yes
California,Thursday,1,Yes
California,Sunday,1,Yes
California,Monday,1,No
California,Friday,2,No
California,Tuesday,1,No
California,Friday,1,No
California,Saturday,1,No
California,Thursday,1,No
California,Wednesday,1,No
California,Saturday,1,No
California,Sunday,1,No
California,Thursday,2,No
California,Wednesday,1,No
California,Thursday,1,Yes
California,Thursday,1,No
California,Monday,1,Yes
California,Sunday,1,Yes
California,Friday,1,Yes
California,Monday,1,No
California,Sunday,1,Yes
California,Thursday,1,No
California,Tuesday,1,No
California,Thursday,1,No
California,Thursday,1,No
California,Monday,1,No
California,Saturday,1,No
California,Friday,1,No
California,Sunday,1,Yes
California,Wednesday,1,Yes
California,Saturday,1,No
California,Thursday,1,No
California,Thursday,1,Yes
California,Wednesday,1,No
California,Tuesday,1,No
California,Wednesday,1,No
California,Monday,1,No
California,Thursday,1,No
California,Saturday,1,No
California,Wednesday,1,No
California,Tuesday,1,Yes
California,Saturday,1,No
California,Saturday,2,No
California,Thursday,1,No
California,Sunday,2,No
California,Tuesday,1,No
California,Tuesday,1,No
California,Saturday,1,No
California,Tuesday,1,No
California,Saturday,1,Yes
California,Tuesday,1,No
California,Monday,1,No
California,Tuesday,1,No
California,Friday,1,No
California,Saturday,1,No
California,Tuesday,1,No
California,Sunday,1,No
California,Tuesday,1,No
California,Saturday,1,No
California,Thursday,2,No
California,Monday,1,No
California,Monday,1,No
California,Saturday,1,No
California,Wednesday,1,No
California,Wednesday,1,Yes
California,Monday,1,No
California,Saturday,1,Yes
California,Wednesday,1,No
California,Thursday,1,No
California,Thursday,1,No
California,Saturday,1,Yes
California,Friday,1,No
California,Monday,1,No
California,Wednesday,1,Yes
California,Friday,1,No
California,Thursday,1,No
California,Saturday,1,Yes
California,Friday,1,No
California,Tuesday,1,No
California,Sunday,1,Yes
California,Friday,1,No
California,Saturday,1,No
California,Wednesday,1,No
California,Tuesday,1,No
California,Sunday,2,No
California,Saturday,1,Yes
California,Sunday,1,No
California,Saturday,1,No
California,Saturday,1,No
California,Thursday,1,Yes
California,Thursday,1,No
California,Thursday,2,No
California,Thursday,1,No
California,Friday,1,No
California,Monday,1,No
California,Saturday,1,No
California,Tuesday,1,No
California,Thursday,1,No
California,Monday,1,No
California,Wednesday,1,No
California,Saturday,1,Yes
California,Friday,1,Yes
California,Monday,1,No
California,Wednesday,1,No
California,Sunday,1,Yes
California,Wednesday,1,No
California,Tuesday,1,Yes
California,Sunday,1,No
California,Saturday,1,No
California,Friday,1,No
California,Sunday,1,No
California,Saturday,1,No
California,Wednesday,1,No
California,Sunday,1,Yes
California,Monday,1,No
California,Sunday,1,Yes
California,Wednesday,1,No
California,Friday,1,No
California,Saturday,1,No
California,Wednesday,2,Yes
California,Wednesday,1,No
California,Sunday,1,No
California,Friday,1,No
California,Friday,3,No
California,Thursday,1,No
California,Friday,1,No
California,Wednesday,1,No
California,Monday,1,No
California,Sunday,1,Yes
California,Wednesday,1,No
California,Tuesday,1,Yes
California,Sunday,1,Yes
California,Tuesday,1,No
California,Sunday,1,No
California,Thursday,1,No
California,Thursday,2,Yes
California,Monday,1,No
California,Saturday,1,No
California,Monday,1,No
California,Friday,1,No
California,Tuesday,1,No
California,Wednesday,2,No
California,Saturday,1,No
California,Monday,1,No
California,Tuesday,1,No
California,Wednesday,1,No
California,Thursday,1,No
California,Monday,1,No
California,Tuesday,1,Yes
California,Saturday,1,Yes
California,Sunday,1,No
California,Saturday,1,No
California,Sunday,1,Yes
California,Tuesday,1,No
California,Thursday,1,No
California,Monday,1,No
California,Tuesday,1,Yes
California,Thursday,1,No
California,Monday,1,Yes
California,Monday,1,No
California,Wednesday,1,Yes
California,Wednesday,1,No
California,Friday,1,Yes
California,Sunday,1,Yes
California,Tuesday,1,Yes
California,Friday,1,No
California,Sunday,1,Yes
California,Tuesday,1,No
California,Thursday,1,No
California,Saturday,1,No
California,Friday,1,No
California,Wednesday,2,No
California,Monday,1,No
California,Saturday,1,No
California,Sunday,1,No
California,Friday,1,No
California,Wednesday,1,No
California,Tuesday,1,No
California,Monday,1,No
California,Wednesday,1,No
California,Wednesday,1,Yes
California,Tuesday,1,No
California,Saturday,1,No
California,Sunday,1,No
California,Tuesday,1,No
California,Saturday,1,Yes
California,Friday,1,No
California,Monday,1,No
California,Wednesday,1,No
California,Sunday,1,No
California,Friday,1,No
California,Sunday,1,No
California,Sunday,1,No
California,Saturday,2,No
California,Friday,1,No
California,Tuesday,1,No
California,Friday,1,No
California,Friday,1,No
California,Friday,1,No
California,Monday,1,Yes
California,Saturday,1,No
California,Sunday,1,No
California,Saturday,1,Yes
California,Sunday,1,Yes
California,Sunday,1,Yes
California,Wednesday,1,No
California,Thursday,1,No
California,Thursday,1,No
California,Saturday,1,Yes
California,Friday,1,No
California,Friday,1,Yes
California,Saturday,1,No
California,Thursday,1,No
California,Friday,1,No
California,Monday,1,No
California,Friday,1,No
California,Saturday,1,No
California,Wednesday,1,No
California,Sunday,1,Yes
California,Wednesday,1,Yes
California,Friday,1,No
California,Monday,1,Yes
California,Saturday,1,No
California,Saturday,1,No
California,Thursday,1,No
California,Wednesday,1,No
California,Monday,1,No
California,Friday,1,No
California,Saturday,1,No
California,Friday,1,No
California,Wednesday,1,No
California,Saturday,1,No
California,Tuesday,1,Yes
California,Monday,1,No
California,Wednesday,1,No
California,Sunday,1,Yes
California,Saturday,1,No
California,Monday,2,Yes
California,Monday,1,No
California,Saturday,1,No
California,Thursday,1,No
California,Monday,1,No
California,Monday,1,No
California,Tuesday,1,No
California,Tuesday,1,No
California,Monday,1,No
California,Thursday,1,Yes
California,Saturday,1,No
California,Wednesday,1,Yes
California,Saturday,1,No
California,Friday,2,No
California,Monday,2,No
California,Wednesday,1,No
California,Thursday,1,No
California,Wednesday,1,No
California,Saturday,2,Yes
California,Monday,1,No
California,Friday,3,No
California,Sunday,1,No
California,Thursday,1,No
California,Wednesday,2,No
California,Tuesday,1,No
California,Sunday,1,No
California,Thursday,1,No
California,Wednesday,1,No
California,Friday,1,No
California,Monday,1,No
California,Tuesday,1,Yes
California,Tuesday,1,No
California,Friday,5,Yes
California,Friday,1,No
California,Sunday,1,No
California,Sunday,1,No
California,Wednesday,1,Yes
California,Monday,1,No
California,Monday,1,No
California,Monday,1,No
California,Sunday,1,No
California,Friday,1,No
California,Friday,1,No
California,Thursday,1,No
California,Saturday,1,No
California,Sunday,1,No
California,Tuesday,1,No
California,Saturday,1,Yes
California,Wednesday,1,Yes
California,Saturday,1,No
California,Wednesday,1,No
California,Sunday,1,No
California,Thursday,1,No
California,Saturday,1,No
California,Tuesday,1,No
California,Thursday,1,Yes
California,Monday,1,No
California,Friday,1,No
California,Tuesday,1,No
California,Saturday,1,No
California,Saturday,1,No
California,Thursday,2,No
California,Friday,1,No
California,Monday,1,No
California,Sunday,3,Yes
California,Saturday,1,No
California,Saturday,1,Yes
California,Saturday,1,No
California,Monday,1,No
California,Thursday,1,No
California,Tuesday,1,No
California,Saturday,1,No
California,Thursday,1,No
California,Monday,1,No
California,Friday,1,Yes
California,Sunday,1,No
California,Tuesday,1,No
California,Friday,1,No
California,Sunday,1,Yes
California,Monday,1,No
California,Saturday,2,No
California,Sunday,1,Yes
California,Monday,1,No
California,Saturday,1,Yes
California,Thursday,1,No
California,Wednesday,1,No
California,Sunday,1,No
California,Thursday,2,Yes
California,Monday,1,No
California,Saturday,1,No
California,Tuesday,1,Yes
California,Thursday,1,No
California,Sunday,1,Yes
California,Thursday,1,No
California,Wednesday,1,Yes
California,Saturday,1,No
California,Thursday,1,No
California,Wednesday,1,No
California,Sunday,1,No
California,Sunday,1,No
California,Friday,1,No
California,Monday,1,No
California,Thursday,1,No
California,Saturday,1,No
California,Wednesday,1,No
California,Sunday,1,No
California,Wednesday,1,No
California,Saturday,1,Yes
California,Thursday,1,No
California,Monday,1,No
California,Saturday,1,Yes
California,Saturday,1,No
California,Monday,1,No
California,Thursday,1,No
California,Tuesday,1,Yes
California,Tuesday,1,Yes
California,Sunday,1,No
California,Wednesday,1,Yes
California,Friday,1,No
California,Sunday,1,No
California,Sunday,1,No
California,Thursday,1,No
California,Thursday,1,Yes
California,Monday,1,No
California,Friday,1,Yes
California,Friday,1,No
California,Wednesday,1,No
California,Monday,1,Yes
California,Monday,1,No
California,Tuesday,1,No
California,Monday,1,No
California,Friday,1,No
California,Monday,2,No
California,Monday,1,No
California,Saturday,1,No
California,Saturday,1,No
California,Saturday,1,No
California,Saturday,1,No
California,Saturday,1,No
California,Wednesday,1,No
California,Saturday,1,No
California,Saturday,1,No
California,Monday,1,No
California,Friday,2,Yes
California,Tuesday,1,No
California,Tuesday,1,No
California,Saturday,1,No
California,Tuesday,1,No
California,Sunday,1,No
California,Saturday,1,Yes
California,Sunday,1,No
California,Wednesday,1,No
California,Friday,1,Yes
California,Thursday,1,No
California,Saturday,1,Yes
Colorado,Monday,1,No
Colorado,Monday,1,Yes
Colorado,Sunday,1,No
Colorado,Friday,1,No
Colorado,Monday,2,No
Colorado,Tuesday,1,No
Colorado,Tuesday,1,No
Colorado,Thursday,1,No
Colorado,Thursday,1,Yes
Colorado,Sunday,1,No
Colorado,Thursday,1,No
Colorado,Wednesday,1,No
Colorado,Thursday,1,No
Colorado,Friday,1,Yes
Colorado,Saturday,1,Yes
Colorado,Monday,3,No
Colorado,Monday,1,No
Colorado,Thursday,1,No
Colorado,Saturday,1,No
Colorado,Wednesday,1,No
Colorado,Wednesday,1,No
Colorado,Thursday,1,No
Colorado,Saturday,1,Yes
Colorado,Saturday,1,No
Colorado,Saturday,1,No
Colorado,Monday,1,No
Colorado,Wednesday,1,Yes
Colorado,Saturday,1,Yes
Colorado,Saturday,2,Yes
Colorado,Sunday,1,Yes
Colorado,Sunday,1,Yes
Colorado,Tuesday,1,No
Colorado,Wednesday,1,No
Colorado,Friday,1,Yes
Colorado,Thursday,1,No
Colorado,Saturday,1,Yes
Colorado,Tuesday,1,No
Colorado,Thursday,1,Yes
Colorado,Wednesday,2,Yes
Colorado,Wednesday,1,No
Colorado,Friday,1,No
Colorado,Saturday,1,No
Colorado,Monday,1,Yes
Colorado,Saturday,1,Yes
Colorado,Friday,1,No
Colorado,Monday,1,Yes
Colorado,Monday,1,No
Colorado,Monday,1,No
Colorado,Friday,1,No
Colorado,Friday,1,No
Colorado,Monday,1,No
Colorado,Monday,1,No
Colorado,Friday,1,No
Colorado,Friday,1,No
Colorado,Sunday,2,Yes
Colorado,Saturday,1,Yes
Colorado,Saturday,1,No
Colorado,Sunday,2,Yes
Colorado,Sunday,1,Yes
Colorado,Tuesday,1,Yes
Colorado,Friday,3,No
Colorado,Saturday,1,No
Colorado,Sunday,1,No
Colorado,Sunday,1,No
Colorado,Monday,1,No
Colorado,Saturday,1,Yes
Colorado,Tuesday,1,No
Colorado,Friday,1,No
Colorado,Tuesday,1,No
Colorado,Thursday,1,No
Colorado,Saturday,1,Yes
Colorado,Thursday,1,No
Colorado,Sunday,1,Yes
Colorado,Sunday,1,No
Colorado,Sunday,1,Yes
Colorado,Sunday,1,Yes
Colorado,Saturday,1,Yes
Colorado,Tuesday,1,Yes
Colorado,Thursday,1,Yes
Colorado,Thursday,1,No
Colorado,Thursday,1,No
Colorado,Friday,1,Yes
Colorado,Saturday,2,Yes
Colorado,Monday,1,No
Colorado,Thursday,1,No
Colorado,Tuesday,1,No
Colorado,Wednesday,1,No
Colorado,Friday,1,Yes
Colorado,Thursday,2,Yes
Colorado,Thursday,1,No
Colorado,Friday,1,No
Colorado,Saturday,1,Yes
Colorado,Saturday,2,No
Colorado,Sunday,1,No
Colorado,Friday,1,Yes
Colorado,Wednesday,1,No
Colorado,Sunday,1,No
Colorado,Friday,1,Yes
Colorado,Saturday,1,No
Colorado,Sunday,1,No
Colorado,Tuesday,1,Yes
Colorado,Thursday,1,No
Colorado,Wednesday,1,No
Colorado,Monday,1,No
Colorado,Friday,1,Yes
Colorado,Saturday,1,Yes
Colorado,Thursday,1,No
Colorado,Friday,1,No
Colorado,Monday,1,No
Colorado,Monday,1,Yes
Colorado,Wednesday,1,Yes
Colorado,Wednesday,1,No
Colorado,Wednesday,1,No
Colorado,Sunday,1,No
Colorado,Saturday,1,Yes
Colorado,Saturday,4,No
Colorado,Thursday,2,No
Colorado,Wednesday,1,No
Colorado,Thursday,1,No
Colorado,Saturday,1,Yes
Colorado,Sunday,1,No
Colorado,Friday,1,Yes
Colorado,Saturday,1,Yes
Colorado,Wednesday,1,Yes
Colorado,Wednesday,1,Yes
Colorado,Monday,1,No
Colorado,Saturday,1,No
Colorado,Monday,1,No
Colorado,Sunday,1,No
Colorado,Monday,1,No
Colorado,Monday,1,No
Colorado,Tuesday,1,No
Colorado,Thursday,1,Yes
Colorado,Sunday,2,No
Colorado,Wednesday,1,No
Colorado,Saturday,1,No
Colorado,Saturday,1,Yes
Colorado,Saturday,1,Yes
Colorado,Saturday,1,Yes
Colorado,Friday,1,Yes
Colorado,Sunday,1,No
Colorado,Thursday,1,Yes
Colorado,Monday,2,No
Colorado,Saturday,1,No
Colorado,Saturday,1,Yes
Colorado,Friday,1,No
Colorado,Sunday,1,No
Colorado,Monday,1,Yes
Colorado,Saturday,1,Yes
Colorado,Sunday,1,No
Colorado,Wednesday,1,No
Colorado,Sunday,1,No
Colorado,Thursday,1,No
Colorado,Monday,1,No
Colorado,Tuesday,1,No
Colorado,Sunday,1,Yes
Colorado,Wednesday,1,No
Colorado,Thursday,1,Yes
Colorado,Tuesday,1,No
Colorado,Sunday,1,No
Colorado,Wednesday,1,Yes
Colorado,Tuesday,1,No
Colorado,Saturday,1,No
Colorado,Wednesday,1,Yes
Colorado,Friday,1,No
Colorado,Friday,1,Yes
Colorado,Sunday,1,Yes
Colorado,Sunday,1,No
Colorado,Thursday,1,No
Colorado,Tuesday,1,Yes
Colorado,Wednesday,1,No
Colorado,Monday,1,No
Colorado,Tuesday,1,No
Colorado,Thursday,1,Yes
Colorado,Monday,1,Yes
Colorado,Saturday,1,Yes
Colorado,Saturday,1,Yes
Colorado,Saturday,1,No
Colorado,Sunday,1,Yes
Colorado,Sunday,2,Yes
Colorado,Sunday,1,Yes
Colorado,Thursday,1,Yes
Colorado,Wednesday,1,No
Colorado,Sunday,1,No
Colorado,Saturday,1,No
Colorado,Thursday,1,No
Colorado,Friday,1,No
Colorado,Saturday,1,Yes
Colorado,Saturday,1,No
Colorado,Saturday,1,No
Colorado,Sunday,1,No
Colorado,Tuesday,1,No
Colorado,Wednesday,1,No
Colorado,Tuesday,1,No
Colorado,Thursday,1,No
Colorado,Thursday,1,No
Colorado,Wednesday,1,No
Colorado,Tuesday,1,No
Colorado,Tuesday,1,No
Colorado,Thursday,1,No
Colorado,Sunday,1,No
Colorado,Wednesday,1,No
Colorado,Monday,1,Yes
Colorado,Wednesday,1,No
Colorado,Friday,1,No
Colorado,Friday,1,No
Colorado,Saturday,1,Yes
Colorado,Monday,1,No
Colorado,Monday,1,No
Colorado,Monday,2,Yes
Colorado,Monday,1,No
Colorado,Monday,1,No
Colorado,Tuesday,1,No
Colorado,Tuesday,1,No
Colorado,Tuesday,1,No
Colorado,Tuesday,1,No
Colorado,Wednesday,1,Yes
Colorado,Wednesday,1,No
Colorado,Thursday,1,No
Colorado,Thursday,1,Yes
Colorado,Saturday,1,Yes
Colorado,Saturday,1,No
Colorado,Saturday,1,No
Colorado,Saturday,1,No
Colorado,Saturday,1,Yes
Colorado,Sunday,1,Yes
Colorado,Monday,1,No
Colorado,Tuesday,1,No
Colorado,Tuesday,1,No
Colorado,Tuesday,1,No
Colorado,Tuesday,1,No
Colorado,Wednesday,1,Yes
Colorado,Friday,1,No
Colorado,Saturday,1,No
Colorado,Saturday,2,No
Colorado,Sunday,1,No
Colorado,Sunday,1,Yes
Colorado,Sunday,1,No
Colorado,Monday,1,No
Colorado,Monday,1,Yes
Colorado,Wednesday,1,No
Colorado,Thursday,1,No
Colorado,Friday,1,No
Colorado,Thursday,1,Yes
Colorado,Thursday,1,Yes
Colorado,Saturday,1,Yes
Colorado,Saturday,1,No
Colorado,Saturday,1,Yes
Colorado,Saturday,1,No
Colorado,Tuesday,1,No
Colorado,Friday,1,Yes
Colorado,Friday,1,Yes
Colorado,Thursday,1,Yes
Colorado,Thursday,1,No
Colorado,Saturday,1,Yes
Colorado,Saturday,1,No
Colorado,Monday,1,No
Colorado,Saturday,1,No
Colorado,Saturday,1,Yes
Colorado,Friday,2,No
Colorado,Sunday,1,Yes
Colorado,Saturday,1,Yes
Colorado,Monday,1,No
Colorado,Friday,1,Yes
Colorado,Friday,1,Yes
Colorado,Tuesday,1,No
Colorado,Friday,1,Yes
Colorado,Monday,1,No
Colorado,Tuesday,2,No
Colorado,Wednesday,1,No
Colorado,Wednesday,1,Yes
Colorado,Wednesday,3,Yes
Colorado,Thursday,1,No
Colorado,Saturday,1,Yes
Colorado,Saturday,1,No
Colorado,Saturday,1,No
Colorado,Sunday,1,No
Colorado,Sunday,1,No
Colorado,Monday,1,Yes
Colorado,Monday,1,No
Colorado,Sunday,1,Yes
Colorado,Monday,1,No
Colorado,Monday,1,Yes
Colorado,Tuesday,1,No
Colorado,Tuesday,1,No
Colorado,Wednesday,2,No
Colorado,Wednesday,1,No
Colorado,Friday,2,No
Colorado,Saturday,1,No
Colorado,Saturday,1,No
Colorado,Monday,1,Yes
Colorado,Monday,1,No
Colorado,Monday,1,No
Colorado,Tuesday,2,No
Colorado,Wednesday,1,No
Colorado,Wednesday,1,Yes
Colorado,Monday,1,No
Colorado,Friday,1,Yes
Colorado,Saturday,1,No
Colorado,Saturday,1,No
Colorado,Saturday,1,Yes
Colorado,Thursday,1,No
Colorado,Thursday,1,Yes
Colorado,Saturday,1,No
Colorado,Monday,1,No
Colorado,Monday,1,No
Colorado,Monday,1,No
Colorado,Tuesday,1,Yes
Colorado,Tuesday,1,No
Colorado,Thursday,1,No
Colorado,Monday,1,No
Colorado,Saturday,1,Yes
Colorado,Sunday,1,No
Colorado,Friday,1,Yes
Colorado,Sunday,1,No
Colorado,Wednesday,1,No
Colorado,Thursday,1,No
Colorado,Saturday,1,No
Colorado,Wednesday,1,No
Colorado,Tuesday,1,No
Colorado,Sunday,1,No
Colorado,Friday,1,No
Colorado,Friday,1,No
Colorado,Wednesday,1,No
Colorado,Friday,1,No
Colorado,Wednesday,1,No
Colorado,Thursday,1,No
Colorado,Friday,1,No
Colorado,Saturday,1,No
Colorado,Monday,1,Yes
Colorado,Tuesday,1,No
Colorado,Tuesday,1,No
Colorado,Tuesday,1,No
Colorado,Friday,1,Yes
Colorado,Wednesday,1,No
Colorado,Wednesday,1,No
Colorado,Wednesday,1,No
Colorado,Thursday,1,No
Colorado,Friday,1,Yes
Colorado,Saturday,1,Yes
Colorado,Saturday,1,Yes
Colorado,Sunday,1,No
Colorado,Wednesday,1,No
Colorado,Wednesday,1,No
Colorado,Saturday,1,No
Colorado,Thursday,1,No
Colorado,Thursday,1,No
Colorado,Friday,1,Yes
Colorado,Friday,1,No
Colorado,Friday,1,No
Colorado,Saturday,2,Yes
Colorado,Saturday,1,No
Colorado,Thursday,1,No
Colorado,Friday,1,No
Colorado,Monday,1,No
Colorado,Monday,1,No
Colorado,Tuesday,2,No
Colorado,Saturday,1,No
Colorado,Sunday,1,Yes
Colorado,Monday,1,No
Colorado,Monday,1,No
Colorado,Thursday,1,Yes
Colorado,Friday,1,No
Colorado,Saturday,1,No
Colorado,Sunday,1,Yes
Colorado,Friday,1,No
Colorado,Sunday,2,Yes
Colorado,Monday,1,Yes
Colorado,Monday,1,No
Colorado,Tuesday,1,No
Colorado,Friday,1,No
Colorado,Wednesday,1,No
Colorado,Wednesday,1,No
Colorado,Friday,1,Yes
Colorado,Friday,1,No
Colorado,Monday,1,No
Colorado,Monday,1,No
Colorado,Friday,1,Yes
Colorado,Thursday,1,No
Colorado,Thursday,1,No
Colorado,Wednesday,1,Yes
Colorado,Sunday,1,No
Colorado,Wednesday,1,No
Colorado,Monday,1,No
Colorado,Wednesday,1,Yes
Colorado,Saturday,1,Yes
Colorado,Saturday,1,Yes
Colorado,Sunday,1,Yes
Colorado,Monday,1,No
Colorado,Tuesday,2,No
Colorado,Thursday,1,No
Colorado,Monday,1,No
Colorado,Monday,1,No
Colorado,Friday,1,Yes
Colorado,Sunday,1,No
Colorado,Sunday,1,No
Colorado,Friday,1,No
Colorado,Monday,1,No
Colorado,Monday,1,No
Colorado,Friday,1,No
Colorado,Wednesday,1,No
Colorado,Saturday,1,Yes
Colorado,Monday,1,Yes
Colorado,Thursday,1,No
Colorado,Saturday,1,No
Colorado,Sunday,1,No
Colorado,Tuesday,1,Yes
Colorado,Saturday,1,Yes
Colorado,Saturday,1,Yes
Colorado,Sunday,1,No
Colorado,Saturday,1,Yes
Colorado,Sunday,1,Yes
Colorado,Tuesday,1,No
Colorado,Saturday,1,No
Colorado,Saturday,1,No
Colorado,Wednesday,1,No
Colorado,Thursday,1,Yes
Colorado,Thursday,1,No
Colorado,Saturday,1,Yes
Colorado,Monday,1,Yes
Colorado,Friday,1,No
Colorado,Saturday,1,No
Colorado,Saturday,1,Yes
Colorado,Saturday,1,No
Colorado,Saturday,1,No
Colorado,Saturday,1,Yes
Colorado,Sunday,1,Yes
Colorado,Sunday,1,Yes
Colorado,Wednesday,1,No
Colorado,Sunday,1,No
Colorado,Sunday,1,No
Colorado,Monday,1,No
Colorado,Sunday,1,Yes
Colorado,Sunday,1,No
Colorado,Friday,1,No
Colorado,Sunday,1,No
Colorado,Friday,1,No
Colorado,Wednesday,1,No
Colorado,Saturday,1,No
Colorado,Monday,1,No
Colorado,Monday,1,No
Colorado,Monday,1,Yes
Colorado,Tuesday,2,No
Colorado,Thursday,1,No
Colorado,Saturday,1,No
Colorado,Sunday,1,Yes
Colorado,Sunday,1,No
Colorado,Saturday,1,No
Colorado,Tuesday,1,No
Colorado,Monday,1,No
Colorado,Wednesday,1,No
Colorado,Thursday,1,No
Colorado,Friday,1,No
Colorado,Saturday,1,No
Colorado,Friday,1,No
Colorado,Friday,2,No
Colorado,Saturday,1,Yes
Colorado,Tuesday,1,No
Colorado,Saturday,1,No
Colorado,Sunday,1,No
Colorado,Tuesday,1,No
Colorado,Thursday,1,No
Colorado,Tuesday,2,Yes
Colorado,Thursday,1,Yes
Colorado,Wednesday,1,No
Colorado,Tuesday,1,No
Colorado,Saturday,1,Yes
Colorado,Tuesday,1,No
Colorado,Tuesday,1,No
Colorado,Thursday,1,No
Colorado,Tuesday,1,Yes
Colorado,Thursday,1,No
Colorado,Sunday,1,Yes
Colorado,Saturday,1,No
Colorado,Thursday,1,Yes
Colorado,Friday,1,Yes
Colorado,Friday,1,No
Colorado,Friday,1,No
Colorado,Saturday,1,No
Colorado,Saturday,1,Yes
Colorado,Sunday,1,Yes
Colorado,Sunday,1,Yes
Colorado,Tuesday,1,No
Colorado,Tuesday,1,No
Colorado,Sunday,1,No
Colorado,Wednesday,1,No
Colorado,Friday,1,Yes
Colorado,Wednesday,1,Yes
Colorado,Tuesday,2,Yes
Colorado,Thursday,1,Yes
Colorado,Saturday,1,No
Colorado,Thursday,1,No
Colorado,Tuesday,1,No
Colorado,Saturday,1,No
Colorado,Saturday,1,No
Colorado,Friday,1,No
Colorado,Sunday,1,No
Colorado,Sunday,1,Yes
Colorado,Monday,1,No
Colorado,Wednesday,1,No
Colorado,Wednesday,1,Yes
Colorado,Thursday,1,No
Colorado,Friday,1,No
Colorado,Friday,1,No
Colorado,Friday,1,Yes
Colorado,Thursday,1,No
Colorado,Friday,1,Yes
Colorado,Saturday,1,No
Colorado,Sunday,1,No
Colorado,Monday,1,Yes
Colorado,Saturday,1,No
Colorado,Thursday,1,No
Colorado,Wednesday,1,No
Colorado,Friday,1,No
Colorado,Saturday,1,No
Colorado,Saturday,1,No
Colorado,Tuesday,1,No
Colorado,Thursday,1,No
Colorado,Saturday,1,Yes
Colorado,Saturday,1,No
Colorado,Sunday,2,No
Colorado,Thursday,2,No
Colorado,Sunday,1,Yes
Colorado,Friday,1,No
Colorado,Tuesday,2,No
Colorado,Friday,1,No
Colorado,Wednesday,1,No
Colorado,Sunday,1,No
Colorado,Monday,1,No
Colorado,Friday,1,No
Colorado,Friday,1,No
Colorado,Wednesday,1,Yes
Colorado,Saturday,1,Yes
Colorado,Friday,1,Yes
Colorado,Saturday,1,No
Colorado,Saturday,1,No
Colorado,Sunday,1,Yes
Colorado,Sunday,1,No
Colorado,Tuesday,1,Yes
Colorado,Sunday,1,Yes
Colorado,Tuesday,1,No
Colorado,Tuesday,1,No
Colorado,Sunday,1,Yes
Colorado,Sunday,1,Yes
Colorado,Friday,1,No
Colorado,Friday,1,No
Colorado,Friday,1,No
Colorado,Sunday,2,Yes
Colorado,Sunday,1,No
Colorado,Sunday,1,Yes
Colorado,Thursday,1,Yes
Colorado,Thursday,1,No
Colorado,Wednesday,1,No
Colorado,Wednesday,3,Yes
Colorado,Tuesday,1,No
Colorado,Friday,1,Yes
Colorado,Friday,1,Yes
Colorado,Friday,1,No
Colorado,Tuesday,1,No
Colorado,Monday,2,Yes
Colorado,Wednesday,1,No
Colorado,Wednesday,1,No
Colorado,Thursday,1,No
Colorado,Thursday,1,No
Colorado,Friday,1,Yes
Colorado,Friday,1,Yes
Colorado,Sunday,1,No
Colorado,Thursday,1,No
Colorado,Sunday,1,No
Colorado,Thursday,2,Yes
Colorado,Sunday,1,No
Colorado,Sunday,1,No
Colorado,Saturday,1,No
Colorado,Wednesday,1,No
Colorado,Saturday,1,No
Colorado,Sunday,1,Yes
Colorado,Sunday,1,Yes
Colorado,Saturday,1,Yes
Colorado,Friday,1,No
Colorado,Tuesday,1,No
Colorado,Thursday,1,No
Colorado,Tuesday,1,No
Colorado,Tuesday,1,No
Colorado,Tuesday,1,No
Colorado,Saturday,1,No
Colorado,Monday,1,No
Colorado,Sunday,1,No
Colorado,Thursday,1,No
Connecticut,Wednesday,1,Yes
Connecticut,Sunday,1,Yes
Connecticut,Monday,2,No
Connecticut,Sunday,3,No
Connecticut,Thursday,1,Yes
Connecticut,Monday,1,No
Connecticut,Thursday,1,No
Connecticut,Monday,1,Yes
Connecticut,Wednesday,1,No
Connecticut,Saturday,1,No
Connecticut,Monday,1,Yes
Connecticut,Tuesday,2,No
Connecticut,Thursday,1,No
Connecticut,Wednesday,1,No
Connecticut,Tuesday,1,Yes
Connecticut,Friday,1,No
Connecticut,Saturday,1,Yes
Connecticut,Saturday,1,Yes
Connecticut,Tuesday,1,Yes
Connecticut,Thursday,1,Yes
Connecticut,Saturday,1,Yes
Connecticut,Friday,1,No
Connecticut,Saturday,1,No
Connecticut,Sunday,1,No
Connecticut,Sunday,1,No
Connecticut,Friday,1,No
Connecticut,Wednesday,1,No
Connecticut,Thursday,1,No
Connecticut,Thursday,1,No
Connecticut,Tuesday,1,No
Connecticut,Tuesday,1,No
Connecticut,Sunday,1,No
Connecticut,Sunday,1,No
Connecticut,Sunday,2,No
Connecticut,Friday,1,No
Connecticut,Saturday,1,No
Connecticut,Saturday,1,No
Connecticut,Sunday,1,No
Connecticut,Tuesday,1,No
Connecticut,Saturday,1,No
Connecticut,Thursday,1,Yes
Connecticut,Monday,1,No
Connecticut,Saturday,1,Yes
Connecticut,Monday,1,No
Connecticut,Sunday,1,No
Connecticut,Sunday,1,No
Connecticut,Monday,1,No
Connecticut,Friday,1,Yes
Connecticut,Friday,1,No
Connecticut,Wednesday,1,No
Connecticut,Wednesday,1,No
Connecticut,Friday,2,No
Connecticut,Monday,1,Yes
Connecticut,Monday,1,No
Connecticut,Saturday,1,Yes
Connecticut,Saturday,1,No
Connecticut,Sunday,1,Yes
Connecticut,Friday,1,No
Connecticut,Tuesday,1,No
Connecticut,Thursday,1,Yes
Connecticut,Wednesday,1,Yes
Connecticut,Saturday,1,No
Connecticut,Saturday,1,Yes
Connecticut,Wednesday,1,No
Connecticut,Saturday,1,No
Connecticut,Thursday,1,Yes
Connecticut,Monday,1,No
Connecticut,Saturday,1,Yes
Connecticut,Monday,1,Yes
Connecticut,Saturday,1,Yes
Connecticut,Thursday,1,No
Connecticut,Sunday,2,Yes
Connecticut,Wednesday,1,No
Connecticut,Wednesday,1,No
Connecticut,Thursday,1,No
Connecticut,Sunday,1,No
Connecticut,Sunday,1,No
Connecticut,Wednesday,1,No
Connecticut,Tuesday,1,Yes
Connecticut,Sunday,1,No
Connecticut,Tuesday,1,No
Connecticut,Friday,1,No
Connecticut,Saturday,1,No
Connecticut,Friday,1,No
Connecticut,Saturday,1,Yes
Connecticut,Sunday,1,Yes
Connecticut,Tuesday,1,No
Connecticut,Wednesday,1,No
Connecticut,Wednesday,1,Yes
Connecticut,Sunday,1,No
Connecticut,Tuesday,1,No
Connecticut,Saturday,1,Yes
Connecticut,Saturday,1,Yes
Connecticut,Tuesday,1,No
Connecticut,Tuesday,1,No
Connecticut,Tuesday,1,Yes
Connecticut,Tuesday,1,No
Connecticut,Saturday,1,Yes
Connecticut,Thursday,1,No
Connecticut,Thursday,2,No
Connecticut,Saturday,1,Yes
Connecticut,Saturday,1,Yes
Connecticut,Friday,1,No
Connecticut,Sunday,1,No
Connecticut,Wednesday,1,No
Connecticut,Friday,1,Yes
Connecticut,Tuesday,1,No
Connecticut,Monday,1,Yes
Connecticut,Wednesday,2,Yes
Connecticut,Monday,1,No
Connecticut,Friday,1,Yes
Connecticut,Friday,1,No
Connecticut,Sunday,3,No
Connecticut,Wednesday,1,No
Connecticut,Friday,1,Yes
Connecticut,Monday,1,No
Connecticut,Monday,1,No
Connecticut,Friday,1,No
Connecticut,Monday,1,Yes
Connecticut,Friday,1,Yes
Connecticut,Friday,1,Yes
Connecticut,Thursday,1,No
Connecticut,Monday,1,No
Connecticut,Monday,1,Yes
Connecticut,Saturday,1,No
Connecticut,Sunday,1,No
Connecticut,Sunday,1,Yes
Connecticut,Friday,1,Yes
Connecticut,Wednesday,1,No
Connecticut,Monday,1,No
Connecticut,Saturday,1,No
Connecticut,Friday,1,No
Connecticut,Saturday,1,No
Connecticut,Sunday,1,No
Connecticut,Saturday,1,Yes
Connecticut,Tuesday,1,No
Connecticut,Thursday,1,No
Connecticut,Wednesday,1,No
Connecticut,Thursday,1,No
Connecticut,Monday,1,No
Connecticut,Wednesday,1,No
Connecticut,Saturday,1,No
Connecticut,Tuesday,1,No
Connecticut,Friday,1,No
Connecticut,Saturday,1,No
Connecticut,Saturday,1,No
Connecticut,Sunday,1,No
Connecticut,Monday,1,No
Connecticut,Wednesday,1,No
Connecticut,Saturday,1,No
Connecticut,Saturday,1,No
Connecticut,Saturday,2,No
Connecticut,Wednesday,1,No
Connecticut,Saturday,1,No
Connecticut,Thursday,1,Yes
Connecticut,Thursday,1,No
Connecticut,Saturday,1,No
Connecticut,Friday,1,No
Connecticut,Monday,1,No
Connecticut,Tuesday,1,Yes
Connecticut,Monday,1,Yes
Connecticut,Tuesday,1,No
Connecticut,Friday,1,No
Connecticut,Monday,1,No
Connecticut,Tuesday,1,No
Connecticut,Tuesday,1,No
Connecticut,Sunday,1,No
Connecticut,Tuesday,1,No
Connecticut,Tuesday,1,No
Connecticut,Friday,1,No
Connecticut,Wednesday,1,No
Connecticut,Wednesday,1,No
Connecticut,Tuesday,1,No
Connecticut,Thursday,1,No
Connecticut,Thursday,1,No
Connecticut,Tuesday,1,No
Connecticut,Monday,1,No
Connecticut,Saturday,1,No
Connecticut,Sunday,1,No
Connecticut,Friday,1,No
Connecticut,Friday,1,No
Connecticut,Wednesday,1,No
Connecticut,Sunday,1,No
Connecticut,Thursday,1,No
Connecticut,Sunday,1,No
Connecticut,Sunday,1,No
Connecticut,Saturday,1,No
Connecticut,Friday,1,No
Connecticut,Sunday,1,No
Connecticut,Saturday,2,No
Connecticut,Saturday,1,No
Connecticut,Tuesday,1,No
Connecticut,Wednesday,1,No
Connecticut,Thursday,1,No
Connecticut,Friday,1,No
Connecticut,Saturday,1,No
Connecticut,Sunday,1,No
Connecticut,Thursday,1,No
Connecticut,Friday,1,Yes
Connecticut,Saturday,1,No
Connecticut,Wednesday,1,Yes
Connecticut,Wednesday,1,No
Connecticut,Wednesday,1,No
Connecticut,Sunday,1,No
Connecticut,Saturday,1,No
Connecticut,Wednesday,1,No
Connecticut,Saturday,1,No
Connecticut,Tuesday,1,No
Connecticut,Monday,1,Yes
Connecticut,Monday,1,No
Connecticut,Tuesday,1,No
Connecticut,Friday,1,No
Connecticut,Sunday,1,No
Connecticut,Friday,1,Yes
Connecticut,Saturday,1,No
Connecticut,Tuesday,1,No
Connecticut,Tuesday,1,No
Connecticut,Thursday,1,No
Connecticut,Thursday,1,No
Connecticut,Tuesday,1,No
Connecticut,Wednesday,1,No
Connecticut,Friday,1,Yes
Connecticut,Tuesday,1,No
Connecticut,Sunday,1,No
Connecticut,Wednesday,1,No
Connecticut,Friday,1,No
Connecticut,Thursday,1,No
Connecticut,Saturday,1,No
Connecticut,Friday,1,No
Connecticut,Saturday,1,No
Connecticut,Thursday,1,No
Connecticut,Monday,1,No
Connecticut,Wednesday,1,No
Connecticut,Saturday,1,No
Connecticut,Wednesday,1,No
Connecticut,Thursday,1,No
Connecticut,Saturday,1,No
Connecticut,Sunday,1,No
Connecticut,Thursday,1,No
Connecticut,Sunday,1,No
Connecticut,Wednesday,1,No
Connecticut,Friday,1,No
Connecticut,Monday,1,No
Connecticut,Saturday,1,No
Connecticut,Tuesday,1,No
Connecticut,Sunday,1,No
Connecticut,Friday,2,No
Connecticut,Saturday,1,No
Connecticut,Tuesday,1,No
Connecticut,Saturday,1,Yes
Connecticut,Wednesday,1,No
Connecticut,Sunday,1,Yes
Connecticut,Sunday,2,Yes
Connecticut,Thursday,1,No
Connecticut,Monday,1,No
Connecticut,Tuesday,3,No
Connecticut,Saturday,1,Yes
Connecticut,Friday,1,No
Connecticut,Thursday,1,Yes
Connecticut,Monday,1,No
Connecticut,Saturday,1,No
Connecticut,Thursday,1,No
Connecticut,Thursday,1,No
Connecticut,Friday,1,No
Connecticut,Tuesday,1,Yes
Connecticut,Sunday,1,Yes
Connecticut,Tuesday,1,No
Connecticut,Tuesday,1,Yes
Connecticut,Thursday,1,No
Connecticut,Friday,1,Yes
Connecticut,Sunday,1,No
Connecticut,Sunday,1,No
Connecticut,Sunday,1,No
Connecticut,Monday,2,No
Connecticut,Friday,1,Yes
Connecticut,Tuesday,1,No
Delaware,Friday,1,Yes
Delaware,Saturday,1,Yes
Delaware,Monday,1,No
Delaware,Wednesday,1,Yes
Delaware,Wednesday,1,No
Delaware,Monday,1,Yes
Delaware,Tuesday,1,No
Delaware,Thursday,1,No
Delaware,Friday,1,No
Delaware,Sunday,1,No
Delaware,Monday,1,No
Delaware,Saturday,1,No
Delaware,Friday,1,No
Delaware,Saturday,2,No
Delaware,Friday,1,Yes
Delaware,Friday,1,Yes
Delaware,Friday,1,No
Delaware,Sunday,1,No
Delaware,Monday,1,No
Delaware,Friday,1,No
Delaware,Thursday,1,No
Delaware,Friday,1,No
Delaware,Saturday,1,Yes
Delaware,Thursday,1,No
Delaware,Wednesday,1,No
Delaware,Sunday,1,No
Delaware,Tuesday,1,Yes
Delaware,Monday,1,No
Delaware,Thursday,1,Yes
Delaware,Friday,1,No
Delaware,Sunday,1,Yes
Delaware,Wednesday,1,Yes
Delaware,Thursday,1,No
Delaware,Saturday,1,Yes
Delaware,Wednesday,1,No
Delaware,Saturday,1,No
Delaware,Monday,1,No
Delaware,Tuesday,1,No
Delaware,Monday,1,No
Delaware,Wednesday,1,No
Delaware,Saturday,1,No
Delaware,Saturday,1,Yes
Delaware,Monday,1,Yes
Delaware,Tuesday,1,No
Delaware,Saturday,1,Yes
Delaware,Sunday,1,No
Delaware,Friday,1,No
Delaware,Friday,5,No
Delaware,Wednesday,1,Yes
Delaware,Saturday,1,No
Delaware,Tuesday,1,No
Delaware,Tuesday,1,No
Delaware,Saturday,1,Yes
Delaware,Monday,1,No
Delaware,Sunday,1,No
Delaware,Sunday,1,No
Delaware,Monday,1,No
Delaware,Monday,1,No
Delaware,Wednesday,1,No
Delaware,Friday,1,Yes
Delaware,Friday,1,No
Delaware,Friday,1,No
Delaware,Friday,1,No
Delaware,Friday,1,No
Delaware,Friday,1,No
Delaware,Saturday,1,No
Delaware,Friday,1,No
Delaware,Friday,1,No
Delaware,Wednesday,1,No
Delaware,Thursday,1,No
Delaware,Monday,1,No
Delaware,Saturday,1,No
Delaware,Wednesday,1,No
Delaware,Friday,1,No
Delaware,Saturday,2,No
Delaware,Sunday,1,Yes
Delaware,Monday,1,No
Delaware,Friday,1,No
Delaware,Thursday,1,No
Delaware,Wednesday,1,No
Delaware,Sunday,1,No
Delaware,Sunday,1,No
Delaware,Sunday,1,Yes
Delaware,Thursday,1,Yes
Delaware,Friday,1,No
Delaware,Tuesday,1,No
Delaware,Friday,1,No
Delaware,Friday,1,No
Delaware,Friday,1,No
Delaware,Sunday,1,No
Delaware,Saturday,1,Yes
Delaware,Friday,1,Yes
Delaware,Friday,1,No
Delaware,Tuesday,1,No
Delaware,Saturday,1,No
Delaware,Wednesday,1,No
Delaware,Friday,1,No
Delaware,Saturday,1,No
Delaware,Tuesday,1,No
Delaware,Monday,1,No
Delaware,Tuesday,1,Yes
Delaware,Monday,2,Yes
Delaware,Wednesday,1,Yes
Delaware,Saturday,1,Yes
District of Columbia,Monday,1,No
District of Columbia,Tuesday,1,No
District of Columbia,Tuesday,1,Yes
District of Columbia,Wednesday,1,No
District of Columbia,Tuesday,1,No
District of Columbia,Thursday,1,No
District of Columbia,Friday,1,Yes
District of Columbia,Friday,1,No
District of Columbia,Sunday,1,No
District of Columbia,Friday,1,No
District of Columbia,Friday,1,No
District of Columbia,Sunday,1,No
District of Columbia,Saturday,1,No
District of Columbia,Friday,1,Yes
District of Columbia,Friday,1,No
District of Columbia,Saturday,1,No
District of Columbia,Friday,1,No
District of Columbia,Tuesday,1,No
District of Columbia,Monday,1,No
District of Columbia,Friday,1,No
District of Columbia,Wednesday,1,No
District of Columbia,Thursday,1,Yes
District of Columbia,Thursday,1,No
District of Columbia,Saturday,1,Yes
District of Columbia,Saturday,1,No
District of Columbia,Wednesday,1,No
District of Columbia,Tuesday,1,No
District of Columbia,Sunday,1,No
District of Columbia,Wednesday,2,No
District of Columbia,Monday,1,No
Florida,Friday,1,No
Florida,Tuesday,1,No
Florida,Sunday,1,No
Florida,Sunday,1,No
Florida,Saturday,1,No
Florida,Tuesday,1,No
Florida,Friday,1,No
Florida,Friday,1,No
Florida,Tuesday,1,No
Florida,Tuesday,1,No
Florida,Thursday,1,No
Florida,Wednesday,1,No
Florida,Monday,1,No
Florida,Wednesday,1,No
Florida,Monday,1,No
Florida,Monday,1,Yes
Florida,Monday,1,No
Florida,Monday,1,No
Florida,Thursday,1,No
Florida,Monday,1,No
Florida,Tuesday,1,No
Florida,Saturday,3,Yes
Florida,Sunday,1,No
Florida,Tuesday,1,No
Florida,Monday,1,Yes
Florida,Saturday,3,No
Florida,Sunday,1,No
Florida,Friday,1,No
Florida,Friday,2,No
Florida,Wednesday,1,No
Florida,Saturday,1,Yes
Florida,Monday,1,No
Florida,Monday,1,No
Florida,Monday,1,No
Florida,Wednesday,1,No
Florida,Tuesday,1,No
Florida,Wednesday,1,Yes
Florida,Wednesday,1,No
Florida,Thursday,1,No
Florida,Wednesday,1,No
Florida,Wednesday,1,No
Florida,Friday,1,No
Florida,Wednesday,1,Yes
Florida,Saturday,1,Yes
Florida,Friday,1,No
Florida,Tuesday,1,Yes
Florida,Saturday,1,No
Florida,Sunday,1,No
Florida,Monday,1,Yes
Florida,Monday,1,No
Florida,Tuesday,1,No
Florida,Saturday,1,No
Florida,Sunday,1,Yes
Florida,Tuesday,1,No
Florida,Monday,1,No
Florida,Monday,1,No
Florida,Tuesday,1,No
Florida,Monday,1,No
Florida,Saturday,1,No
Florida,Friday,1,No
Florida,Wednesday,1,No
Florida,Friday,1,No
Florida,Wednesday,1,No
Florida,Wednesday,1,No
Florida,Saturday,1,No
Florida,Monday,1,Yes
Florida,Friday,1,No
Florida,Sunday,1,No
Florida,Wednesday,1,No
Florida,Monday,1,No
Florida,Wednesday,1,No
Florida,Monday,1,Yes
Florida,Thursday,1,No
Florida,Saturday,1,No
Florida,Wednesday,1,No
Florida,Sunday,1,No
Florida,Saturday,1,No
Florida,Monday,1,Yes
Florida,Wednesday,1,No
Florida,Thursday,1,No
Florida,Friday,1,No
Florida,Friday,1,Yes
Florida,Sunday,1,Yes
Florida,Thursday,1,Yes
Florida,Friday,1,No
Florida,Thursday,1,Yes
Florida,Wednesday,1,No
Florida,Friday,2,No
Florida,Thursday,1,No
Florida,Sunday,1,No
Florida,Wednesday,1,No
Florida,Tuesday,3,No
Florida,Saturday,2,No
Florida,Thursday,1,No
Florida,Saturday,1,No
Florida,Monday,1,No
Florida,Wednesday,1,Yes
Florida,Monday,1,No
Florida,Thursday,1,No
Florida,Sunday,1,No
Florida,Saturday,2,No
Florida,Monday,1,No
Florida,Friday,1,Yes
Florida,Tuesday,1,No
Florida,Thursday,1,No
Florida,Thursday,1,Yes
Florida,Wednesday,1,No
Florida,Thursday,2,Yes
Florida,Wednesday,1,No
Florida,Sunday,1,No
Florida,Wednesday,1,Yes
Florida,Monday,1,Yes
Florida,Monday,1,No
Florida,Sunday,1,No
Florida,Friday,1,No
Florida,Sunday,1,Yes
Florida,Sunday,1,No
Florida,Wednesday,1,No
Florida,Wednesday,1,Yes
Florida,Tuesday,1,No
Florida,Thursday,1,No
Florida,Thursday,1,No
Florida,Wednesday,1,No
Florida,Thursday,1,No
Florida,Sunday,1,No
Florida,Monday,1,No
Florida,Sunday,1,Yes
Florida,Wednesday,1,No
Florida,Friday,1,Yes
Florida,Sunday,1,No
Florida,Wednesday,1,No
Florida,Saturday,1,Yes
Florida,Saturday,1,Yes
Florida,Saturday,1,Yes
Florida,Thursday,1,No
Florida,Wednesday,1,No
Florida,Wednesday,1,No
Florida,Friday,1,Yes
Florida,Thursday,1,Yes
Florida,Friday,1,No
Florida,Friday,1,No
Florida,Monday,1,No
Florida,Saturday,1,No
Florida,Wednesday,1,No
Florida,Monday,1,Yes
Florida,Monday,1,Yes
Florida,Saturday,1,No
Florida,Sunday,1,No
Florida,Monday,1,Yes
Florida,Sunday,1,No
Florida,Sunday,1,No
Florida,Wednesday,1,No
Florida,Thursday,1,No
Florida,Sunday,1,Yes
Florida,Friday,1,No
Florida,Sunday,1,No
Florida,Monday,1,No
Florida,Saturday,1,No
Florida,Monday,1,No
Florida,Thursday,1,No
Florida,Wednesday,1,No
Florida,Monday,1,No
Florida,Tuesday,1,No
Florida,Saturday,1,No
Florida,Saturday,1,No
Florida,Wednesday,1,No
Florida,Friday,1,No
Florida,Monday,1,No
Florida,Tuesday,1,No
Florida,Monday,1,No
Florida,Sunday,1,No
Florida,Friday,1,No
Florida,Tuesday,1,No
Florida,Sunday,1,No
Florida,Friday,1,No
Florida,Saturday,1,No
Florida,Thursday,1,Yes
Florida,Monday,1,Yes
Florida,Thursday,1,No
Florida,Sunday,2,Yes
Florida,Saturday,1,No
Florida,Sunday,1,No
Florida,Friday,2,No
Florida,Saturday,1,No
Florida,Saturday,2,No
Florida,Friday,1,No
Florida,Saturday,1,Yes
Florida,Thursday,1,No
Florida,Friday,1,No
Florida,Tuesday,1,No
Florida,Friday,1,No
Florida,Wednesday,1,No
Florida,Friday,1,No
Florida,Monday,1,No
Florida,Wednesday,1,Yes
Florida,Wednesday,1,No
Florida,Saturday,1,No
Florida,Saturday,1,No
Florida,Tuesday,1,No
Florida,Saturday,1,No
Florida,Thursday,1,No
Florida,Tuesday,1,No
Florida,Sunday,1,No
Florida,Thursday,1,Yes
Florida,Friday,1,No
Florida,Tuesday,1,No
Florida,Saturday,1,Yes
Florida,Monday,1,No
Florida,Sunday,1,Yes
Florida,Sunday,1,Yes
Florida,Thursday,1,No
Florida,Thursday,1,No
Florida,Saturday,1,No
Florida,Thursday,1,No
Florida,Wednesday,1,Yes
Florida,Friday,3,Yes
Florida,Friday,1,No
Florida,Tuesday,1,No
Florida,Sunday,1,No
Florida,Saturday,1,No
Florida,Monday,1,No
Florida,Thursday,1,No
Florida,Monday,1,No
Florida,Saturday,1,No
Florida,Thursday,1,No
Florida,Wednesday,1,No
Florida,Thursday,1,No
Florida,Saturday,1,No
Florida,Sunday,1,Yes
Florida,Saturday,1,No
Florida,Wednesday,1,No
Florida,Saturday,1,No
Florida,Friday,1,Yes
Florida,Monday,1,No
Florida,Wednesday,1,Yes
Florida,Monday,1,No
Florida,Thursday,1,No
Florida,Saturday,1,No
Florida,Tuesday,1,Yes
Florida,Sunday,1,No
Florida,Thursday,1,Yes
Florida,Tuesday,1,No
Florida,Friday,1,No
Florida,Wednesday,1,No
Florida,Friday,1,No
Florida,Tuesday,1,No
Florida,Friday,1,No
Florida,Friday,1,Yes
Florida,Thursday,1,Yes
Florida,Friday,1,No
Florida,Friday,1,No
Florida,Wednesday,2,No
Florida,Sunday,1,No
Florida,Monday,1,Yes
Florida,Thursday,1,No
Florida,Friday,2,No
Florida,Monday,1,No
Florida,Thursday,1,No
Florida,Friday,1,No
Florida,Monday,1,No
Florida,Tuesday,1,No
Florida,Wednesday,1,No
Florida,Saturday,1,No
Florida,Wednesday,1,No
Florida,Tuesday,1,No
Florida,Thursday,1,No
Florida,Thursday,1,No
Florida,Tuesday,1,No
Florida,Friday,1,No
Florida,Wednesday,1,No
Florida,Friday,1,No
Florida,Sunday,1,Yes
Florida,Tuesday,1,No
Florida,Wednesday,1,No
Florida,Friday,1,Yes
Florida,Thursday,1,No
Florida,Tuesday,1,No
Florida,Sunday,1,Yes
Florida,Thursday,1,No
Florida,Thursday,1,No
Florida,Friday,1,No
Florida,Friday,1,No
Florida,Sunday,1,Yes
Florida,Wednesday,1,No
Florida,Saturday,1,No
Florida,Saturday,1,No
Florida,Monday,1,No
Florida,Saturday,1,No
Florida,Tuesday,1,No
Florida,Thursday,1,No
Florida,Friday,1,No
Florida,Sunday,1,No
Florida,Wednesday,1,No
Florida,Sunday,1,No
Florida,Tuesday,1,No
Florida,Friday,1,No
Florida,Wednesday,1,Yes
Florida,Monday,1,Yes
Florida,Monday,1,No
Florida,Sunday,1,No
Florida,Wednesday,1,No
Florida,Wednesday,1,Yes
Florida,Saturday,1,Yes
Florida,Friday,1,Yes
Florida,Monday,1,Yes
Florida,Friday,1,No
Florida,Sunday,1,No
Florida,Wednesday,1,No
Florida,Saturday,1,No
Florida,Wednesday,1,No
Florida,Sunday,1,No
Florida,Friday,1,No
Florida,Sunday,1,No
Florida,Thursday,1,No
Florida,Sunday,1,No
Florida,Wednesday,1,No
Florida,Saturday,2,Yes
Florida,Monday,1,No
Florida,Wednesday,1,No
Florida,Wednesday,1,No
Florida,Wednesday,1,No
Florida,Tuesday,2,Yes
Florida,Sunday,1,No
Florida,Thursday,1,No
Florida,Wednesday,1,Yes
Florida,Friday,1,No
Florida,Tuesday,1,No
Florida,Wednesday,1,No
Florida,Sunday,1,No
Florida,Saturday,1,No
Florida,Friday,1,No
Florida,Monday,1,No
Florida,Saturday,1,No
Florida,Monday,1,No
Florida,Wednesday,1,No
Florida,Friday,2,No
Florida,Sunday,1,No
Florida,Saturday,1,No
Florida,Wednesday,1,No
Florida,Sunday,1,No
Florida,Wednesday,1,Yes
Florida,Sunday,1,No
Florida,Sunday,1,No
Florida,Tuesday,1,No
Florida,Sunday,1,Yes
Florida,Monday,1,No
Florida,Wednesday,1,No
Florida,Monday,1,Yes
Florida,Saturday,1,Yes
Florida,Wednesday,1,No
Florida,Friday,1,No
Florida,Friday,1,No
Florida,Sunday,1,Yes
Florida,Monday,1,No
Florida,Monday,1,No
Florida,Friday,1,No
Florida,Thursday,2,No
Florida,Monday,1,No
Florida,Friday,1,No
Florida,Wednesday,1,No
Florida,Monday,1,Yes
Florida,Monday,1,No
Florida,Friday,1,No
Florida,Sunday,1,Yes
Florida,Saturday,1,Yes
Florida,Sunday,1,No
Florida,Saturday,1,No
Florida,Sunday,1,No
Florida,Friday,1,No
Florida,Tuesday,1,No
Florida,Saturday,1,No
Florida,Monday,1,No
Florida,Monday,1,No
Florida,Saturday,2,No
Florida,Saturday,1,No
Florida,Wednesday,1,No
Florida,Saturday,2,No
Florida,Sunday,1,No
Florida,Tuesday,1,No
Florida,Friday,1,No
Florida,Wednesday,1,No
Florida,Wednesday,1,No
Florida,Friday,1,Yes
Florida,Monday,1,No
Florida,Monday,1,Yes
Florida,Friday,1,Yes
Florida,Wednesday,1,Yes
Florida,Wednesday,1,No
Florida,Thursday,1,No
Florida,Saturday,1,No
Florida,Thursday,1,No
Florida,Thursday,1,No
Florida,Saturday,1,No
Florida,Friday,1,No
Florida,Tuesday,1,No
Florida,Thursday,1,No
Florida,Sunday,1,No
Florida,Thursday,1,No
Florida,Sunday,1,No
Florida,Monday,1,No
Florida,Thursday,1,Yes
Florida,Thursday,1,No
Florida,Wednesday,1,No
Florida,Wednesday,1,No
Florida,Monday,1,No
Florida,Monday,2,No
Florida,Sunday,1,No
Florida,Friday,1,No
Florida,Tuesday,1,No
Florida,Tuesday,1,No
Florida,Saturday,1,No
Florida,Friday,1,No
Florida,Sunday,1,Yes
Florida,Saturday,1,Yes
Florida,Tuesday,1,No
Florida,Friday,1,Yes
Florida,Wednesday,1,No
Florida,Sunday,1,No
Florida,Monday,1,No
Florida,Monday,1,No
Florida,Friday,1,No
Florida,Friday,1,No
Florida,Friday,1,Yes
Florida,Tuesday,1,No
Florida,Wednesday,1,No
Florida,Sunday,1,No
Florida,Friday,1,No
Florida,Saturday,1,No
Florida,Tuesday,1,Yes
Florida,Thursday,1,No
Florida,Sunday,1,No
Florida,Sunday,1,No
Florida,Saturday,1,Yes
Florida,Saturday,1,No
Florida,Thursday,1,No
Florida,Friday,1,No
Florida,Wednesday,1,Yes
Florida,Sunday,1,Yes
Florida,Thursday,1,No
Florida,Sunday,1,No
Florida,Sunday,1,No
Florida,Sunday,1,Yes
Florida,Sunday,1,No
Florida,Saturday,1,No
Florida,Sunday,1,Yes
Florida,Thursday,1,No
Florida,Tuesday,1,No
Florida,Monday,1,No
Florida,Wednesday,1,No
Florida,Wednesday,1,Yes
Florida,Friday,1,No
Florida,Friday,1,No
Florida,Saturday,1,No
Florida,Tuesday,1,No
Florida,Monday,1,No
Florida,Thursday,1,No
Florida,Sunday,1,Yes
Florida,Thursday,1,No
Florida,Friday,1,No
Florida,Saturday,2,Yes
Florida,Tuesday,1,No
Florida,Saturday,1,No
Florida,Saturday,1,No
Florida,Wednesday,1,Yes
Florida,Friday,1,No
Florida,Wednesday,2,No
Florida,Monday,1,No
Florida,Friday,1,No
Florida,Saturday,1,No
Florida,Sunday,1,No
Florida,Tuesday,1,No
Florida,Saturday,2,No
Florida,Sunday,1,No
Florida,Tuesday,1,No
Florida,Wednesday,1,No
Florida,Saturday,1,No
Florida,Wednesday,1,No
Florida,Monday,1,No
Florida,Saturday,1,No
Florida,Sunday,1,No
Florida,Thursday,1,No
Florida,Saturday,1,No
Florida,Friday,1,No
Florida,Monday,1,No
Florida,Friday,1,Yes
Florida,Wednesday,1,No
Florida,Saturday,1,No
Florida,Saturday,1,Yes
Florida,Wednesday,1,No
Florida,Sunday,1,No
Florida,Monday,1,No
Florida,Sunday,1,No
Florida,Saturday,1,No
Florida,Monday,1,No
Florida,Friday,1,No
Florida,Friday,1,No
Florida,Thursday,1,Yes
Florida,Saturday,1,No
Florida,Friday,1,No
Florida,Friday,1,No
Florida,Sunday,1,Yes
Florida,Monday,1,No
Florida,Sunday,1,No
Florida,Thursday,1,No
Florida,Sunday,1,No
Florida,Sunday,1,Yes
Florida,Tuesday,1,No
Florida,Tuesday,1,No
Florida,Friday,1,Yes
Florida,Thursday,1,No
Florida,Monday,1,No
Florida,Tuesday,1,No
Florida,Sunday,1,No
Florida,Friday,1,Yes
Florida,Wednesday,1,No
Florida,Thursday,1,No
Florida,Tuesday,1,No
Florida,Wednesday,1,Yes
Florida,Thursday,1,No
Florida,Sunday,1,No
Florida,Tuesday,1,No
Florida,Sunday,1,No
Florida,Tuesday,1,No
Florida,Tuesday,1,Yes
Florida,Friday,1,No
Florida,Saturday,1,No
Florida,Sunday,1,Yes
Florida,Wednesday,1,No
Florida,Saturday,1,Yes
Florida,Tuesday,1,No
Florida,Wednesday,1,No
Florida,Saturday,1,No
Florida,Saturday,1,Yes
Florida,Monday,1,No
Florida,Saturday,1,No
Florida,Sunday,1,Yes
Florida,Sunday,1,No
Florida,Thursday,1,No
Florida,Friday,1,No
Florida,Tuesday,1,No
Florida,Wednesday,1,No
Florida,Friday,1,No
Florida,Monday,1,No
Florida,Monday,1,Yes
Florida,Friday,1,No
Florida,Thursday,1,No
Florida,Saturday,1,No
Florida,Tuesday,1,No
Florida,Saturday,1,No
Florida,Sunday,1,No
Florida,Sunday,1,Yes
Florida,Sunday,1,No
Florida,Monday,1,No
Florida,Tuesday,1,No
Florida,Tuesday,1,No
Florida,Tuesday,1,No
Florida,Sunday,1,Yes
Florida,Saturday,2,No
Florida,Monday,1,No
Florida,Sunday,1,No
Florida,Saturday,1,No
Florida,Monday,1,Yes
Florida,Saturday,1,No
Florida,Friday,1,No
Florida,Saturday,1,No
Florida,Friday,1,No
Florida,Thursday,1,Yes
Florida,Friday,1,No
Florida,Sunday,1,No
Florida,Sunday,1,Yes
Florida,Thursday,1,No
Florida,Saturday,1,Yes
Florida,Friday,2,No
Florida,Tuesday,1,No
Florida,Monday,1,Yes
Florida,Thursday,1,Yes
Florida,Sunday,2,No
Florida,Saturday,1,No
Florida,Tuesday,1,No
Florida,Friday,1,No
Florida,Friday,1,No
Florida,Wednesday,1,No
Florida,Sunday,1,No
Florida,Tuesday,1,No
Florida,Wednesday,1,No
Florida,Tuesday,1,No
Florida,Tuesday,1,No
Florida,Tuesday,1,No
Florida,Tuesday,1,No
Florida,Tuesday,2,No
Florida,Monday,1,No
Florida,Thursday,1,No
Florida,Wednesday,1,No
Florida,Wednesday,1,No
Florida,Friday,1,No
Florida,Tuesday,1,No
Florida,Monday,1,No
Florida,Monday,1,No
Florida,Tuesday,1,No
Florida,Sunday,1,No
Florida,Tuesday,1,Yes
Florida,Wednesday,1,No
Florida,Monday,1,No
Florida,Saturday,1,No
Florida,Thursday,1,No
Florida,Tuesday,1,No
Florida,Saturday,1,Yes
Florida,Saturday,1,No
Florida,Saturday,1,No
Florida,Wednesday,1,No
Florida,Monday,1,No
Florida,Friday,1,Yes
Florida,Monday,4,No
Florida,Tuesday,1,No
Florida,Saturday,1,No
Florida,Sunday,2,No
Florida,Monday,1,No
Florida,Monday,1,No
Florida,Monday,1,No
Florida,Thursday,1,No
Florida,Tuesday,1,No
Florida,Thursday,2,Yes
Florida,Saturday,1,No
Florida,Sunday,1,Yes
Florida,Tuesday,1,No
Florida,Friday,1,No
Florida,Friday,1,Yes
Florida,Tuesday,1,No
Florida,Wednesday,1,No
Florida,Monday,1,Yes
Florida,Monday,1,Yes
Florida,Saturday,1,Yes
Florida,Saturday,1,Yes
Florida,Wednesday,1,No
Florida,Wednesday,1,No
Florida,Wednesday,1,No
Florida,Tuesday,1,No
Florida,Friday,1,No
Florida,Sunday,1,No
Florida,Sunday,1,No
Florida,Friday,1,No
Florida,Monday,1,No
Florida,Wednesday,1,No
Florida,Tuesday,1,No
Florida,Sunday,1,No
Florida,Thursday,1,No
Florida,Friday,1,Yes
Florida,Tuesday,1,No
Florida,Sunday,1,Yes
Florida,Saturday,1,Yes
Florida,Sunday,1,Yes
Florida,Sunday,1,No
Florida,Monday,1,No
Florida,Thursday,1,No
Florida,Friday,1,Yes
Florida,Thursday,1,Yes
Florida,Friday,1,No
Florida,Thursday,1,No
Florida,Friday,1,No
Florida,Friday,2,No
Florida,Wednesday,1,No
Florida,Tuesday,1,No
Florida,Sunday,1,Yes
Florida,Tuesday,1,No
Florida,Saturday,1,No
Florida,Thursday,1,No
Florida,Friday,1,No
Florida,Wednesday,1,No
Florida,Tuesday,1,No
Florida,Sunday,1,Yes
Florida,Sunday,1,No
Florida,Monday,1,No
Florida,Tuesday,1,No
Florida,Sunday,1,Yes
Florida,Wednesday,1,No
Florida,Sunday,1,No
Florida,Friday,1,No
Florida,Tuesday,1,No
Florida,Sunday,1,Yes
Florida,Monday,1,No
Florida,Monday,4,No
Florida,Wednesday,1,No
Florida,Friday,1,Yes
Florida,Monday,1,No
Florida,Saturday,1,No
Florida,Friday,1,No
Florida,Saturday,1,No
Florida,Saturday,1,No
Florida,Saturday,1,No
Florida,Thursday,1,No
Florida,Sunday,1,No
Florida,Friday,1,No
Florida,Friday,1,No
Florida,Friday,1,No
Florida,Wednesday,1,No
Florida,Sunday,1,No
Florida,Friday,1,No
Florida,Tuesday,1,No
Florida,Sunday,1,No
Florida,Wednesday,2,Yes
Florida,Sunday,1,No
Florida,Sunday,1,No
Florida,Sunday,1,Yes
Florida,Thursday,1,No
Florida,Saturday,1,No
Florida,Tuesday,1,No
Florida,Friday,1,No
Florida,Wednesday,1,No
Florida,Wednesday,1,No
Florida,Monday,1,No
Florida,Wednesday,1,No
Florida,Wednesday,1,Yes
Florida,Wednesday,1,No
Florida,Sunday,1,No
Florida,Sunday,3,No
Florida,Friday,1,No
Florida,Wednesday,1,No
Florida,Thursday,1,No
Florida,Saturday,2,No
Florida,Saturday,1,No
Florida,Thursday,1,No
Florida,Monday,1,No
Florida,Friday,1,No
Florida,Saturday,1,No
Florida,Thursday,1,No
Florida,Friday,1,No
Florida,Wednesday,1,No
Florida,Monday,1,No
Florida,Sunday,1,Yes
Florida,Sunday,2,No
Florida,Wednesday,1,No
Florida,Wednesday,1,No
Florida,Sunday,1,No
Florida,Sunday,1,Yes
Florida,Sunday,1,No
Florida,Sunday,1,No
Florida,Friday,1,No
Florida,Tuesday,1,No
Florida,Saturday,1,No
Florida,Friday,1,No
Florida,Tuesday,1,Yes
Florida,Sunday,1,Yes
Florida,Saturday,1,No
Florida,Friday,1,Yes
Florida,Wednesday,1,Yes
Florida,Thursday,1,No
Florida,Thursday,1,No
Florida,Tuesday,1,No
Florida,Thursday,1,Yes
Florida,Thursday,1,No
Florida,Tuesday,1,No
Florida,Monday,1,No
Florida,Saturday,1,No
Florida,Monday,1,No
Florida,Thursday,1,No
Florida,Sunday,1,No
Florida,Wednesday,1,No
Florida,Friday,1,No
Florida,Thursday,1,No
Florida,Sunday,1,No
Florida,Friday,1,No
Florida,Sunday,1,Yes
Florida,Saturday,1,No
Florida,Sunday,1,Yes
Florida,Thursday,1,No
Florida,Thursday,1,Yes
Florida,Sunday,1,No
Florida,Tuesday,1,No
Florida,Sunday,1,No
Florida,Tuesday,1,No
Florida,Sunday,1,Yes
Florida,Monday,1,No
Florida,Wednesday,1,No
Florida,Tuesday,1,No
Florida,Saturday,1,No
Florida,Sunday,1,Yes
Florida,Saturday,1,No
Florida,Sunday,1,No
Florida,Monday,1,No
Florida,Wednesday,1,No
Florida,Saturday,1,Yes
Florida,Thursday,1,No
Florida,Saturday,1,No
Florida,Wednesday,1,No
Florida,Saturday,1,No
Florida,Wednesday,1,No
Florida,Thursday,1,Yes
Florida,Friday,5,Yes
Florida,Friday,1,No
Florida,Sunday,1,No
Florida,Saturday,1,Yes
Florida,Saturday,2,Yes
Florida,Thursday,1,No
Florida,Friday,1,No
Florida,Tuesday,1,No
Florida,Sunday,1,No
Florida,Thursday,1,No
Florida,Sunday,1,Yes
Florida,Sunday,1,No
Florida,Tuesday,1,Yes
Florida,Sunday,1,No
Florida,Tuesday,1,No
Florida,Tuesday,1,No
Florida,Wednesday,1,No
Florida,Friday,1,No
Florida,Wednesday,1,No
Florida,Tuesday,1,No
Florida,Saturday,2,Yes
Florida,Monday,1,No
Florida,Friday,1,No
Florida,Thursday,1,No
Florida,Friday,1,No
Florida,Monday,1,Yes
Florida,Thursday,1,No
Florida,Saturday,1,Yes
Florida,Monday,1,No
Florida,Friday,1,No
Florida,Monday,1,No
Florida,Wednesday,1,No
Florida,Thursday,1,No
Florida,Thursday,1,No
Florida,Monday,1,Yes
Florida,Sunday,1,No
Florida,Saturday,1,Yes
Florida,Wednesday,1,No
Florida,Friday,1,No
Florida,Friday,1,No
Florida,Sunday,1,No
Florida,Monday,1,No
Florida,Sunday,1,Yes
Florida,Sunday,1,No
Florida,Friday,2,Yes
Florida,Wednesday,1,No
Florida,Saturday,1,No
Florida,Tuesday,1,No
Florida,Sunday,1,No
Florida,Sunday,1,No
Florida,Sunday,1,Yes
Florida,Sunday,1,No
Florida,Tuesday,1,Yes
Florida,Wednesday,1,Yes
Florida,Sunday,1,Yes
Florida,Saturday,4,No
Florida,Friday,1,No
Florida,Tuesday,1,No
Florida,Saturday,1,Yes
Florida,Wednesday,1,No
Florida,Thursday,1,No
Florida,Friday,1,No
Florida,Wednesday,1,No
Florida,Saturday,1,No
Florida,Friday,1,No
Florida,Monday,1,No
Florida,Sunday,1,Yes
Florida,Tuesday,1,No
Florida,Tuesday,1,No
Florida,Saturday,1,No
Florida,Sunday,1,No
Florida,Sunday,2,Yes
Florida,Tuesday,1,No
Florida,Monday,1,No
Florida,Monday,1,No
Florida,Tuesday,1,No
Florida,Friday,1,No
Florida,Wednesday,1,No
Florida,Saturday,1,Yes
Florida,Sunday,1,No
Florida,Tuesday,1,No
Florida,Friday,1,Yes
Florida,Tuesday,1,No
Florida,Friday,1,Yes
Florida,Tuesday,1,No
Florida,Thursday,1,No
Florida,Tuesday,1,Yes
Florida,Wednesday,2,Yes
Florida,Sunday,1,Yes
Florida,Wednesday,1,No
Florida,Friday,1,No
Florida,Monday,1,Yes
Florida,Wednesday,1,No
Florida,Sunday,1,No
Florida,Wednesday,1,No
Florida,Tuesday,1,No
Florida,Wednesday,1,No
Florida,Wednesday,1,Yes
Florida,Wednesday,1,No
Florida,Friday,1,No
Florida,Tuesday,1,Yes
Florida,Friday,1,No
Florida,Tuesday,1,Yes
Florida,Tuesday,1,No
Florida,Thursday,1,No
Florida,Saturday,1,No
Florida,Friday,1,No
Florida,Saturday,1,No
Florida,Saturday,3,No
Florida,Thursday,1,No
Florida,Sunday,3,No
Florida,Tuesday,1,No
Florida,Friday,2,No
Florida,Friday,1,No
Florida,Monday,1,Yes
Florida,Sunday,1,No
Florida,Thursday,1,No
Florida,Tuesday,1,No
Florida,Sunday,1,No
Florida,Monday,1,No
Florida,Thursday,1,Yes
Florida,Wednesday,1,No
Florida,Thursday,1,Yes
Florida,Tuesday,1,Yes
Florida,Saturday,1,No
Florida,Sunday,1,No
Florida,Tuesday,1,No
Florida,Thursday,1,No
Florida,Saturday,2,No
Florida,Wednesday,1,No
Florida,Sunday,1,No
Florida,Friday,1,No
Florida,Tuesday,1,No
Florida,Tuesday,1,No
Florida,Sunday,1,No
Florida,Wednesday,1,No
Florida,Wednesday,1,No
Florida,Friday,1,No
Florida,Monday,1,No
Florida,Tuesday,1,No
Florida,Monday,1,No
Florida,Wednesday,2,No
Florida,Thursday,1,No
Florida,Tuesday,1,No
Florida,Thursday,1,No
Florida,Sunday,1,No
Florida,Saturday,1,No
Florida,Tuesday,1,Yes
Florida,Saturday,1,No
Florida,Friday,1,No
Florida,Monday,1,No
Florida,Sunday,1,No
Florida,Tuesday,1,No
Florida,Friday,1,Yes
Florida,Thursday,1,No
Florida,Friday,1,No
Florida,Monday,1,No
Florida,Monday,1,No
Florida,Saturday,1,No
Florida,Thursday,1,Yes
Florida,Saturday,1,No
Florida,Sunday,1,No
Florida,Saturday,1,No
Florida,Sunday,1,Yes
Florida,Wednesday,1,No
Florida,Friday,1,No
Florida,Sunday,1,No
Florida,Tuesday,2,No
Florida,Wednesday,2,No
Florida,Saturday,1,Yes
Florida,Sunday,2,Yes
Florida,Tuesday,1,No
Florida,Monday,1,No
Florida,Tuesday,1,No
Florida,Wednesday,1,Yes
Florida,Saturday,1,No
Florida,Friday,1,No
Florida,Wednesday,1,No
Florida,Sunday,1,No
Florida,Monday,1,No
Florida,Friday,1,No
Florida,Sunday,1,No
Florida,Saturday,1,Yes
Florida,Sunday,1,No
Florida,Thursday,1,Yes
Florida,Thursday,1,No
Florida,Friday,1,No
Florida,Sunday,1,No
Florida,Monday,1,No
Florida,Tuesday,1,No
Florida,Monday,1,Yes
Florida,Saturday,1,No
Florida,Tuesday,1,No
Florida,Thursday,1,No
Florida,Monday,1,No
Florida,Wednesday,1,Yes
Florida,Thursday,1,No
Florida,Monday,1,Yes
Florida,Wednesday,1,No
Florida,Thursday,1,No
Florida,Wednesday,1,No
Florida,Tuesday,1,No
Florida,Sunday,1,No
Florida,Saturday,1,Yes
Florida,Saturday,1,No
Florida,Thursday,1,No
Florida,Thursday,1,Yes
Florida,Saturday,1,No
Florida,Monday,1,No
Florida,Tuesday,1,Yes
Florida,Monday,1,No
Florida,Sunday,1,No
Florida,Saturday,1,No
Florida,Saturday,1,No
Florida,Thursday,1,No
Florida,Sunday,1,No
Florida,Friday,1,Yes
Florida,Monday,1,No
Florida,Sunday,1,Yes
Florida,Tuesday,1,No
Florida,Thursday,5,No
Florida,Wednesday,1,No
Florida,Friday,1,No
Florida,Monday,1,No
Florida,Sunday,1,No
Florida,Saturday,1,Yes
Florida,Friday,1,No
Florida,Wednesday,1,No
Florida,Thursday,2,No
Florida,Sunday,1,Yes
Florida,Sunday,1,No
Florida,Saturday,1,No
Florida,Saturday,1,No
Florida,Tuesday,1,No
Florida,Sunday,4,Yes
Florida,Sunday,1,Yes
Florida,Wednesday,1,No
Florida,Sunday,2,No
Florida,Monday,1,No
Florida,Monday,1,No
Florida,Sunday,1,No
Florida,Tuesday,2,No
Florida,Thursday,1,No
Florida,Sunday,1,No
Florida,Friday,1,No
Florida,Wednesday,1,No
Florida,Saturday,1,No
Florida,Thursday,1,Yes
Florida,Friday,1,No
Florida,Wednesday,1,No
Florida,Wednesday,1,No
Florida,Friday,1,No
Florida,Saturday,1,No
Florida,Saturday,1,No
Florida,Wednesday,1,Yes
Florida,Friday,1,Yes
Florida,Monday,1,No
Florida,Thursday,1,Yes
Florida,Monday,1,No
Florida,Tuesday,1,No
Florida,Sunday,1,No
Florida,Sunday,1,No
Florida,Saturday,1,No
Florida,Sunday,1,Yes
Florida,Friday,2,No
Florida,Tuesday,1,No
Florida,Saturday,1,No
Florida,Wednesday,1,No
Florida,Saturday,1,No
Florida,Wednesday,1,No
Florida,Wednesday,1,No
Florida,Thursday,1,No
Florida,Saturday,1,No
Florida,Friday,1,Yes
Florida,Friday,1,No
Florida,Thursday,1,No
Florida,Sunday,1,Yes
Florida,Sunday,1,No
Florida,Monday,1,No
Florida,Friday,1,No
Florida,Wednesday,1,No
Florida,Wednesday,1,Yes
Florida,Monday,1,No
Florida,Monday,1,No
Florida,Wednesday,2,No
Florida,Monday,1,No
Florida,Monday,1,No
Florida,Tuesday,1,No
Florida,Tuesday,1,No
Florida,Monday,1,No
Florida,Saturday,1,Yes
Florida,Monday,1,No
Florida,Monday,1,Yes
Florida,Monday,1,No
Florida,Wednesday,1,No
Florida,Friday,2,Yes
Florida,Sunday,1,Yes
Florida,Sunday,1,Yes
Florida,Tuesday,1,No
Florida,Tuesday,1,No
Florida,Wednesday,1,No
Florida,Saturday,1,No
Florida,Sunday,1,No
Florida,Saturday,1,No
Florida,Wednesday,1,No
Florida,Monday,1,No
Florida,Tuesday,1,No
Florida,Sunday,1,Yes
Florida,Sunday,1,No
Florida,Saturday,1,No
Florida,Thursday,1,No
Florida,Saturday,1,No
Florida,Monday,1,No
Florida,Wednesday,1,No
Florida,Friday,1,No
Florida,Sunday,1,No
Florida,Tuesday,1,No
Florida,Monday,1,No
Florida,Friday,1,No
Florida,Sunday,1,No
Florida,Wednesday,1,No
Florida,Friday,1,No
Florida,Sunday,1,No
Florida,Thursday,1,No
Florida,Thursday,1,No
Florida,Sunday,1,No
Florida,Thursday,1,No
Florida,Sunday,1,No
Florida,Monday,1,No
Florida,Saturday,1,Yes
Florida,Saturday,1,No
Florida,Sunday,1,Yes
Florida,Tuesday,1,No
Florida,Monday,1,No
Florida,Sunday,1,No
Florida,Tuesday,1,Yes
Florida,Saturday,1,Yes
Florida,Wednesday,1,No
Florida,Tuesday,1,No
Florida,Friday,1,No
Florida,Thursday,1,Yes
Florida,Saturday,1,No
Florida,Friday,1,Yes
Florida,Thursday,1,No
Florida,Tuesday,1,No
Florida,Tuesday,2,No
Florida,Tuesday,1,No
Florida,Sunday,1,Yes
Florida,Monday,1,No
Florida,Monday,1,No
Florida,Saturday,1,No
Florida,Saturday,1,Yes
Florida,Monday,2,Yes
Florida,Tuesday,1,No
Florida,Sunday,1,No
Florida,Wednesday,1,Yes
Florida,Wednesday,1,No
Florida,Monday,1,No
Florida,Saturday,1,No
Florida,Wednesday,1,No
Florida,Sunday,1,No
Florida,Tuesday,1,No
Florida,Saturday,1,Yes
Florida,Thursday,2,No
Florida,Friday,1,No
Florida,Thursday,1,No
Florida,Thursday,1,No
Florida,Thursday,1,No
Florida,Wednesday,1,No
Florida,Saturday,1,Yes
Florida,Friday,1,No
Florida,Monday,1,No
Florida,Friday,1,Yes
Florida,Thursday,1,Yes
Florida,Saturday,1,No
Florida,Wednesday,1,No
Florida,Monday,1,Yes
Florida,Wednesday,1,No
Florida,Tuesday,1,No
Florida,Sunday,1,No
Florida,Sunday,1,Yes
Florida,Sunday,1,No
Florida,Tuesday,1,No
Florida,Wednesday,1,Yes
Florida,Wednesday,1,No
Florida,Sunday,1,No
Florida,Sunday,1,No
Florida,Sunday,1,No
Florida,Wednesday,2,No
Florida,Thursday,1,Yes
Florida,Thursday,1,No
Florida,Thursday,1,No
Florida,Saturday,1,Yes
Florida,Thursday,1,No
Florida,Monday,1,No
Florida,Monday,1,No
Florida,Wednesday,1,Yes
Florida,Tuesday,1,No
Florida,Wednesday,1,Yes
Florida,Monday,1,No
Florida,Sunday,1,Yes
Florida,Saturday,1,No
Florida,Wednesday,1,No
Florida,Thursday,1,No
Florida,Wednesday,1,No
Florida,Wednesday,1,No
Florida,Sunday,2,No
Florida,Friday,1,No
Florida,Wednesday,1,No
Florida,Saturday,1,No
Florida,Monday,1,No
Florida,Wednesday,1,Yes
Florida,Saturday,1,No
Florida,Tuesday,1,No
Florida,Thursday,1,Yes
Florida,Saturday,1,No
Florida,Thursday,1,No
Florida,Saturday,1,Yes
Florida,Sunday,1,No
Florida,Saturday,1,No
Florida,Wednesday,1,No
Florida,Tuesday,1,No
Florida,Monday,1,No
Florida,Monday,2,Yes
Florida,Wednesday,1,No
Florida,Wednesday,1,No
Florida,Wednesday,1,No
Florida,Monday,1,No
Florida,Wednesday,1,No
Florida,Wednesday,1,No
Florida,Friday,1,No
Florida,Friday,1,No
Florida,Monday,1,Yes
Florida,Friday,1,No
Florida,Sunday,1,No
Florida,Sunday,1,Yes
Florida,Sunday,1,No
Florida,Wednesday,1,No
Florida,Sunday,1,No
Florida,Sunday,1,No
Florida,Thursday,1,No
Florida,Wednesday,1,No
Florida,Monday,1,Yes
Florida,Saturday,1,No
Florida,Sunday,1,No
Florida,Sunday,1,No
Florida,Saturday,1,No
Florida,Sunday,1,No
Florida,Saturday,1,Yes
Florida,Friday,1,No
Florida,Monday,1,No
Florida,Saturday,2,No
Florida,Monday,1,No
Florida,Sunday,1,No
Florida,Wednesday,1,No
Florida,Sunday,1,Yes
Florida,Sunday,1,Yes
Florida,Tuesday,1,No
Florida,Friday,1,No
Florida,Saturday,1,No
Florida,Thursday,1,No
Florida,Tuesday,1,No
Florida,Saturday,1,No
Florida,Saturday,2,Yes
Florida,Sunday,1,No
Florida,Friday,2,Yes
Florida,Monday,1,No
Florida,Tuesday,1,No
Florida,Friday,1,No
Florida,Wednesday,1,No
Florida,Friday,1,No
Florida,Saturday,1,No
Florida,Saturday,1,Yes
Florida,Saturday,1,No
Florida,Sunday,1,No
Florida,Saturday,1,Yes
Florida,Sunday,1,No
Florida,Friday,1,No
Florida,Monday,1,Yes
Florida,Monday,1,No
Florida,Monday,1,No
Florida,Friday,1,No
Florida,Saturday,2,Yes
Florida,Monday,1,No
Florida,Saturday,1,Yes
Florida,Monday,1,No
Florida,Sunday,1,No
Florida,Monday,1,No
Florida,Tuesday,1,Yes
Florida,Wednesday,1,No
Florida,Wednesday,1,No
Florida,Tuesday,1,Yes
Florida,Friday,1,No
Florida,Friday,1,No
Florida,Thursday,1,No
Florida,Wednesday,1,No
Florida,Friday,1,No
Florida,Sunday,1,Yes
Florida,Monday,1,No
Florida,Monday,1,No
Florida,Saturday,1,Yes
Florida,Saturday,1,No
Florida,Saturday,1,Yes
Florida,Monday,1,No
Florida,Thursday,1,No
Florida,Tuesday,2,No
Florida,Monday,1,No
Florida,Monday,2,No
Florida,Saturday,1,No
Florida,Thursday,2,No
Florida,Wednesday,1,No
Florida,Friday,1,No
Florida,Saturday,4,No
Florida,Tuesday,1,No
Florida,Monday,1,No
Florida,Saturday,1,No
Florida,Sunday,1,No
Florida,Tuesday,1,No
Florida,Monday,1,Yes
Florida,Thursday,1,No
Florida,Friday,1,Yes
Florida,Sunday,1,No
Florida,Saturday,1,Yes
Florida,Saturday,1,No
Florida,Saturday,1,No
Florida,Saturday,1,No
Florida,Friday,1,No
Florida,Wednesday,1,Yes
Florida,Friday,1,No
Florida,Friday,1,No
Florida,Wednesday,1,No
Florida,Sunday,1,No
Florida,Friday,2,No
Florida,Tuesday,1,No
Florida,Tuesday,1,No
Florida,Wednesday,1,No
Florida,Friday,3,No
Florida,Wednesday,4,No
Florida,Monday,1,No
Florida,Saturday,1,No
Florida,Friday,1,No
Florida,Thursday,1,Yes
Florida,Thursday,1,No
Florida,Saturday,1,No
Florida,Monday,1,Yes
Florida,Friday,1,No
Florida,Wednesday,1,No
Florida,Sunday,1,No
Florida,Wednesday,1,No
Florida,Friday,1,No
Florida,Sunday,1,No
Florida,Saturday,1,No
Florida,Saturday,1,Yes
Florida,Tuesday,1,No
Florida,Wednesday,1,No
Florida,Sunday,1,No
Florida,Monday,1,No
Florida,Sunday,1,No
Florida,Wednesday,1,No
Florida,Sunday,1,No
Florida,Monday,1,No
Florida,Wednesday,1,No
Florida,Saturday,1,No
Florida,Sunday,1,No
Florida,Sunday,2,No
Florida,Monday,1,No
Florida,Thursday,1,Yes
Florida,Monday,1,No
Florida,Thursday,1,No
Florida,Saturday,2,No
Florida,Tuesday,1,No
Florida,Wednesday,1,No
Florida,Monday,1,No
Florida,Monday,1,No
Florida,Friday,1,No
Florida,Monday,1,No
Florida,Thursday,1,No
Florida,Tuesday,1,No
Florida,Saturday,1,No
Florida,Friday,1,No
Florida,Wednesday,1,Yes
Florida,Tuesday,1,No
Florida,Saturday,1,No
Florida,Wednesday,1,No
Florida,Saturday,1,No
Florida,Thursday,1,No
Florida,Monday,1,No
Florida,Sunday,1,No
Florida,Saturday,1,Yes
Florida,Wednesday,1,No
Florida,Wednesday,1,No
Florida,Wednesday,1,No
Florida,Friday,1,No
Florida,Thursday,1,No
Florida,Wednesday,1,No
Florida,Friday,1,No
Florida,Friday,1,No
Florida,Saturday,1,No
Florida,Wednesday,1,Yes
Florida,Tuesday,2,No
Florida,Tuesday,1,No
Florida,Wednesday,1,No
Florida,Thursday,1,No
Florida,Tuesday,1,No
Florida,Monday,1,No
Florida,Thursday,1,No
Florida,Thursday,1,No
Florida,Sunday,1,Yes
Florida,Saturday,1,Yes
Florida,Wednesday,1,No
Florida,Sunday,2,No
Florida,Sunday,2,No
Florida,Monday,1,No
Florida,Tuesday,1,No
Florida,Friday,1,No
Florida,Friday,1,No
Florida,Monday,1,No
Florida,Tuesday,1,No
Florida,Saturday,1,No
Florida,Tuesday,1,No
Florida,Monday,2,No
Florida,Thursday,1,No
Florida,Wednesday,1,No
Florida,Sunday,1,No
Florida,Tuesday,1,No
Florida,Saturday,1,No
Florida,Sunday,1,No
Florida,Tuesday,1,No
Florida,Saturday,1,Yes
Florida,Thursday,1,Yes
Florida,Friday,1,Yes
Florida,Friday,1,No
Florida,Sunday,1,No
Florida,Tuesday,1,No
Florida,Friday,1,No
Florida,Tuesday,1,No
Florida,Tuesday,1,No
Florida,Monday,1,No
Florida,Monday,1,No
Florida,Monday,1,No
Florida,Monday,1,Yes
Florida,Tuesday,1,No
Florida,Monday,2,No
Florida,Thursday,2,Yes
Florida,Wednesday,1,No
Florida,Sunday,1,No
Florida,Wednesday,1,No
Florida,Tuesday,1,Yes
Florida,Sunday,1,No
Florida,Tuesday,1,No
Florida,Friday,1,No
Florida,Friday,1,No
Florida,Friday,1,Yes
Florida,Thursday,1,No
Florida,Sunday,1,No
Florida,Saturday,1,No
Florida,Tuesday,1,No
Florida,Friday,1,No
Florida,Monday,1,No
Florida,Saturday,1,No
Florida,Saturday,1,No
Florida,Thursday,1,No
Florida,Saturday,1,No
Florida,Thursday,1,No
Florida,Monday,1,No
Florida,Saturday,1,No
Florida,Friday,1,No
Florida,Monday,1,No
Florida,Tuesday,1,No
Florida,Monday,1,No
Florida,Saturday,1,No
Florida,Wednesday,1,Yes
Florida,Sunday,1,No
Florida,Thursday,1,Yes
Florida,Sunday,1,No
Florida,Saturday,1,No
Florida,Wednesday,1,No
Florida,Saturday,1,No
Florida,Friday,1,Yes
Florida,Monday,1,No
Florida,Saturday,1,Yes
Florida,Sunday,1,No
Florida,Saturday,1,No
Florida,Tuesday,1,No
Florida,Wednesday,1,Yes
Florida,Wednesday,1,No
Florida,Saturday,1,No
Florida,Monday,1,No
Florida,Tuesday,1,No
Florida,Monday,1,No
Florida,Friday,1,No
Florida,Saturday,1,No
Florida,Saturday,1,No
Florida,Saturday,1,No
Florida,Friday,1,No
Florida,Friday,1,No
Florida,Tuesday,1,No
Florida,Monday,1,No
Florida,Friday,1,No
Florida,Wednesday,1,No
Florida,Sunday,1,Yes
Florida,Sunday,1,No
Florida,Friday,1,Yes
Florida,Saturday,1,No
Florida,Thursday,1,Yes
Florida,Thursday,1,No
Florida,Friday,1,No
Florida,Tuesday,1,No
Florida,Thursday,1,No
Florida,Tuesday,1,No
Florida,Saturday,1,Yes
Florida,Saturday,1,No
Florida,Sunday,1,No
Florida,Sunday,1,Yes
Florida,Monday,1,No
Florida,Friday,1,No
Florida,Thursday,1,No
Florida,Sunday,2,No
Florida,Wednesday,1,Yes
Florida,Sunday,1,No
Florida,Thursday,1,No
Florida,Tuesday,1,No
Florida,Tuesday,1,No
Florida,Sunday,1,No
Florida,Sunday,1,Yes
Florida,Monday,1,Yes
Florida,Sunday,1,Yes
Florida,Saturday,1,No
Florida,Wednesday,1,No
Florida,Saturday,1,Yes
Florida,Saturday,1,Yes
Florida,Monday,1,Yes
Florida,Friday,1,No
Florida,Tuesday,1,No
Florida,Saturday,1,Yes
Florida,Saturday,1,No
Florida,Thursday,1,No
Florida,Friday,1,Yes
Florida,Friday,1,No
Florida,Saturday,1,No
Florida,Tuesday,1,No
Florida,Tuesday,1,No
Florida,Tuesday,1,No
Florida,Saturday,1,Yes
Florida,Wednesday,1,No
Florida,Saturday,1,Yes
Florida,Thursday,1,Yes
Florida,Friday,1,Yes
Florida,Tuesday,1,No
Florida,Wednesday,1,No
Florida,Thursday,1,No
Florida,Monday,1,No
Florida,Monday,1,No
Florida,Tuesday,1,No
Florida,Saturday,1,No
Florida,Sunday,1,No
Florida,Sunday,1,No
Florida,Friday,1,Yes
Florida,Saturday,1,No
Florida,Sunday,3,No
Florida,Wednesday,1,Yes
Florida,Sunday,1,Yes
Florida,Thursday,1,No
Florida,Monday,1,No
Florida,Saturday,1,No
Florida,Saturday,1,No
Florida,Thursday,1,No
Florida,Wednesday,1,No
Florida,Thursday,1,No
Florida,Thursday,1,No
Florida,Thursday,1,No
Florida,Thursday,1,No
Florida,Sunday,1,Yes
Florida,Saturday,1,Yes
Florida,Thursday,1,No
Florida,Saturday,1,Yes
Florida,Sunday,2,No
Florida,Friday,1,Yes
Florida,Thursday,1,No
Florida,Sunday,1,Yes
Florida,Thursday,1,No
Florida,Saturday,1,Yes
Florida,Saturday,1,No
Florida,Tuesday,1,Yes
Florida,Sunday,1,No
Florida,Saturday,1,No
Florida,Saturday,1,No
Florida,Saturday,1,Yes
Florida,Friday,1,Yes
Florida,Thursday,1,No
Florida,Saturday,1,No
Florida,Friday,1,No
Florida,Saturday,1,Yes
Florida,Wednesday,1,Yes
Florida,Tuesday,1,No
Florida,Tuesday,1,No
Florida,Friday,1,Yes
Florida,Thursday,1,No
Florida,Sunday,1,Yes
Florida,Friday,1,Yes
Florida,Wednesday,1,No
Florida,Monday,1,No
Florida,Sunday,1,No
Florida,Wednesday,2,No
Florida,Monday,1,No
Florida,Saturday,1,Yes
Florida,Wednesday,1,No
Florida,Saturday,1,Yes
Florida,Monday,2,No
Florida,Monday,1,No
Florida,Saturday,1,No
Florida,Monday,2,No
Florida,Saturday,1,Yes
Florida,Sunday,1,Yes
Florida,Tuesday,1,No
Florida,Thursday,1,No
Florida,Thursday,1,No
Florida,Saturday,2,Yes
Florida,Tuesday,1,No
Florida,Sunday,2,No
Florida,Thursday,1,No
Florida,Tuesday,1,No
Florida,Sunday,1,No
Florida,Friday,1,No
Florida,Sunday,1,No
Florida,Tuesday,1,No
Florida,Thursday,1,No
Florida,Saturday,2,No
Florida,Saturday,1,No
Florida,Friday,1,No
Florida,Thursday,1,No
Florida,Friday,1,No
Florida,Sunday,1,Yes
Florida,Monday,1,No
Florida,Wednesday,1,No
Florida,Wednesday,1,No
Florida,Monday,1,No
Florida,Sunday,1,No
Florida,Wednesday,1,No
Florida,Saturday,1,No
Florida,Sunday,1,Yes
Florida,Saturday,1,No
Florida,Monday,1,No
Florida,Wednesday,1,No
Florida,Tuesday,1,No
Florida,Tuesday,1,No
Florida,Sunday,1,No
Florida,Wednesday,1,No
Florida,Saturday,1,Yes
Florida,Sunday,1,No
Florida,Sunday,2,Yes
Florida,Thursday,1,No
Florida,Saturday,2,No
Florida,Wednesday,1,No
Florida,Saturday,1,No
Florida,Sunday,1,No
Florida,Friday,1,No
Florida,Friday,1,Yes
Florida,Saturday,2,No
Florida,Thursday,1,No
Florida,Monday,1,No
Florida,Friday,1,No
Florida,Sunday,1,No
Florida,Thursday,1,No
Florida,Saturday,2,Yes
Florida,Sunday,1,Yes
Florida,Saturday,1,No
Florida,Friday,1,No
Florida,Friday,1,No
Florida,Friday,1,No
Florida,Monday,1,No
Florida,Saturday,1,No
Florida,Wednesday,1,No
Florida,Tuesday,1,No
Florida,Monday,1,No
Florida,Sunday,1,No
Florida,Friday,1,No
Florida,Tuesday,1,No
Florida,Saturday,2,Yes
Florida,Thursday,1,No
Florida,Monday,1,No
Florida,Saturday,1,No
Florida,Thursday,1,No
Florida,Saturday,1,No
Florida,Sunday,1,Yes
Florida,Saturday,1,No
Florida,Sunday,3,No
Florida,Sunday,1,No
Florida,Thursday,1,No
Florida,Saturday,1,Yes
Florida,Saturday,1,No
Florida,Thursday,1,Yes
Florida,Sunday,1,No
Florida,Friday,1,No
Florida,Friday,1,No
Florida,Monday,1,No
Florida,Thursday,1,No
Florida,Friday,1,No
Florida,Sunday,1,No
Florida,Monday,1,No
Florida,Wednesday,1,No
Florida,Monday,2,Yes
Florida,Tuesday,1,No
Florida,Wednesday,1,No
Florida,Saturday,2,No
Florida,Monday,2,No
Florida,Monday,1,Yes
Florida,Saturday,1,Yes
Florida,Sunday,1,No
Florida,Tuesday,1,No
Florida,Sunday,2,No
Florida,Wednesday,1,No
Florida,Tuesday,1,No
Florida,Wednesday,1,No
Florida,Monday,1,No
Florida,Friday,1,No
Florida,Wednesday,1,No
Florida,Wednesday,1,No
Florida,Wednesday,1,No
Florida,Thursday,1,No
Florida,Thursday,1,No
Florida,Tuesday,1,Yes
Florida,Sunday,1,No
Florida,Friday,1,Yes
Florida,Friday,1,Yes
Florida,Sunday,1,Yes
Florida,Monday,1,No
Florida,Wednesday,1,No
Florida,Saturday,1,Yes
Florida,Sunday,1,No
Florida,Saturday,1,No
Florida,Saturday,1,No
Florida,Saturday,1,No
Florida,Saturday,1,No
Florida,Tuesday,1,No
Florida,Saturday,1,No
Florida,Tuesday,1,No
Florida,Sunday,1,Yes
Florida,Wednesday,1,No
Florida,Sunday,1,No
Florida,Monday,1,No
Florida,Friday,1,No
Florida,Monday,1,No
Florida,Wednesday,1,No
Florida,Saturday,1,No
Florida,Friday,1,No
Florida,Wednesday,1,No
Florida,Friday,1,No
Florida,Saturday,1,No
Florida,Monday,1,No
Florida,Wednesday,1,No
Florida,Friday,1,Yes
Florida,Saturday,1,No
Florida,Saturday,1,Yes
Florida,Tuesday,1,Yes
Florida,Tuesday,2,No
Florida,Saturday,2,No
Florida,Tuesday,1,No
Florida,Friday,1,Yes
Florida,Sunday,1,Yes
Florida,Saturday,1,No
Florida,Monday,1,Yes
Florida,Thursday,1,No
Florida,Thursday,1,No
Florida,Sunday,1,No
Florida,Friday,1,No
Florida,Saturday,1,No
Florida,Tuesday,1,No
Florida,Thursday,1,No
Florida,Saturday,1,No
Florida,Monday,1,No
Florida,Saturday,1,No
Florida,Saturday,1,No
Florida,Saturday,1,Yes
Florida,Friday,1,Yes
Florida,Saturday,1,No
Florida,Tuesday,1,No
Florida,Thursday,1,No
Florida,Tuesday,1,No
Florida,Friday,1,No
Florida,Saturday,1,Yes
Florida,Monday,1,No
Florida,Saturday,1,Yes
Florida,Tuesday,2,Yes
Florida,Thursday,1,No
Florida,Friday,1,No
Florida,Sunday,1,No
Florida,Monday,1,No
Florida,Tuesday,1,No
Florida,Friday,1,No
Florida,Wednesday,1,No
Florida,Sunday,1,Yes
Florida,Sunday,1,No
Florida,Wednesday,1,No
Florida,Friday,1,No
Florida,Wednesday,1,No
Florida,Tuesday,1,Yes
Florida,Friday,1,No
Florida,Sunday,1,No
Florida,Monday,1,No
Florida,Thursday,1,No
Florida,Monday,1,No
Florida,Friday,1,Yes
Florida,Friday,1,No
Florida,Sunday,1,No
Florida,Friday,1,No
Florida,Saturday,1,Yes
Florida,Wednesday,1,No
Florida,Monday,1,No
Florida,Saturday,2,No
Florida,Tuesday,1,No
Florida,Friday,1,No
Florida,Thursday,2,Yes
Florida,Thursday,1,No
Florida,Friday,1,No
Florida,Saturday,2,No
Florida,Monday,1,No
Florida,Tuesday,1,No
Florida,Thursday,1,No
Florida,Friday,1,No
Florida,Friday,1,No
Florida,Friday,1,No
Florida,Thursday,1,No
Florida,Tuesday,1,No
Florida,Monday,1,No
Florida,Saturday,1,Yes
Florida,Saturday,1,Yes
Florida,Saturday,1,No
Florida,Thursday,1,No
Florida,Thursday,1,No
Florida,Wednesday,1,No
Florida,Wednesday,1,No
Florida,Tuesday,1,No
Florida,Thursday,2,No
Florida,Tuesday,1,No
Florida,Saturday,1,No
Florida,Saturday,1,No
Florida,Sunday,1,No
Florida,Saturday,1,No
Florida,Thursday,1,No
Florida,Sunday,1,No
Florida,Monday,1,No
Florida,Saturday,1,No
Florida,Saturday,1,No
Florida,Friday,1,Yes
Florida,Monday,1,No
Florida,Monday,1,No
Florida,Saturday,1,Yes
Florida,Tuesday,1,No
Florida,Tuesday,1,No
Florida,Monday,1,No
Florida,Friday,2,No
Florida,Sunday,1,No
Florida,Friday,3,No
Florida,Friday,1,No
Florida,Friday,4,Yes
Florida,Sunday,1,Yes
Florida,Sunday,1,Yes
Florida,Saturday,1,No
Florida,Sunday,1,No
Florida,Friday,1,No
Florida,Monday,1,No
Florida,Monday,1,No
Florida,Saturday,1,No
Florida,Monday,1,No
Florida,Sunday,1,No
Florida,Friday,1,No
Florida,Monday,1,Yes
Florida,Saturday,1,No
Florida,Monday,3,No
Florida,Monday,1,No
Florida,Tuesday,1,No
Florida,Thursday,1,No
Florida,Thursday,1,No
Florida,Thursday,2,No
Florida,Thursday,1,No
Florida,Sunday,1,No
Florida,Monday,1,No
Florida,Sunday,1,Yes
Florida,Wednesday,1,Yes
Florida,Saturday,1,No
Florida,Monday,1,No
Florida,Saturday,2,Yes
Florida,Monday,1,No
Florida,Monday,1,No
Florida,Thursday,1,No
Florida,Tuesday,1,No
Florida,Saturday,1,Yes
Florida,Tuesday,1,No
Florida,Monday,1,No
Florida,Sunday,1,No
Florida,Saturday,1,No
Florida,Tuesday,1,No
Florida,Sunday,1,No
Florida,Wednesday,2,Yes
Florida,Monday,1,No
Florida,Tuesday,1,No
Florida,Friday,1,No
Florida,Thursday,1,No
Florida,Sunday,1,No
Florida,Friday,1,No
Florida,Saturday,1,No
Florida,Saturday,1,No
Florida,Wednesday,1,No
Florida,Saturday,1,No
Florida,Thursday,1,Yes
Florida,Saturday,1,Yes
Florida,Monday,1,No
Florida,Monday,1,No
Florida,Friday,1,No
Florida,Wednesday,1,No
Florida,Thursday,1,No
Florida,Saturday,1,No
Florida,Wednesday,1,No
Florida,Wednesday,1,Yes
Florida,Monday,1,No
Florida,Wednesday,1,No
Florida,Thursday,1,No
Florida,Wednesday,1,No
Florida,Tuesday,1,No
Florida,Tuesday,1,No
Florida,Wednesday,1,No
Florida,Friday,1,Yes
Florida,Sunday,1,Yes
Florida,Monday,1,Yes
Florida,Wednesday,1,No
Florida,Monday,1,Yes
Florida,Friday,1,Yes
Florida,Friday,1,Yes
Florida,Wednesday,1,No
Florida,Saturday,1,Yes
Florida,Thursday,1,Yes
Florida,Saturday,1,No
Florida,Wednesday,1,Yes
Florida,Saturday,1,No
Florida,Wednesday,1,No
Florida,Saturday,1,No
Florida,Tuesday,1,No
Florida,Sunday,1,No
Florida,Thursday,1,No
Florida,Thursday,1,Yes
Florida,Saturday,1,No
Florida,Tuesday,1,No
Florida,Monday,1,Yes
Florida,Saturday,1,Yes
Florida,Saturday,1,Yes
Florida,Thursday,1,No
Florida,Saturday,1,Yes
Florida,Wednesday,1,No
Florida,Wednesday,1,Yes
Florida,Monday,2,No
Florida,Saturday,1,No
Florida,Wednesday,1,No
Florida,Wednesday,1,Yes
Florida,Sunday,1,No
Florida,Friday,1,No
Florida,Saturday,1,No
Florida,Wednesday,1,Yes
Florida,Friday,1,No
Florida,Friday,1,No
Florida,Monday,1,No
Florida,Saturday,1,No
Florida,Tuesday,1,Yes
Florida,Wednesday,1,No
Florida,Saturday,1,No
Florida,Sunday,1,No
Florida,Saturday,1,Yes
Florida,Monday,1,No
Florida,Thursday,1,Yes
Florida,Friday,1,No
Florida,Thursday,2,Yes
Florida,Friday,1,No
Florida,Tuesday,1,Yes
Florida,Tuesday,1,Yes
Florida,Sunday,1,Yes
Florida,Saturday,1,No
Florida,Saturday,1,No
Florida,Monday,2,No
Florida,Thursday,2,Yes
Florida,Tuesday,1,No
Florida,Tuesday,4,No
Florida,Wednesday,1,No
Florida,Tuesday,1,No
Florida,Friday,1,No
Florida,Friday,1,No
Florida,Monday,1,No
Florida,Thursday,1,No
Florida,Tuesday,1,No
Florida,Friday,1,No
Florida,Saturday,1,Yes
Florida,Thursday,1,No
Florida,Monday,2,No
Florida,Saturday,1,No
Florida,Sunday,1,No
Florida,Thursday,1,No
Florida,Saturday,1,No
Florida,Saturday,1,No
Florida,Tuesday,1,No
Florida,Tuesday,1,No
Florida,Tuesday,1,No
Florida,Saturday,1,No
Florida,Wednesday,2,No
Florida,Thursday,1,Yes
Florida,Thursday,1,No
Florida,Sunday,1,No
Florida,Wednesday,1,No
Florida,Wednesday,1,No
Florida,Wednesday,1,Yes
Florida,Sunday,2,No
Florida,Wednesday,1,No
Florida,Monday,1,No
Florida,Thursday,1,No
Florida,Saturday,1,Yes
Florida,Wednesday,1,No
Florida,Sunday,1,No
Florida,Tuesday,1,No
Florida,Monday,1,No
Florida,Wednesday,1,No
Florida,Monday,1,No
Florida,Sunday,1,No
Florida,Monday,1,No
Florida,Wednesday,1,Yes
Florida,Wednesday,1,No
Florida,Tuesday,1,No
Florida,Wednesday,1,Yes
Florida,Saturday,1,Yes
Florida,Thursday,1,No
Florida,Tuesday,1,No
Florida,Friday,1,No
Florida,Friday,1,No
Florida,Thursday,1,No
Florida,Wednesday,1,No
Florida,Friday,1,No
Florida,Saturday,1,No
Florida,Thursday,1,No
Florida,Saturday,1,No
Florida,Friday,1,No
Florida,Friday,1,Yes
Florida,Sunday,1,No
Florida,Wednesday,1,No
Florida,Wednesday,1,Yes
Florida,Tuesday,1,No
Florida,Thursday,1,Yes
Florida,Friday,1,Yes
Florida,Saturday,1,No
Florida,Thursday,1,No
Florida,Friday,1,No
Florida,Sunday,1,Yes
Florida,Friday,2,No
Florida,Thursday,1,No
Florida,Sunday,1,No
Florida,Thursday,1,No
Florida,Thursday,1,No
Florida,Tuesday,1,Yes
Florida,Tuesday,1,No
Florida,Sunday,1,No
Florida,Friday,1,No
Florida,Sunday,1,No
Florida,Friday,1,No
Florida,Monday,1,No
Florida,Saturday,1,Yes
Florida,Friday,1,No
Florida,Tuesday,1,No
Florida,Monday,1,Yes
Florida,Monday,1,No
Florida,Wednesday,1,No
Florida,Tuesday,1,No
Florida,Sunday,1,No
Florida,Sunday,1,No
Florida,Monday,1,No
Florida,Friday,1,No
Florida,Friday,1,No
Florida,Friday,1,No
Florida,Saturday,2,No
Florida,Sunday,1,Yes
Florida,Saturday,1,Yes
Florida,Thursday,1,No
Florida,Saturday,1,No
Florida,Friday,1,No
Florida,Saturday,1,No
Florida,Tuesday,1,No
Florida,Wednesday,1,Yes
Florida,Monday,1,No
Florida,Saturday,1,No
Florida,Saturday,1,No
Florida,Saturday,1,No
Florida,Tuesday,1,No
Florida,Friday,1,No
Florida,Monday,1,No
Florida,Wednesday,1,No
Florida,Saturday,1,No
Florida,Wednesday,1,No
Florida,Tuesday,1,No
Florida,Tuesday,1,No
Florida,Saturday,1,Yes
Florida,Tuesday,2,No
Florida,Sunday,1,No
Florida,Monday,1,Yes
Florida,Monday,1,No
Florida,Saturday,1,Yes
Florida,Sunday,1,No
Florida,Sunday,1,No
Florida,Monday,1,Yes
Florida,Monday,1,No
Florida,Sunday,1,Yes
Florida,Sunday,1,No
Florida,Tuesday,1,No
Florida,Sunday,1,Yes
Florida,Wednesday,1,No
Florida,Sunday,1,Yes
Florida,Saturday,1,No
Florida,Monday,1,No
Florida,Monday,1,No
Florida,Friday,1,No
Florida,Saturday,1,No
Florida,Tuesday,1,No
Florida,Saturday,1,No
Florida,Saturday,1,Yes
Florida,Saturday,1,No
Florida,Saturday,1,No
Florida,Friday,1,No
Florida,Monday,1,No
Florida,Monday,1,No
Florida,Sunday,1,No
Florida,Friday,1,No
Florida,Thursday,1,No
Florida,Tuesday,3,No
Florida,Monday,1,No
Florida,Saturday,1,No
Florida,Wednesday,1,No
Florida,Tuesday,1,No
Florida,Saturday,1,No
Florida,Wednesday,2,No
Florida,Wednesday,1,No
Florida,Saturday,1,No
Florida,Saturday,1,No
Florida,Thursday,1,No
Florida,Sunday,1,Yes
Florida,Wednesday,1,No
Florida,Thursday,1,No
Florida,Sunday,1,Yes
Florida,Saturday,1,Yes
Florida,Saturday,1,Yes
Florida,Monday,1,Yes
Florida,Wednesday,1,No
Florida,Tuesday,1,No
Florida,Friday,1,No
Florida,Thursday,1,No
Florida,Monday,1,No
Florida,Tuesday,1,Yes
Florida,Monday,1,No
Florida,Thursday,1,Yes
Florida,Thursday,1,Yes
Florida,Monday,1,No
Florida,Wednesday,1,No
Florida,Friday,1,No
Florida,Sunday,1,Yes
Florida,Saturday,1,No
Florida,Monday,1,No
Florida,Wednesday,1,No
Florida,Thursday,1,No
Florida,Tuesday,1,Yes
Florida,Monday,1,No
Florida,Saturday,1,No
Florida,Friday,1,Yes
Florida,Saturday,1,No
Florida,Thursday,1,No
Florida,Sunday,1,No
Florida,Saturday,1,No
Florida,Saturday,2,No
Florida,Thursday,1,No
Florida,Saturday,1,No
Florida,Friday,1,No
Florida,Friday,1,No
Florida,Sunday,1,Yes
Florida,Tuesday,1,No
Florida,Monday,1,No
Florida,Wednesday,1,No
Florida,Saturday,1,No
Florida,Saturday,1,No
Florida,Sunday,1,No
Florida,Sunday,1,Yes
Florida,Wednesday,1,No
Florida,Saturday,1,No
Florida,Tuesday,1,No
Florida,Wednesday,1,No
Florida,Sunday,1,No
Florida,Saturday,1,Yes
Florida,Saturday,1,Yes
Florida,Sunday,1,No
Florida,Friday,1,No
Florida,Tuesday,1,No
Florida,Thursday,1,No
Florida,Saturday,1,Yes
Florida,Tuesday,1,No
Florida,Thursday,1,No
Florida,Saturday,1,No
Florida,Thursday,1,No
Florida,Tuesday,1,No
Florida,Thursday,1,No
Florida,Saturday,1,No
Florida,Monday,1,No
Florida,Saturday,1,No
Florida,Sunday,1,No
Florida,Tuesday,1,No
Florida,Sunday,1,No
Florida,Friday,1,No
Florida,Monday,1,No
Florida,Sunday,1,No
Florida,Friday,1,No
Florida,Thursday,2,No
Florida,Saturday,1,No
Florida,Friday,1,Yes
Florida,Friday,1,No
Florida,Tuesday,1,No
Florida,Monday,1,No
Florida,Sunday,1,No
Florida,Friday,1,No
Florida,Sunday,1,No
Florida,Wednesday,1,No
Florida,Thursday,1,No
Florida,Friday,1,No
Florida,Thursday,1,No
Florida,Tuesday,1,No
Florida,Sunday,1,No
Florida,Friday,1,No
Florida,Friday,1,No
Florida,Thursday,1,No
Florida,Monday,1,No
Florida,Saturday,1,No
Florida,Wednesday,1,No
Florida,Monday,1,No
Florida,Friday,1,No
Florida,Tuesday,1,No
Florida,Sunday,1,No
Florida,Saturday,1,No
Florida,Monday,1,Yes
Florida,Monday,1,No
Florida,Sunday,1,Yes
Florida,Sunday,1,Yes
Florida,Thursday,1,No
Florida,Saturday,1,No
Florida,Sunday,1,No
Florida,Monday,1,No
Florida,Thursday,1,No
Florida,Saturday,1,No
Florida,Thursday,1,No
Florida,Thursday,1,No
Florida,Monday,1,Yes
Florida,Friday,1,No
Florida,Friday,2,Yes
Florida,Tuesday,1,Yes
Florida,Monday,1,Yes
Florida,Monday,1,No
Florida,Friday,1,No
Florida,Monday,1,No
Florida,Tuesday,1,No
Florida,Tuesday,1,No
Florida,Monday,1,No
Florida,Tuesday,1,No
Florida,Sunday,1,No
Florida,Tuesday,1,No
Florida,Thursday,1,Yes
Florida,Sunday,1,Yes
Florida,Thursday,1,No
Florida,Monday,1,No
Florida,Monday,1,Yes
Florida,Monday,1,Yes
Florida,Friday,1,No
Florida,Friday,1,No
Florida,Monday,1,No
Florida,Saturday,1,Yes
Florida,Saturday,1,Yes
Florida,Saturday,1,No
Florida,Tuesday,1,No
Florida,Saturday,1,No
Florida,Thursday,1,Yes
Florida,Monday,1,Yes
Florida,Saturday,1,No
Florida,Friday,1,No
Florida,Wednesday,1,No
Florida,Sunday,1,Yes
Florida,Wednesday,1,No
Florida,Saturday,1,No
Florida,Tuesday,1,No
Florida,Friday,1,No
Florida,Friday,1,No
Florida,Friday,2,Yes
Florida,Wednesday,1,No
Florida,Sunday,1,No
Florida,Thursday,1,No
Florida,Sunday,1,Yes
Florida,Sunday,1,No
Florida,Wednesday,1,No
Florida,Thursday,1,No
Florida,Tuesday,1,No
Florida,Tuesday,1,No
Florida,Monday,1,No
Florida,Monday,1,No
Florida,Wednesday,1,No
Florida,Sunday,1,Yes
Florida,Saturday,1,Yes
Florida,Sunday,1,No
Florida,Sunday,1,No
Florida,Monday,3,No
Florida,Monday,1,No
Florida,Tuesday,1,No
Florida,Tuesday,1,No
Florida,Wednesday,1,No
Florida,Saturday,1,Yes
Florida,Monday,1,No
Florida,Saturday,1,No
Florida,Friday,1,Yes
Florida,Tuesday,2,No
Florida,Saturday,1,No
Florida,Sunday,1,No
Florida,Tuesday,1,No
Florida,Monday,1,No
Florida,Friday,1,Yes
Florida,Sunday,2,No
Florida,Saturday,1,No
Florida,Saturday,1,Yes
Florida,Friday,1,Yes
Florida,Friday,1,Yes
Florida,Saturday,1,No
Florida,Monday,1,No
Florida,Sunday,1,No
Florida,Thursday,1,No
Florida,Thursday,1,Yes
Florida,Thursday,1,No
Florida,Wednesday,1,No
Florida,Tuesday,1,No
Florida,Saturday,1,No
Florida,Sunday,1,No
Florida,Saturday,1,No
Florida,Monday,1,Yes
Florida,Thursday,1,No
Florida,Saturday,1,No
Florida,Sunday,1,No
Florida,Sunday,1,No
Florida,Wednesday,1,No
Florida,Wednesday,1,Yes
Florida,Tuesday,1,No
Florida,Friday,1,No
Florida,Wednesday,1,Yes
Florida,Monday,2,No
Florida,Sunday,1,Yes
Florida,Sunday,1,No
Florida,Monday,1,No
Florida,Friday,1,No
Florida,Friday,1,Yes
Florida,Tuesday,1,Yes
Florida,Monday,1,No
Florida,Monday,1,No
Florida,Friday,1,No
Florida,Thursday,1,No
Florida,Tuesday,1,No
Florida,Monday,1,No
Florida,Wednesday,1,No
Florida,Friday,1,No
Florida,Sunday,1,No
Florida,Thursday,1,No
Florida,Monday,1,No
Florida,Friday,1,No
Florida,Friday,1,Yes
Florida,Wednesday,2,No
Florida,Monday,1,No
Florida,Monday,1,No
Florida,Monday,1,No
Florida,Wednesday,2,No
Florida,Wednesday,1,No
Florida,Wednesday,1,No
Florida,Sunday,1,No
Florida,Tuesday,1,No
Florida,Saturday,1,No
Florida,Sunday,1,No
Florida,Tuesday,1,No
Florida,Tuesday,1,No
Florida,Wednesday,1,No
Florida,Saturday,3,No
Florida,Sunday,1,No
Florida,Wednesday,1,No
Florida,Thursday,1,No
Florida,Sunday,1,No
Florida,Thursday,1,No
Florida,Thursday,1,No
Florida,Saturday,1,Yes
Florida,Friday,1,Yes
Florida,Sunday,1,No
Florida,Thursday,1,No
Florida,Thursday,1,No
Florida,Sunday,1,Yes
Florida,Monday,1,No
Florida,Thursday,2,No
Florida,Wednesday,1,No
Florida,Saturday,1,No
Florida,Friday,2,No
Florida,Thursday,1,No
Florida,Friday,2,No
Florida,Saturday,1,Yes
Florida,Thursday,1,No
Florida,Friday,1,No
Florida,Wednesday,1,No
Florida,Friday,1,No
Florida,Tuesday,1,No
Florida,Saturday,1,Yes
Florida,Sunday,1,No
Florida,Tuesday,1,No
Florida,Monday,1,No
Florida,Thursday,1,No
Florida,Sunday,1,No
Florida,Wednesday,1,No
Florida,Thursday,1,No
Florida,Tuesday,1,No
Florida,Thursday,1,No
Florida,Friday,1,No
Florida,Thursday,1,No
Florida,Saturday,1,Yes
Florida,Monday,1,Yes
Florida,Friday,1,No
Florida,Thursday,1,No
Florida,Tuesday,1,No
Florida,Monday,1,No
Florida,Sunday,1,No
Florida,Thursday,1,No
Florida,Monday,1,Yes
Florida,Wednesday,1,No
Florida,Saturday,1,No
Florida,Tuesday,1,No
Florida,Sunday,1,No
Florida,Thursday,1,No
Florida,Saturday,1,No
Florida,Tuesday,1,No
Florida,Monday,1,No
Florida,Thursday,1,Yes
Florida,Tuesday,1,No
Florida,Sunday,1,No
Florida,Wednesday,1,No
Florida,Friday,1,No
Florida,Sunday,1,Yes
Florida,Saturday,1,No
Florida,Sunday,2,No
Florida,Wednesday,1,No
Florida,Tuesday,1,No
Florida,Sunday,1,No
Florida,Monday,1,No
Florida,Tuesday,1,No
Florida,Sunday,1,Yes
Florida,Monday,1,No
Florida,Sunday,1,Yes
Florida,Monday,1,No
Florida,Monday,1,No
Florida,Monday,2,No
Florida,Friday,1,No
Florida,Wednesday,1,No
Florida,Thursday,1,Yes
Florida,Saturday,1,Yes
Florida,Saturday,1,Yes
Florida,Friday,1,No
Florida,Monday,1,No
Florida,Wednesday,1,No
Florida,Saturday,1,No
Florida,Thursday,1,No
Florida,Sunday,1,No
Florida,Saturday,1,Yes
Florida,Thursday,1,No
Florida,Thursday,1,No
Florida,Thursday,1,No
Florida,Friday,1,No
Florida,Wednesday,1,No
Florida,Monday,1,No
Florida,Monday,1,No
Florida,Wednesday,1,No
Florida,Tuesday,1,Yes
Florida,Sunday,1,No
Florida,Sunday,1,No
Florida,Tuesday,1,No
Florida,Tuesday,1,No
Florida,Monday,1,No
Florida,Tuesday,1,No
Florida,Wednesday,3,Yes
Florida,Wednesday,1,No
Florida,Wednesday,1,No
Florida,Monday,1,No
Florida,Friday,1,No
Florida,Saturday,2,No
Florida,Saturday,1,No
Florida,Saturday,1,No
Florida,Thursday,1,No
Florida,Sunday,1,No
Florida,Sunday,1,No
Florida,Sunday,1,No
Florida,Monday,1,Yes
Florida,Saturday,1,Yes
Florida,Saturday,1,Yes
Florida,Saturday,1,No
Florida,Tuesday,1,No
Florida,Wednesday,1,Yes
Florida,Wednesday,1,Yes
Florida,Sunday,2,No
Florida,Sunday,1,No
Florida,Friday,1,No
Florida,Friday,1,No
Florida,Tuesday,1,No
Florida,Wednesday,1,No
Florida,Monday,1,Yes
Florida,Sunday,1,No
Florida,Thursday,1,No
Florida,Friday,1,No
Florida,Tuesday,1,No
Florida,Friday,1,No
Florida,Saturday,1,Yes
Florida,Monday,1,No
Florida,Wednesday,1,No
Florida,Sunday,1,No
Florida,Tuesday,1,No
Florida,Saturday,1,No
Florida,Friday,1,No
Florida,Saturday,1,No
Florida,Friday,1,Yes
Florida,Saturday,1,No
Florida,Tuesday,1,No
Florida,Wednesday,1,No
Florida,Sunday,1,No
Florida,Thursday,1,No
Florida,Thursday,1,No
Florida,Friday,1,No
Florida,Tuesday,1,No
Florida,Friday,1,Yes
Florida,Sunday,1,Yes
Florida,Friday,5,Yes
Florida,Monday,1,No
Florida,Friday,1,Yes
Florida,Saturday,1,Yes
Florida,Monday,1,Yes
Florida,Saturday,1,No
Florida,Thursday,1,Yes
Florida,Saturday,1,No
Florida,Wednesday,1,No
Florida,Saturday,1,No
Florida,Sunday,2,No
Florida,Friday,1,No
Florida,Friday,1,Yes
Florida,Tuesday,1,No
Florida,Thursday,1,No
Florida,Tuesday,1,No
Florida,Monday,1,Yes
Florida,Wednesday,1,No
Florida,Saturday,1,No
Florida,Wednesday,1,No
Florida,Wednesday,1,No
Florida,Sunday,1,No
Florida,Wednesday,1,No
Florida,Tuesday,1,No
Florida,Tuesday,1,No
Florida,Monday,1,No
Florida,Wednesday,1,No
Florida,Tuesday,1,No
Florida,Thursday,1,No
Florida,Saturday,2,No
Florida,Friday,1,No
Florida,Monday,1,No
Florida,Friday,1,Yes
Florida,Thursday,1,No
Florida,Tuesday,1,No
Florida,Tuesday,1,No
Florida,Saturday,1,No
Florida,Friday,1,No
Florida,Sunday,1,Yes
Florida,Sunday,1,Yes
Florida,Wednesday,1,Yes
Florida,Tuesday,1,Yes
Florida,Friday,1,No
Florida,Thursday,1,No
Florida,Saturday,1,No
Florida,Wednesday,1,No
Florida,Tuesday,1,No
Florida,Tuesday,1,No
Florida,Thursday,1,No
Florida,Saturday,1,No
Florida,Saturday,1,No
Florida,Saturday,1,No
Florida,Saturday,1,No
Florida,Saturday,1,No
Florida,Saturday,1,No
Florida,Friday,1,No
Florida,Friday,1,No
Florida,Thursday,1,No
Florida,Thursday,1,No
Florida,Tuesday,1,No
Florida,Saturday,1,No
Florida,Thursday,1,No
Florida,Saturday,1,No
Florida,Tuesday,1,No
Florida,Wednesday,1,No
Florida,Wednesday,1,No
Florida,Sunday,1,Yes
Florida,Monday,1,No
Florida,Monday,1,No
Florida,Thursday,1,No
Florida,Saturday,1,No
Florida,Friday,1,No
Florida,Monday,1,No
Florida,Saturday,1,No
Florida,Saturday,1,Yes
Florida,Tuesday,1,No
Florida,Sunday,2,Yes
Florida,Sunday,1,Yes
Florida,Tuesday,1,No
Florida,Sunday,1,No
Florida,Friday,1,No
Florida,Saturday,3,Yes
Florida,Tuesday,1,No
Florida,Sunday,1,No
Florida,Sunday,1,No
Florida,Thursday,1,No
Florida,Saturday,1,No
Florida,Saturday,1,Yes
Florida,Sunday,1,Yes
Florida,Friday,1,No
Florida,Friday,2,No
Florida,Tuesday,1,No
Florida,Thursday,1,Yes
Florida,Sunday,1,No
Florida,Saturday,1,Yes
Florida,Wednesday,1,No
Florida,Monday,1,No
Florida,Friday,1,Yes
Florida,Thursday,1,Yes
Florida,Saturday,1,Yes
Florida,Monday,2,Yes
Florida,Friday,1,No
Florida,Sunday,1,No
Florida,Sunday,1,Yes
Florida,Sunday,1,Yes
Florida,Saturday,1,No
Florida,Friday,1,Yes
Florida,Wednesday,1,No
Florida,Tuesday,1,No
Florida,Sunday,1,No
Florida,Wednesday,1,No
Florida,Friday,1,Yes
Florida,Wednesday,1,No
Florida,Saturday,1,No
Florida,Thursday,1,No
Florida,Thursday,1,No
Florida,Saturday,1,Yes
Florida,Thursday,1,No
Florida,Sunday,1,No
Florida,Monday,1,No
Florida,Tuesday,1,No
Florida,Saturday,1,No
Florida,Saturday,1,Yes
Florida,Thursday,1,No
Florida,Monday,1,No
Florida,Friday,2,No
Florida,Thursday,1,No
Florida,Monday,1,No
Florida,Monday,1,No
Florida,Friday,1,Yes
Florida,Saturday,1,Yes
Florida,Saturday,1,No
Florida,Wednesday,1,No
Florida,Friday,1,No
Florida,Friday,1,No
Florida,Tuesday,1,No
Florida,Friday,1,No
Florida,Thursday,1,No
Florida,Friday,1,Yes
Florida,Sunday,1,No
Florida,Sunday,1,Yes
Florida,Sunday,2,No
Florida,Monday,1,No
Florida,Tuesday,1,No
Florida,Tuesday,2,Yes
Florida,Friday,1,No
Florida,Thursday,1,No
Florida,Saturday,1,No
Florida,Friday,1,No
Florida,Thursday,1,No
Florida,Friday,1,No
Florida,Monday,1,Yes
Florida,Tuesday,1,No
Florida,Sunday,1,No
Florida,Friday,1,No
Florida,Friday,1,Yes
Florida,Sunday,1,No
Florida,Wednesday,1,No
Florida,Friday,1,Yes
Florida,Friday,1,Yes
Florida,Monday,1,No
Florida,Thursday,1,Yes
Florida,Saturday,1,No
Florida,Thursday,2,No
Florida,Tuesday,4,No
Florida,Thursday,1,Yes
Florida,Monday,1,No
Florida,Thursday,1,Yes
Florida,Thursday,1,No
Florida,Wednesday,1,No
Florida,Friday,1,No
Florida,Thursday,1,No
Florida,Saturday,1,No
Florida,Monday,1,No
Florida,Sunday,1,No
Florida,Thursday,1,No
Florida,Monday,1,No
Florida,Friday,1,Yes
Florida,Friday,1,No
Florida,Monday,1,No
Florida,Sunday,1,No
Florida,Monday,1,No
Florida,Monday,2,No
Florida,Friday,2,No
Florida,Monday,1,No
Florida,Saturday,1,No
Florida,Wednesday,1,Yes
Florida,Sunday,1,No
Florida,Monday,1,No
Florida,Saturday,1,No
Florida,Saturday,1,No
Florida,Friday,1,Yes
Florida,Friday,1,No
Florida,Monday,2,Yes
Florida,Wednesday,1,No
Florida,Thursday,1,Yes
Florida,Thursday,1,No
Florida,Sunday,1,Yes
Florida,Sunday,1,No
Florida,Monday,1,No
Florida,Monday,1,Yes
Florida,Monday,1,No
Florida,Sunday,1,No
Florida,Sunday,1,No
Florida,Tuesday,1,No
Florida,Thursday,1,No
Florida,Sunday,1,No
Florida,Thursday,1,No
Florida,Saturday,1,No
Florida,Saturday,1,No
Florida,Tuesday,1,Yes
Florida,Saturday,1,Yes
Florida,Friday,1,No
Florida,Monday,1,No
Florida,Thursday,1,Yes
Florida,Saturday,1,No
Florida,Saturday,1,No
Florida,Saturday,1,Yes
Florida,Thursday,1,No
Florida,Tuesday,1,No
Florida,Saturday,1,Yes
Florida,Friday,1,No
Florida,Tuesday,1,No
Florida,Monday,1,Yes
Florida,Wednesday,1,No
Florida,Wednesday,1,No
Florida,Saturday,1,No
Florida,Saturday,1,Yes
Florida,Thursday,1,Yes
Florida,Friday,1,Yes
Florida,Tuesday,1,No
Florida,Saturday,1,No
Florida,Sunday,1,No
Florida,Tuesday,1,No
Florida,Sunday,1,No
Florida,Sunday,1,No
Florida,Sunday,1,No
Florida,Thursday,1,No
Florida,Thursday,1,No
Florida,Thursday,1,No
Florida,Tuesday,1,No
Florida,Thursday,1,No
Florida,Tuesday,1,No
Florida,Tuesday,1,No
Florida,Wednesday,1,No
Florida,Friday,1,No
Florida,Friday,1,No
Florida,Friday,1,Yes
Florida,Sunday,1,No
Florida,Sunday,1,No
Florida,Thursday,1,No
Florida,Thursday,1,No
Florida,Sunday,1,No
Florida,Monday,1,No
Florida,Monday,1,Yes
Florida,Tuesday,1,No
Florida,Thursday,1,No
Florida,Sunday,1,No
Florida,Thursday,1,No
Florida,Saturday,1,No
Florida,Wednesday,1,No
Florida,Friday,1,No
Florida,Friday,1,No
Florida,Wednesday,1,No
Florida,Tuesday,1,No
Florida,Tuesday,1,No
Florida,Tuesday,1,No
Florida,Wednesday,1,No
Florida,Monday,1,No
Florida,Friday,1,No
Florida,Saturday,1,Yes
Florida,Friday,1,No
Florida,Sunday,1,No
Florida,Monday,1,Yes
Florida,Tuesday,1,No
Florida,Sunday,1,No
Florida,Monday,1,No
Florida,Friday,2,No
Florida,Friday,1,No
Florida,Tuesday,1,Yes
Florida,Tuesday,2,No
Florida,Sunday,1,No
Florida,Wednesday,1,Yes
Florida,Wednesday,1,No
Florida,Friday,1,No
Florida,Saturday,1,No
Florida,Friday,1,Yes
Florida,Thursday,1,No
Florida,Sunday,1,Yes
Florida,Sunday,1,No
Florida,Friday,1,No
Florida,Saturday,1,Yes
Florida,Friday,1,No
Florida,Sunday,1,Yes
Florida,Tuesday,1,No
Florida,Wednesday,1,No
Florida,Sunday,1,No
Florida,Saturday,1,No
Florida,Thursday,1,No
Florida,Monday,1,No
Florida,Saturday,1,No
Florida,Saturday,1,No
Florida,Friday,1,No
Florida,Saturday,1,No
Florida,Saturday,1,No
Florida,Thursday,1,No
Florida,Monday,1,No
Florida,Tuesday,1,No
Florida,Saturday,1,No
Florida,Wednesday,1,No
Florida,Sunday,1,No
Florida,Friday,1,No
Florida,Friday,1,No
Florida,Monday,2,No
Florida,Monday,1,No
Florida,Thursday,1,No
Florida,Monday,1,No
Florida,Tuesday,1,Yes
Florida,Tuesday,1,No
Florida,Monday,1,No
Florida,Friday,1,No
Florida,Tuesday,1,No
Florida,Saturday,1,No
Florida,Sunday,1,Yes
Florida,Friday,1,No
Florida,Wednesday,1,No
Florida,Sunday,1,No
Florida,Saturday,1,No
Florida,Saturday,1,No
Florida,Friday,1,No
Florida,Friday,1,No
Florida,Wednesday,1,No
Florida,Thursday,3,No
Florida,Sunday,1,Yes
Florida,Thursday,1,No
Florida,Thursday,1,No
Florida,Sunday,1,No
Florida,Tuesday,1,No
Florida,Saturday,1,No
Florida,Sunday,1,No
Florida,Friday,2,No
Florida,Wednesday,2,No
Florida,Tuesday,1,No
Florida,Tuesday,1,No
Florida,Monday,1,No
Florida,Friday,1,No
Florida,Saturday,1,No
Florida,Tuesday,1,No
Florida,Wednesday,1,No
Florida,Tuesday,1,No
Florida,Sunday,1,No
Florida,Wednesday,2,No
Florida,Saturday,1,Yes
Florida,Friday,1,Yes
Florida,Wednesday,1,No
Florida,Saturday,1,No
Florida,Wednesday,2,No
Florida,Friday,1,No
Florida,Sunday,1,No
Florida,Sunday,1,No
Florida,Friday,1,No
Florida,Saturday,1,No
Florida,Wednesday,1,No
Florida,Wednesday,1,No
Florida,Monday,1,No
Florida,Wednesday,1,No
Florida,Monday,1,Yes
Florida,Wednesday,1,No
Florida,Thursday,1,No
Florida,Tuesday,1,No
Florida,Monday,1,No
Florida,Monday,1,No
Florida,Saturday,1,Yes
Florida,Tuesday,1,No
Florida,Monday,1,No
Florida,Monday,1,No
Florida,Saturday,1,No
Florida,Tuesday,1,No
Florida,Tuesday,1,Yes
Florida,Friday,1,No
Florida,Sunday,1,No
Florida,Monday,1,No
Florida,Monday,1,No
Florida,Monday,1,No
Florida,Saturday,1,Yes
Florida,Sunday,1,No
Florida,Monday,1,No
Florida,Sunday,1,No
Florida,Saturday,1,No
Florida,Saturday,1,No
Florida,Tuesday,1,No
Florida,Monday,1,No
Florida,Monday,1,No
Florida,Saturday,1,Yes
Florida,Wednesday,1,No
Florida,Friday,1,No
Florida,Sunday,1,No
Florida,Friday,1,No
Georgia,Monday,1,Yes
Georgia,Monday,1,No
Georgia,Monday,1,Yes
Georgia,Monday,1,No
Georgia,Monday,1,Yes
Georgia,Tuesday,1,No
Georgia,Tuesday,1,No
Georgia,Wednesday,1,No
Georgia,Thursday,1,No
Georgia,Thursday,1,No
Georgia,Friday,1,No
Georgia,Friday,1,No
Georgia,Friday,1,No
Georgia,Friday,1,No
Georgia,Friday,1,No
Georgia,Saturday,1,No
Georgia,Saturday,1,No
Georgia,Sunday,1,No
Georgia,Monday,1,No
Georgia,Monday,1,No
Georgia,Monday,1,No
Georgia,Monday,1,No
Georgia,Monday,1,No
Georgia,Monday,1,No
Georgia,Monday,1,No
Georgia,Monday,1,No
Georgia,Tuesday,1,No
Georgia,Tuesday,1,Yes
Georgia,Wednesday,1,No
Georgia,Wednesday,1,Yes
Georgia,Wednesday,1,No
Georgia,Wednesday,1,No
Georgia,Thursday,1,No
Georgia,Thursday,1,No
Georgia,Thursday,1,No
Georgia,Thursday,1,Yes
Georgia,Thursday,1,Yes
Georgia,Friday,1,No
Georgia,Friday,1,No
Georgia,Friday,1,No
Georgia,Friday,1,No
Georgia,Friday,1,No
Georgia,Friday,1,No
Georgia,Saturday,1,No
Georgia,Saturday,1,No
Georgia,Saturday,1,No
Georgia,Saturday,1,Yes
Georgia,Tuesday,1,No
Georgia,Saturday,1,Yes
Georgia,Saturday,1,No
Georgia,Monday,1,No
Georgia,Monday,1,No
Georgia,Monday,1,Yes
Georgia,Tuesday,1,No
Georgia,Tuesday,1,No
Georgia,Tuesday,1,Yes
Georgia,Wednesday,2,No
Georgia,Wednesday,1,No
Georgia,Wednesday,1,Yes
Georgia,Thursday,1,No
Georgia,Thursday,1,No
Georgia,Friday,1,No
Georgia,Friday,1,No
Georgia,Friday,1,No
Georgia,Friday,1,Yes
Georgia,Friday,1,No
Georgia,Saturday,1,No
Georgia,Saturday,1,No
Georgia,Sunday,1,Yes
Georgia,Sunday,1,Yes
Georgia,Monday,1,No
Georgia,Monday,1,No
Georgia,Tuesday,1,No
Georgia,Tuesday,1,Yes
Georgia,Wednesday,1,No
Georgia,Thursday,1,No
Georgia,Thursday,1,Yes
Georgia,Thursday,1,No
Georgia,Friday,1,No
Georgia,Saturday,1,No
Georgia,Saturday,1,No
Georgia,Saturday,1,No
Georgia,Sunday,1,No
Georgia,Monday,1,No
Georgia,Monday,1,No
Georgia,Monday,1,No
Georgia,Monday,1,No
Georgia,Tuesday,1,No
Georgia,Tuesday,2,No
Georgia,Tuesday,1,No
Georgia,Tuesday,1,Yes
Georgia,Wednesday,1,No
Georgia,Wednesday,1,No
Georgia,Wednesday,1,No
Georgia,Wednesday,1,No
Georgia,Thursday,1,Yes
Georgia,Thursday,1,No
Georgia,Thursday,1,Yes
Georgia,Friday,1,No
Georgia,Friday,1,No
Georgia,Friday,1,No
Georgia,Friday,1,No
Georgia,Saturday,2,No
Georgia,Saturday,1,Yes
Georgia,Saturday,1,No
Georgia,Sunday,1,No
Georgia,Monday,1,No
Georgia,Monday,1,Yes
Georgia,Monday,1,No
Georgia,Monday,1,No
Georgia,Monday,1,No
Georgia,Monday,1,No
Georgia,Monday,1,No
Georgia,Monday,1,No
Georgia,Tuesday,1,No
Georgia,Tuesday,1,Yes
Georgia,Wednesday,2,No
Georgia,Wednesday,1,No
Georgia,Wednesday,1,No
Georgia,Wednesday,1,No
Georgia,Wednesday,1,No
Georgia,Thursday,1,No
Georgia,Friday,1,No
Georgia,Friday,1,No
Georgia,Friday,1,No
Georgia,Friday,1,Yes
Georgia,Saturday,1,No
Georgia,Saturday,1,No
Georgia,Saturday,1,No
Georgia,Saturday,1,No
Georgia,Saturday,1,No
Georgia,Saturday,1,No
Georgia,Saturday,1,Yes
Georgia,Sunday,2,No
Georgia,Monday,1,No
Georgia,Monday,1,No
Georgia,Monday,1,No
Georgia,Tuesday,1,Yes
Georgia,Tuesday,1,No
Georgia,Wednesday,1,No
Georgia,Wednesday,1,No
Georgia,Wednesday,1,No
Georgia,Wednesday,2,No
Georgia,Thursday,1,No
Georgia,Thursday,1,No
Georgia,Thursday,1,No
Georgia,Thursday,1,No
Georgia,Thursday,1,No
Georgia,Sunday,1,No
Georgia,Sunday,1,No
Georgia,Wednesday,1,No
Georgia,Thursday,1,No
Georgia,Friday,1,No
Georgia,Friday,1,No
Georgia,Friday,1,No
Georgia,Friday,1,No
Georgia,Saturday,1,Yes
Georgia,Saturday,1,Yes
Georgia,Saturday,1,No
Georgia,Saturday,1,No
Georgia,Sunday,1,No
Georgia,Sunday,1,No
Georgia,Sunday,1,No
Georgia,Sunday,1,No
Georgia,Monday,1,No
Georgia,Monday,1,No
Georgia,Tuesday,1,No
Georgia,Tuesday,1,No
Georgia,Tuesday,1,Yes
Georgia,Wednesday,1,Yes
Georgia,Wednesday,1,No
Georgia,Wednesday,1,No
Georgia,Wednesday,1,No
Georgia,Thursday,1,Yes
Georgia,Thursday,1,No
Georgia,Thursday,1,No
Georgia,Thursday,1,Yes
Georgia,Thursday,1,No
Georgia,Thursday,1,No
Georgia,Thursday,1,No
Georgia,Friday,1,No
Georgia,Friday,1,No
Georgia,Friday,1,Yes
Georgia,Saturday,1,No
Georgia,Saturday,1,No
Georgia,Saturday,1,Yes
Georgia,Saturday,1,No
Georgia,Saturday,1,No
Georgia,Sunday,2,Yes
Georgia,Sunday,1,No
Georgia,Sunday,1,Yes
Georgia,Monday,1,No
Georgia,Tuesday,1,No
Georgia,Tuesday,1,No
Georgia,Tuesday,1,No
Georgia,Tuesday,1,No
Georgia,Tuesday,1,No
Georgia,Tuesday,1,No
Georgia,Tuesday,1,No
Georgia,Tuesday,1,No
Georgia,Wednesday,1,Yes
Georgia,Wednesday,1,No
Georgia,Wednesday,1,No
Georgia,Wednesday,1,No
Georgia,Tuesday,1,No
Georgia,Thursday,1,No
Georgia,Thursday,1,No
Georgia,Thursday,1,No
Georgia,Friday,1,Yes
Georgia,Friday,1,No
Georgia,Friday,1,No
Georgia,Friday,1,No
Georgia,Friday,1,No
Georgia,Friday,1,No
Georgia,Friday,1,No
Georgia,Saturday,1,No
Georgia,Saturday,1,Yes
Georgia,Saturday,1,No
Georgia,Saturday,2,No
Georgia,Saturday,1,No
Georgia,Saturday,1,Yes
Georgia,Sunday,1,Yes
Georgia,Sunday,1,No
Georgia,Sunday,1,No
Georgia,Sunday,1,No
Georgia,Monday,1,No
Georgia,Monday,1,No
Georgia,Monday,1,No
Georgia,Wednesday,1,No
Georgia,Thursday,1,No
Georgia,Thursday,1,No
Georgia,Thursday,1,No
Georgia,Thursday,1,No
Georgia,Thursday,1,No
Georgia,Friday,1,No
Georgia,Friday,1,No
Georgia,Friday,2,No
Georgia,Friday,1,No
Georgia,Friday,1,No
Georgia,Saturday,2,No
Georgia,Saturday,1,No
Georgia,Saturday,1,No
Georgia,Saturday,1,No
Georgia,Saturday,1,Yes
Georgia,Sunday,2,Yes
Georgia,Sunday,1,No
Georgia,Monday,1,No
Georgia,Monday,1,Yes
Georgia,Monday,1,No
Georgia,Monday,1,No
Georgia,Monday,1,No
Georgia,Tuesday,1,No
Georgia,Tuesday,1,No
Georgia,Tuesday,2,No
Georgia,Tuesday,1,No
Georgia,Wednesday,1,No
Georgia,Thursday,1,No
Georgia,Thursday,1,No
Georgia,Thursday,1,No
Georgia,Thursday,1,Yes
Georgia,Friday,1,No
Georgia,Saturday,1,No
Georgia,Saturday,1,No
Georgia,Friday,1,No
Georgia,Saturday,1,No
Georgia,Saturday,1,No
Georgia,Saturday,1,No
Georgia,Saturday,1,No
Georgia,Saturday,1,No
Georgia,Saturday,1,No
Georgia,Sunday,1,No
Georgia,Sunday,1,No
Georgia,Sunday,1,No
Georgia,Monday,1,No
Georgia,Monday,2,No
Georgia,Monday,1,No
Georgia,Monday,1,No
Georgia,Monday,1,No
Georgia,Monday,1,No
Georgia,Monday,1,Yes
Georgia,Tuesday,1,No
Georgia,Tuesday,1,No
Georgia,Tuesday,1,No
Georgia,Tuesday,1,No
Georgia,Wednesday,1,No
Georgia,Wednesday,1,Yes
Georgia,Wednesday,1,No
Georgia,Thursday,1,No
Georgia,Thursday,1,No
Georgia,Thursday,1,No
Georgia,Friday,1,Yes
Georgia,Friday,1,No
Georgia,Friday,1,No
Georgia,Saturday,1,No
Georgia,Saturday,1,Yes
Georgia,Sunday,1,Yes
Georgia,Sunday,1,No
Georgia,Sunday,1,No
Georgia,Sunday,1,No
Georgia,Monday,1,No
Georgia,Monday,1,No
Georgia,Monday,1,No
Georgia,Tuesday,1,No
Georgia,Tuesday,1,No
Georgia,Tuesday,1,No
Georgia,Tuesday,1,No
Georgia,Tuesday,1,No
Georgia,Wednesday,1,No
Georgia,Thursday,1,No
Georgia,Thursday,1,No
Georgia,Friday,1,No
Georgia,Friday,1,No
Georgia,Friday,1,No
Georgia,Saturday,1,No
Georgia,Saturday,1,No
Georgia,Saturday,1,No
Georgia,Saturday,1,No
Georgia,Saturday,1,No
Georgia,Saturday,1,No
Georgia,Saturday,1,Yes
Georgia,Saturday,1,Yes
Georgia,Saturday,1,Yes
Georgia,Sunday,1,No
Georgia,Sunday,1,No
Georgia,Sunday,1,No
Georgia,Sunday,1,No
Georgia,Sunday,1,No
Georgia,Monday,1,Yes
Georgia,Monday,1,No
Georgia,Tuesday,2,No
Georgia,Tuesday,1,No
Georgia,Tuesday,1,No
Georgia,Wednesday,1,Yes
Georgia,Wednesday,1,Yes
Georgia,Wednesday,1,Yes
Georgia,Wednesday,1,No
Georgia,Thursday,1,No
Georgia,Thursday,1,Yes
Georgia,Thursday,1,No
Georgia,Friday,1,No
Georgia,Friday,1,No
Georgia,Friday,1,No
Georgia,Saturday,1,No
Georgia,Saturday,1,Yes
Georgia,Saturday,1,No
Georgia,Sunday,1,Yes
Georgia,Sunday,1,No
Georgia,Monday,1,No
Georgia,Monday,1,No
Georgia,Tuesday,1,No
Georgia,Tuesday,1,No
Georgia,Wednesday,2,No
Georgia,Wednesday,1,No
Georgia,Wednesday,1,No
Georgia,Wednesday,1,No
Georgia,Thursday,1,No
Georgia,Thursday,1,No
Georgia,Thursday,1,No
Georgia,Friday,1,No
Georgia,Friday,1,No
Georgia,Friday,1,Yes
Georgia,Friday,1,No
Georgia,Friday,1,No
Georgia,Friday,1,No
Georgia,Friday,1,No
Georgia,Friday,1,Yes
Georgia,Saturday,1,No
Georgia,Saturday,1,No
Georgia,Saturday,1,No
Georgia,Saturday,1,No
Georgia,Saturday,1,No
Georgia,Sunday,1,No
Georgia,Saturday,1,No
Georgia,Tuesday,1,No
Georgia,Sunday,1,No
Georgia,Sunday,1,Yes
Georgia,Monday,1,No
Georgia,Monday,1,No
Georgia,Monday,1,Yes
Georgia,Tuesday,1,No
Georgia,Tuesday,1,No
Georgia,Wednesday,1,Yes
Georgia,Wednesday,1,No
Georgia,Wednesday,1,No
Georgia,Thursday,1,No
Georgia,Friday,1,No
Georgia,Friday,1,No
Georgia,Friday,1,No
Georgia,Friday,1,No
Georgia,Saturday,1,No
Georgia,Sunday,1,No
Georgia,Sunday,1,No
Georgia,Sunday,1,No
Georgia,Sunday,1,No
Georgia,Sunday,1,Yes
Georgia,Sunday,1,No
Georgia,Monday,1,No
Georgia,Monday,1,No
Georgia,Monday,1,No
Georgia,Monday,1,No
Georgia,Monday,1,Yes
Georgia,Tuesday,1,No
Georgia,Tuesday,1,No
Georgia,Tuesday,1,No
Georgia,Wednesday,1,No
Georgia,Wednesday,1,No
Georgia,Thursday,1,No
Georgia,Thursday,2,No
Georgia,Thursday,1,No
Georgia,Thursday,1,No
Georgia,Thursday,1,No
Georgia,Thursday,1,No
Georgia,Friday,1,Yes
Georgia,Friday,1,No
Georgia,Saturday,1,No
Georgia,Saturday,2,No
Georgia,Saturday,1,No
Georgia,Sunday,1,No
Georgia,Sunday,2,No
Georgia,Monday,1,Yes
Georgia,Monday,1,No
Georgia,Monday,1,No
Georgia,Monday,1,No
Georgia,Monday,1,No
Georgia,Monday,2,Yes
Georgia,Monday,1,No
Georgia,Monday,1,No
Georgia,Tuesday,1,No
Georgia,Tuesday,1,No
Georgia,Wednesday,1,No
Georgia,Wednesday,1,No
Georgia,Wednesday,1,Yes
Georgia,Wednesday,1,No
Georgia,Thursday,1,No
Georgia,Thursday,1,No
Georgia,Thursday,1,No
Georgia,Thursday,1,No
Georgia,Thursday,1,Yes
Georgia,Thursday,1,No
Georgia,Thursday,1,No
Georgia,Friday,1,No
Georgia,Friday,1,No
Georgia,Friday,1,No
Georgia,Friday,1,No
Georgia,Saturday,1,Yes
Georgia,Saturday,1,No
Georgia,Saturday,1,No
Georgia,Saturday,1,No
Georgia,Saturday,1,No
Georgia,Saturday,1,No
Georgia,Saturday,1,No
Georgia,Saturday,1,No
Georgia,Sunday,1,No
Georgia,Sunday,1,No
Georgia,Sunday,1,No
Georgia,Sunday,1,Yes
Georgia,Sunday,1,No
Georgia,Sunday,2,No
Georgia,Sunday,1,No
Georgia,Sunday,1,Yes
Georgia,Sunday,1,Yes
Georgia,Monday,1,No
Georgia,Monday,1,Yes
Georgia,Monday,1,Yes
Georgia,Monday,1,No
Georgia,Monday,1,No
Georgia,Tuesday,1,Yes
Georgia,Tuesday,1,No
Georgia,Tuesday,1,No
Georgia,Tuesday,1,Yes
Georgia,Wednesday,2,No
Georgia,Wednesday,1,No
Georgia,Wednesday,1,No
Georgia,Thursday,1,Yes
Georgia,Thursday,1,No
Georgia,Thursday,1,No
Georgia,Friday,1,No
Georgia,Friday,1,No
Georgia,Friday,1,Yes
Georgia,Friday,1,No
Georgia,Saturday,2,No
Georgia,Saturday,1,No
Georgia,Saturday,1,No
Georgia,Saturday,1,No
Georgia,Sunday,1,Yes
Georgia,Sunday,1,No
Georgia,Sunday,1,No
Georgia,Monday,1,No
Georgia,Monday,1,Yes
Georgia,Friday,1,No
Georgia,Wednesday,1,No
Georgia,Monday,1,No
Georgia,Monday,1,No
Georgia,Monday,1,No
Georgia,Monday,1,No
Georgia,Tuesday,1,No
Georgia,Tuesday,2,No
Georgia,Tuesday,1,No
Georgia,Wednesday,1,No
Georgia,Wednesday,1,No
Georgia,Wednesday,1,No
Georgia,Thursday,1,Yes
Georgia,Thursday,1,No
Georgia,Thursday,1,No
Georgia,Friday,1,No
Georgia,Friday,1,No
Georgia,Friday,1,No
Georgia,Friday,1,No
Georgia,Friday,1,Yes
Georgia,Saturday,1,Yes
Georgia,Saturday,1,No
Georgia,Saturday,1,No
Georgia,Sunday,2,Yes
Georgia,Sunday,1,No
Georgia,Sunday,1,Yes
Georgia,Monday,1,Yes
Georgia,Monday,1,No
Georgia,Monday,1,No
Georgia,Tuesday,1,No
Georgia,Tuesday,1,No
Georgia,Tuesday,1,Yes
Georgia,Tuesday,1,No
Georgia,Tuesday,1,No
Georgia,Tuesday,1,Yes
Georgia,Tuesday,1,No
Georgia,Tuesday,1,No
Georgia,Wednesday,1,No
Georgia,Wednesday,1,Yes
Georgia,Wednesday,1,No
Georgia,Thursday,1,Yes
Georgia,Thursday,1,No
Georgia,Thursday,1,No
Georgia,Friday,1,No
Georgia,Friday,1,No
Georgia,Friday,1,No
Georgia,Friday,1,No
Georgia,Friday,1,No
Georgia,Friday,1,Yes
Georgia,Friday,1,Yes
Georgia,Friday,1,Yes
Georgia,Saturday,1,No
Georgia,Saturday,2,No
Georgia,Saturday,1,No
Georgia,Sunday,1,No
Georgia,Sunday,1,No
Georgia,Monday,1,No
Georgia,Monday,1,No
Georgia,Monday,1,No
Georgia,Tuesday,1,No
Georgia,Tuesday,1,No
Georgia,Tuesday,3,No
Georgia,Wednesday,1,Yes
Georgia,Wednesday,1,No
Georgia,Thursday,1,No
Georgia,Thursday,1,No
Georgia,Monday,1,No
Georgia,Friday,1,No
Georgia,Friday,1,No
Georgia,Friday,1,No
Georgia,Saturday,1,Yes
Georgia,Saturday,1,No
Georgia,Saturday,1,Yes
Georgia,Sunday,1,No
Georgia,Sunday,1,No
Georgia,Sunday,1,No
Georgia,Sunday,1,No
Georgia,Sunday,1,No
Georgia,Sunday,1,No
Georgia,Monday,1,No
Georgia,Tuesday,1,No
Georgia,Tuesday,1,No
Georgia,Tuesday,1,No
Georgia,Wednesday,1,No
Georgia,Wednesday,1,No
Georgia,Wednesday,1,No
Georgia,Wednesday,1,No
Georgia,Thursday,1,No
Georgia,Thursday,1,No
Georgia,Thursday,1,No
Georgia,Thursday,1,Yes
Georgia,Thursday,1,No
Georgia,Thursday,1,No
Georgia,Friday,1,No
Georgia,Friday,1,No
Georgia,Friday,1,No
Georgia,Friday,1,No
Georgia,Friday,1,Yes
Georgia,Friday,1,No
Georgia,Friday,1,No
Georgia,Friday,1,Yes
Georgia,Saturday,1,No
Georgia,Saturday,1,Yes
Georgia,Saturday,1,No
Georgia,Saturday,1,Yes
Georgia,Saturday,1,No
Georgia,Sunday,1,No
Georgia,Saturday,1,No
Georgia,Sunday,1,Yes
Georgia,Sunday,1,No
Georgia,Sunday,1,No
Georgia,Sunday,1,Yes
Georgia,Monday,1,No
Georgia,Monday,1,Yes
Georgia,Monday,1,No
Georgia,Wednesday,2,No
Georgia,Wednesday,1,No
Georgia,Thursday,1,Yes
Georgia,Thursday,1,No
Georgia,Wednesday,1,No
Georgia,Thursday,1,No
Georgia,Thursday,1,No
Georgia,Thursday,1,No
Georgia,Thursday,1,No
Georgia,Friday,1,No
Georgia,Friday,1,Yes
Georgia,Sunday,2,Yes
Georgia,Saturday,1,No
Georgia,Saturday,1,Yes
Georgia,Saturday,2,No
Georgia,Saturday,1,No
Georgia,Saturday,1,Yes
Georgia,Saturday,1,No
Georgia,Saturday,1,No
Georgia,Saturday,1,No
Georgia,Sunday,2,Yes
Georgia,Monday,1,No
Georgia,Tuesday,1,No
Georgia,Tuesday,1,No
Georgia,Tuesday,1,No
Georgia,Tuesday,1,No
Georgia,Wednesday,1,Yes
Georgia,Wednesday,1,Yes
Georgia,Wednesday,1,No
Georgia,Wednesday,1,No
Georgia,Wednesday,1,No
Georgia,Wednesday,1,No
Georgia,Thursday,1,Yes
Georgia,Thursday,1,No
Georgia,Friday,1,Yes
Georgia,Friday,1,No
Georgia,Friday,1,No
Georgia,Friday,1,No
Georgia,Saturday,1,No
Georgia,Saturday,1,No
Georgia,Saturday,1,No
Georgia,Saturday,1,No
Georgia,Saturday,1,No
Georgia,Saturday,1,No
Georgia,Saturday,1,Yes
Georgia,Sunday,1,No
Georgia,Sunday,1,Yes
Georgia,Sunday,1,No
Georgia,Sunday,1,No
Georgia,Monday,1,No
Georgia,Monday,1,No
Georgia,Monday,2,Yes
Georgia,Monday,1,No
Georgia,Tuesday,1,No
Georgia,Tuesday,1,No
Georgia,Wednesday,2,No
Georgia,Wednesday,1,No
Georgia,Wednesday,1,No
Georgia,Thursday,1,Yes
Georgia,Thursday,1,Yes
Georgia,Thursday,1,No
Georgia,Thursday,1,No
Georgia,Thursday,1,Yes
Georgia,Friday,1,No
Georgia,Saturday,1,No
Georgia,Saturday,1,No
Georgia,Saturday,1,No
Georgia,Saturday,1,Yes
Georgia,Saturday,1,No
Georgia,Saturday,1,No
Georgia,Saturday,1,No
Georgia,Saturday,1,Yes
Georgia,Saturday,1,No
Georgia,Sunday,1,No
Georgia,Sunday,1,Yes
Georgia,Sunday,1,No
Georgia,Sunday,1,No
Georgia,Monday,1,No
Georgia,Tuesday,1,Yes
Georgia,Tuesday,1,No
Georgia,Tuesday,2,Yes
Georgia,Wednesday,1,No
Georgia,Wednesday,1,No
Georgia,Wednesday,1,No
Georgia,Thursday,1,Yes
Georgia,Thursday,1,No
Georgia,Thursday,2,No
Georgia,Thursday,1,No
Georgia,Friday,1,No
Georgia,Friday,1,Yes
Georgia,Friday,1,No
Georgia,Friday,1,No
Georgia,Friday,1,No
Georgia,Saturday,1,Yes
Georgia,Saturday,1,No
Georgia,Saturday,1,No
Georgia,Sunday,1,No
Georgia,Sunday,1,No
Georgia,Sunday,1,No
Georgia,Sunday,1,No
Georgia,Monday,1,No
Georgia,Monday,1,No
Georgia,Tuesday,2,No
Georgia,Tuesday,1,No
Georgia,Wednesday,1,No
Georgia,Wednesday,1,No
Georgia,Wednesday,1,No
Georgia,Wednesday,1,No
Georgia,Thursday,1,No
Georgia,Thursday,1,No
Georgia,Thursday,3,No
Georgia,Thursday,1,No
Georgia,Thursday,1,No
Georgia,Friday,1,No
Georgia,Friday,1,No
Georgia,Friday,1,No
Georgia,Friday,1,No
Georgia,Saturday,1,No
Georgia,Saturday,1,No
Georgia,Saturday,1,No
Georgia,Saturday,1,Yes
Georgia,Sunday,1,No
Georgia,Sunday,1,No
Georgia,Sunday,2,No
Georgia,Sunday,1,No
Georgia,Sunday,2,No
Georgia,Monday,1,Yes
Georgia,Monday,1,No
Georgia,Monday,1,No
Georgia,Tuesday,1,Yes
Georgia,Tuesday,1,No
Georgia,Tuesday,1,No
Georgia,Thursday,1,No
Georgia,Thursday,1,No
Georgia,Tuesday,1,No
Georgia,Tuesday,1,No
Georgia,Wednesday,1,Yes
Georgia,Wednesday,1,No
Georgia,Wednesday,2,No
Georgia,Wednesday,1,No
Georgia,Wednesday,1,No
Georgia,Thursday,1,Yes
Georgia,Thursday,1,No
Georgia,Thursday,1,Yes
Georgia,Thursday,1,No
Georgia,Thursday,1,No
Georgia,Thursday,1,No
Georgia,Thursday,2,No
Georgia,Friday,1,No
Georgia,Friday,1,No
Georgia,Friday,1,No
Georgia,Saturday,1,No
Georgia,Saturday,1,No
Georgia,Saturday,2,No
Georgia,Sunday,2,No
Georgia,Sunday,1,Yes
Georgia,Sunday,1,No
Georgia,Sunday,1,No
Georgia,Sunday,1,No
Georgia,Sunday,1,No
Georgia,Monday,1,No
Georgia,Monday,1,No
Georgia,Monday,2,No
Georgia,Monday,1,No
Georgia,Monday,1,Yes
Georgia,Tuesday,1,Yes
Georgia,Tuesday,1,No
Georgia,Wednesday,1,No
Georgia,Wednesday,1,No
Georgia,Wednesday,1,Yes
Georgia,Wednesday,1,No
Georgia,Wednesday,1,No
Georgia,Thursday,1,No
Georgia,Thursday,1,No
Georgia,Thursday,1,No
Georgia,Friday,4,No
Georgia,Friday,2,Yes
Georgia,Friday,1,Yes
Georgia,Friday,1,No
Georgia,Saturday,1,Yes
Georgia,Saturday,1,Yes
Georgia,Saturday,1,Yes
Georgia,Saturday,1,No
Georgia,Sunday,1,Yes
Georgia,Sunday,1,No
Georgia,Sunday,1,No
Georgia,Sunday,1,No
Georgia,Monday,1,No
Georgia,Monday,1,No
Georgia,Monday,3,No
Georgia,Monday,1,No
Georgia,Tuesday,1,Yes
Georgia,Tuesday,2,No
Georgia,Tuesday,1,No
Georgia,Wednesday,1,No
Georgia,Wednesday,1,No
Georgia,Wednesday,1,No
Georgia,Wednesday,1,No
Georgia,Wednesday,1,No
Georgia,Wednesday,1,Yes
Georgia,Thursday,1,No
Georgia,Thursday,1,Yes
Georgia,Thursday,1,No
Georgia,Thursday,1,No
Georgia,Thursday,1,Yes
Georgia,Saturday,2,Yes
Georgia,Saturday,1,Yes
Georgia,Saturday,1,No
Georgia,Saturday,1,No
Georgia,Sunday,1,No
Georgia,Sunday,1,Yes
Georgia,Sunday,1,No
Georgia,Monday,1,No
Georgia,Tuesday,1,No
Georgia,Tuesday,1,Yes
Georgia,Tuesday,1,No
Georgia,Tuesday,1,No
Georgia,Wednesday,1,No
Georgia,Wednesday,2,No
Georgia,Wednesday,1,Yes
Georgia,Wednesday,1,No
Georgia,Wednesday,1,No
Georgia,Friday,1,No
Georgia,Friday,1,No
Georgia,Friday,1,No
Georgia,Friday,1,No
Georgia,Saturday,1,No
Georgia,Saturday,1,No
Georgia,Saturday,1,No
Georgia,Saturday,1,No
Georgia,Saturday,1,No
Georgia,Sunday,1,No
Georgia,Monday,1,No
Georgia,Monday,1,No
Georgia,Monday,1,Yes
Georgia,Tuesday,1,No
Georgia,Tuesday,1,No
Georgia,Tuesday,1,No
Georgia,Wednesday,1,No
Georgia,Wednesday,1,No
Georgia,Wednesday,1,No
Georgia,Wednesday,1,No
Georgia,Wednesday,1,No
Georgia,Thursday,1,Yes
Georgia,Thursday,2,No
Georgia,Friday,1,No
Georgia,Monday,1,No
Georgia,Saturday,1,No
Georgia,Monday,1,No
Georgia,Friday,1,No
Georgia,Saturday,1,No
Georgia,Saturday,1,No
Georgia,Saturday,1,No
Georgia,Saturday,1,Yes
Georgia,Saturday,1,No
Georgia,Saturday,1,No
Georgia,Sunday,1,Yes
Georgia,Sunday,1,No
Georgia,Sunday,1,No
Georgia,Monday,1,No
Georgia,Tuesday,1,No
Georgia,Tuesday,1,No
Georgia,Wednesday,1,No
Georgia,Wednesday,3,Yes
Georgia,Wednesday,2,Yes
Georgia,Thursday,1,No
Georgia,Thursday,1,No
Georgia,Thursday,1,No
Georgia,Thursday,1,No
Georgia,Thursday,1,Yes
Georgia,Thursday,1,No
Georgia,Thursday,1,No
Georgia,Friday,1,No
Georgia,Friday,1,No
Georgia,Saturday,1,No
Georgia,Saturday,1,No
Georgia,Saturday,1,No
Georgia,Saturday,1,Yes
Georgia,Sunday,1,No
Georgia,Sunday,1,No
Georgia,Sunday,2,Yes
Georgia,Sunday,1,No
Georgia,Sunday,1,No
Georgia,Monday,1,No
Georgia,Monday,1,No
Georgia,Monday,1,Yes
Georgia,Monday,1,No
Georgia,Monday,1,No
Georgia,Tuesday,1,No
Georgia,Tuesday,1,No
Georgia,Tuesday,1,No
Georgia,Tuesday,1,No
Georgia,Wednesday,1,No
Georgia,Wednesday,1,Yes
Georgia,Thursday,1,No
Georgia,Thursday,1,Yes
Georgia,Thursday,1,No
Georgia,Thursday,1,No
Georgia,Friday,1,No
Georgia,Friday,1,No
Georgia,Friday,1,No
Georgia,Friday,1,Yes
Georgia,Saturday,1,No
Georgia,Saturday,1,Yes
Georgia,Saturday,1,No
Georgia,Saturday,1,Yes
Georgia,Saturday,1,No
Georgia,Saturday,1,No
Georgia,Sunday,1,No
Georgia,Sunday,1,Yes
Georgia,Sunday,1,No
Georgia,Monday,1,No
Georgia,Monday,1,No
Georgia,Monday,1,No
Georgia,Monday,3,Yes
Georgia,Monday,1,No
Georgia,Monday,1,No
Georgia,Tuesday,1,Yes
Georgia,Tuesday,1,No
Georgia,Tuesday,1,No
Georgia,Tuesday,1,No
Georgia,Tuesday,1,No
Georgia,Wednesday,1,No
Georgia,Wednesday,1,No
Georgia,Thursday,1,Yes
Georgia,Thursday,1,No
Georgia,Thursday,1,No
Georgia,Friday,1,No
Georgia,Saturday,1,No
Georgia,Saturday,2,No
Georgia,Saturday,1,No
Georgia,Saturday,1,No
Georgia,Saturday,1,No
Georgia,Sunday,1,No
Georgia,Sunday,1,No
Georgia,Sunday,1,Yes
Georgia,Monday,1,No
Georgia,Monday,1,No
Georgia,Monday,1,No
Georgia,Monday,1,No
Georgia,Wednesday,1,Yes
Georgia,Wednesday,1,No
Georgia,Wednesday,1,No
Georgia,Wednesday,1,No
Georgia,Thursday,1,No
Georgia,Thursday,1,Yes
Georgia,Thursday,1,No
Georgia,Thursday,1,No
Georgia,Thursday,1,No
Georgia,Thursday,1,No
Georgia,Friday,1,No
Georgia,Friday,1,No
Georgia,Friday,2,Yes
Georgia,Friday,1,No
Georgia,Friday,1,No
Georgia,Saturday,1,No
Georgia,Saturday,1,No
Georgia,Monday,1,No
Georgia,Saturday,1,No
Georgia,Friday,1,No
Georgia,Thursday,1,Yes
Georgia,Sunday,1,No
Georgia,Monday,2,No
Georgia,Saturday,1,Yes
Georgia,Saturday,3,No
Georgia,Saturday,1,Yes
Georgia,Saturday,2,Yes
Georgia,Saturday,3,No
Georgia,Saturday,1,No
Georgia,Saturday,1,No
Georgia,Sunday,1,No
Georgia,Sunday,1,No
Georgia,Sunday,1,No
Georgia,Sunday,2,Yes
Georgia,Tuesday,1,No
Georgia,Tuesday,1,Yes
Georgia,Tuesday,1,No
Georgia,Tuesday,1,No
Georgia,Wednesday,1,No
Georgia,Wednesday,1,No
Georgia,Wednesday,1,No
Georgia,Wednesday,1,No
Georgia,Wednesday,1,No
Georgia,Thursday,1,No
Georgia,Friday,1,Yes
Georgia,Friday,1,No
Georgia,Friday,1,No
Georgia,Friday,1,Yes
Georgia,Friday,1,No
Georgia,Saturday,1,No
Georgia,Saturday,1,Yes
Georgia,Saturday,1,Yes
Georgia,Sunday,1,No
Georgia,Sunday,1,Yes
Georgia,Sunday,1,No
Georgia,Monday,1,No
Georgia,Monday,1,No
Georgia,Monday,1,No
Georgia,Tuesday,1,No
Georgia,Tuesday,1,No
Georgia,Tuesday,1,No
Georgia,Tuesday,1,No
Georgia,Tuesday,1,No
Georgia,Wednesday,1,No
Georgia,Wednesday,1,Yes
Georgia,Thursday,1,No
Georgia,Thursday,1,No
Georgia,Friday,1,No
Georgia,Friday,1,No
Georgia,Friday,1,No
Georgia,Saturday,1,Yes
Georgia,Saturday,1,No
Georgia,Saturday,1,Yes
Georgia,Saturday,1,No
Georgia,Saturday,1,No
Georgia,Sunday,1,No
Georgia,Sunday,1,No
Georgia,Sunday,1,No
Georgia,Sunday,1,No
Georgia,Sunday,1,No
Georgia,Sunday,1,No
Georgia,Wednesday,1,No
Georgia,Friday,1,No
Georgia,Monday,1,No
Georgia,Monday,1,Yes
Georgia,Tuesday,1,No
Georgia,Tuesday,1,No
Georgia,Tuesday,1,No
Georgia,Tuesday,1,No
Georgia,Tuesday,1,No
Georgia,Tuesday,1,No
Georgia,Tuesday,1,No
Georgia,Tuesday,3,No
Georgia,Wednesday,1,No
Georgia,Wednesday,1,No
Georgia,Wednesday,1,No
Georgia,Wednesday,2,No
Georgia,Thursday,1,No
Georgia,Thursday,1,Yes
Georgia,Thursday,1,Yes
Georgia,Friday,1,No
Georgia,Friday,1,No
Georgia,Friday,1,No
Georgia,Friday,1,Yes
Georgia,Friday,1,No
Georgia,Friday,1,No
Georgia,Friday,1,Yes
Georgia,Friday,1,No
Georgia,Saturday,1,No
Georgia,Saturday,1,No
Georgia,Saturday,1,No
Georgia,Saturday,1,Yes
Georgia,Saturday,1,Yes
Georgia,Saturday,1,No
Georgia,Sunday,1,Yes
Georgia,Sunday,1,Yes
Georgia,Sunday,1,Yes
Georgia,Sunday,1,No
Georgia,Monday,1,No
Georgia,Monday,1,Yes
Georgia,Monday,1,No
Georgia,Monday,1,No
Georgia,Tuesday,1,No
Georgia,Tuesday,1,No
Georgia,Tuesday,1,No
Georgia,Wednesday,1,Yes
Georgia,Wednesday,1,No
Georgia,Wednesday,1,No
Georgia,Thursday,1,Yes
Georgia,Thursday,1,Yes
Georgia,Thursday,1,No
Georgia,Thursday,1,No
Georgia,Thursday,1,No
Georgia,Friday,1,Yes
Georgia,Friday,1,No
Georgia,Friday,2,Yes
Georgia,Friday,1,No
Georgia,Saturday,1,Yes
Georgia,Saturday,1,No
Georgia,Saturday,1,Yes
Georgia,Saturday,1,No
Georgia,Sunday,1,No
Georgia,Sunday,1,Yes
Georgia,Sunday,1,Yes
Georgia,Sunday,1,Yes
Georgia,Sunday,1,No
Georgia,Friday,1,No
Georgia,Tuesday,1,No
Georgia,Monday,1,No
Georgia,Monday,1,No
Georgia,Tuesday,1,No
Georgia,Tuesday,1,No
Georgia,Tuesday,1,No
Georgia,Wednesday,1,No
Georgia,Wednesday,1,No
Georgia,Thursday,1,No
Georgia,Friday,1,No
Georgia,Friday,1,No
Georgia,Friday,1,No
Georgia,Saturday,1,No
Georgia,Saturday,1,No
Georgia,Saturday,1,No
Georgia,Saturday,1,No
Georgia,Sunday,1,No
Georgia,Sunday,1,No
Georgia,Sunday,1,No
Georgia,Monday,1,No
Georgia,Monday,1,No
Georgia,Monday,2,No
Georgia,Monday,1,No
Georgia,Tuesday,1,No
Georgia,Tuesday,1,No
Georgia,Tuesday,1,No
Georgia,Wednesday,1,No
Georgia,Wednesday,1,Yes
Georgia,Wednesday,1,No
Georgia,Wednesday,1,No
Georgia,Wednesday,1,No
Georgia,Wednesday,1,No
Georgia,Wednesday,1,No
Georgia,Wednesday,1,Yes
Georgia,Thursday,1,No
Georgia,Thursday,1,No
Georgia,Thursday,1,Yes
Georgia,Thursday,1,No
Georgia,Thursday,1,No
Georgia,Friday,2,No
Georgia,Friday,1,Yes
Georgia,Saturday,1,No
Georgia,Saturday,1,No
Georgia,Saturday,1,Yes
Georgia,Saturday,1,No
Georgia,Sunday,1,Yes
Georgia,Sunday,1,No
Georgia,Sunday,1,No
Georgia,Sunday,1,Yes
Georgia,Monday,1,No
Georgia,Monday,1,No
Georgia,Monday,1,Yes
Georgia,Monday,1,No
Georgia,Tuesday,1,No
Georgia,Tuesday,1,Yes
Georgia,Tuesday,1,No
Georgia,Wednesday,1,No
Georgia,Wednesday,1,No
Georgia,Wednesday,1,No
Georgia,Wednesday,1,No
Georgia,Wednesday,1,No
Georgia,Wednesday,2,No
Georgia,Tuesday,1,No
Georgia,Saturday,1,No
Georgia,Sunday,1,No
Georgia,Sunday,1,No
Georgia,Thursday,1,No
Georgia,Thursday,1,No
Georgia,Friday,1,No
Georgia,Friday,1,No
Georgia,Friday,1,No
Georgia,Saturday,1,Yes
Georgia,Saturday,1,No
Georgia,Saturday,1,No
Georgia,Saturday,1,No
Georgia,Saturday,2,Yes
Georgia,Sunday,1,No
Georgia,Sunday,1,No
Georgia,Monday,1,No
Georgia,Monday,1,Yes
Georgia,Monday,2,No
Georgia,Tuesday,1,No
Georgia,Tuesday,1,No
Georgia,Tuesday,1,No
Georgia,Tuesday,1,Yes
Georgia,Tuesday,1,No
Georgia,Tuesday,1,No
Georgia,Thursday,1,No
Georgia,Tuesday,2,No
Georgia,Tuesday,1,No
Georgia,Wednesday,1,No
Georgia,Wednesday,1,Yes
Georgia,Thursday,1,No
Georgia,Thursday,1,No
Georgia,Thursday,2,No
Georgia,Friday,1,No
Georgia,Friday,1,Yes
Georgia,Friday,1,No
Georgia,Friday,1,No
Georgia,Friday,1,No
Georgia,Friday,1,No
Georgia,Friday,1,Yes
Georgia,Saturday,1,Yes
Georgia,Saturday,1,No
Georgia,Saturday,1,No
Georgia,Saturday,1,No
Georgia,Saturday,1,No
Georgia,Saturday,1,No
Georgia,Saturday,1,No
Georgia,Sunday,1,No
Georgia,Sunday,1,No
Georgia,Sunday,1,Yes
Georgia,Sunday,3,No
Georgia,Sunday,1,No
Georgia,Sunday,1,No
Georgia,Monday,1,No
Georgia,Monday,1,No
Georgia,Tuesday,1,No
Georgia,Tuesday,1,No
Georgia,Tuesday,1,No
Georgia,Tuesday,1,No
Georgia,Tuesday,1,No
Georgia,Tuesday,1,No
Georgia,Wednesday,1,No
Georgia,Wednesday,1,No
Georgia,Friday,1,No
Georgia,Thursday,1,No
Georgia,Tuesday,1,No
Georgia,Friday,1,No
Georgia,Tuesday,1,No
Georgia,Saturday,1,No
Georgia,Friday,1,No
Georgia,Thursday,1,No
Georgia,Thursday,1,No
Georgia,Thursday,1,No
Georgia,Thursday,1,No
Georgia,Thursday,1,No
Georgia,Friday,1,No
Georgia,Friday,1,Yes
Georgia,Friday,1,No
Georgia,Friday,1,No
Georgia,Friday,1,Yes
Georgia,Friday,1,No
Georgia,Saturday,1,No
Georgia,Saturday,1,No
Georgia,Sunday,1,Yes
Georgia,Sunday,1,No
Georgia,Sunday,1,No
Georgia,Monday,1,No
Georgia,Monday,1,Yes
Georgia,Monday,1,Yes
Georgia,Monday,1,Yes
Georgia,Monday,1,No
Georgia,Tuesday,1,No
Georgia,Tuesday,1,No
Georgia,Tuesday,1,No
Georgia,Tuesday,2,No
Georgia,Tuesday,2,Yes
Georgia,Tuesday,1,No
Georgia,Tuesday,1,Yes
Georgia,Wednesday,1,No
Georgia,Wednesday,1,No
Georgia,Wednesday,1,No
Georgia,Thursday,1,No
Georgia,Thursday,1,No
Georgia,Friday,1,No
Georgia,Friday,1,No
Georgia,Friday,1,No
Georgia,Friday,1,No
Georgia,Saturday,1,Yes
Georgia,Saturday,1,No
Georgia,Saturday,2,No
Georgia,Saturday,1,No
Georgia,Saturday,1,Yes
Georgia,Saturday,1,No
Georgia,Sunday,1,No
Georgia,Sunday,1,No
Georgia,Sunday,1,No
Georgia,Monday,1,No
Georgia,Monday,1,Yes
Georgia,Tuesday,1,No
Georgia,Tuesday,1,Yes
Georgia,Wednesday,2,Yes
Georgia,Thursday,2,No
Georgia,Thursday,1,No
Georgia,Friday,1,No
Georgia,Friday,1,No
Georgia,Friday,1,No
Georgia,Saturday,1,No
Georgia,Saturday,2,No
Georgia,Saturday,1,Yes
Georgia,Saturday,1,Yes
Georgia,Saturday,1,No
Georgia,Saturday,1,Yes
Georgia,Saturday,1,Yes
Georgia,Saturday,1,Yes
Georgia,Saturday,1,Yes
Georgia,Sunday,1,No
Georgia,Sunday,1,No
Georgia,Monday,1,No
Georgia,Monday,1,No
Georgia,Monday,1,No
Georgia,Tuesday,1,No
Georgia,Wednesday,1,No
Georgia,Wednesday,1,No
Georgia,Wednesday,2,No
Georgia,Thursday,1,No
Georgia,Thursday,1,No
Georgia,Thursday,1,No
Georgia,Thursday,1,No
Georgia,Thursday,1,No
Georgia,Thursday,2,No
Georgia,Thursday,1,No
Georgia,Thursday,1,No
Georgia,Thursday,1,No
Georgia,Friday,1,Yes
Georgia,Friday,1,No
Georgia,Friday,1,Yes
Georgia,Saturday,1,No
Georgia,Saturday,1,No
Georgia,Saturday,1,Yes
Georgia,Sunday,1,No
Georgia,Sunday,1,No
Georgia,Monday,2,No
Georgia,Monday,1,No
Georgia,Tuesday,1,No
Georgia,Tuesday,1,No
Georgia,Wednesday,1,No
Georgia,Wednesday,1,No
Georgia,Wednesday,1,No
Georgia,Thursday,1,No
Georgia,Thursday,1,No
Georgia,Friday,1,No
Georgia,Friday,1,No
Georgia,Friday,1,No
Georgia,Friday,1,No
Georgia,Saturday,1,No
Georgia,Saturday,1,No
Georgia,Saturday,1,No
Georgia,Saturday,2,No
Georgia,Saturday,1,No
Georgia,Sunday,2,No
Georgia,Sunday,1,No
Georgia,Sunday,1,No
Georgia,Sunday,1,No
Georgia,Monday,1,No
Georgia,Monday,1,Yes
Georgia,Tuesday,1,No
Georgia,Tuesday,1,No
Georgia,Tuesday,1,No
Georgia,Wednesday,1,No
Georgia,Wednesday,1,No
Georgia,Wednesday,1,No
Georgia,Wednesday,1,No
Georgia,Thursday,1,No
Georgia,Thursday,1,No
Georgia,Thursday,1,No
Georgia,Thursday,1,No
Georgia,Friday,1,No
Georgia,Friday,1,Yes
Georgia,Friday,1,Yes
Georgia,Friday,2,Yes
Georgia,Friday,1,No
Georgia,Friday,1,No
Georgia,Friday,1,No
Georgia,Saturday,1,Yes
Georgia,Saturday,1,No
Georgia,Saturday,1,No
Georgia,Saturday,1,Yes
Georgia,Saturday,1,No
Georgia,Saturday,1,No
Georgia,Saturday,1,No
Georgia,Sunday,1,Yes
Georgia,Sunday,1,No
Georgia,Sunday,1,Yes
Georgia,Sunday,1,No
Georgia,Sunday,1,No
Georgia,Sunday,1,Yes
Georgia,Monday,1,No
Georgia,Monday,1,No
Georgia,Monday,2,Yes
Georgia,Monday,1,No
Georgia,Monday,1,No
Georgia,Tuesday,1,No
Georgia,Tuesday,1,No
Georgia,Tuesday,1,No
Georgia,Tuesday,1,No
Georgia,Tuesday,1,Yes
Georgia,Thursday,1,No
Georgia,Wednesday,1,No
Georgia,Wednesday,1,No
Georgia,Wednesday,1,No
Georgia,Thursday,1,Yes
Georgia,Thursday,1,No
Georgia,Friday,1,No
Georgia,Friday,1,No
Georgia,Friday,1,No
Georgia,Friday,1,Yes
Georgia,Saturday,1,No
Georgia,Saturday,1,No
Georgia,Saturday,1,No
Georgia,Saturday,1,No
Georgia,Saturday,1,No
Georgia,Saturday,1,No
Georgia,Saturday,1,Yes
Georgia,Sunday,1,No
Georgia,Sunday,2,No
Georgia,Sunday,1,No
Georgia,Sunday,1,No
Georgia,Sunday,1,No
Georgia,Sunday,1,Yes
Georgia,Monday,1,No
Georgia,Monday,1,Yes
Georgia,Monday,1,No
Georgia,Monday,1,No
Georgia,Monday,1,No
Hawaii,Tuesday,1,No
Hawaii,Wednesday,1,No
Hawaii,Sunday,1,No
Hawaii,Tuesday,1,Yes
Hawaii,Saturday,1,Yes
Hawaii,Tuesday,1,No
Hawaii,Thursday,1,No
Hawaii,Tuesday,1,No
Hawaii,Wednesday,1,No
Hawaii,Friday,2,No
Hawaii,Monday,2,No
Hawaii,Tuesday,1,No
Hawaii,Sunday,1,No
Hawaii,Saturday,1,Yes
Hawaii,Saturday,1,Yes
Hawaii,Monday,1,No
Hawaii,Thursday,1,No
Hawaii,Friday,1,No
Hawaii,Friday,1,No
Hawaii,Sunday,1,Yes
Hawaii,Thursday,1,No
Hawaii,Monday,1,Yes
Hawaii,Friday,1,No
Hawaii,Saturday,1,No
Hawaii,Thursday,1,No
Hawaii,Wednesday,1,No
Hawaii,Friday,1,No
Hawaii,Tuesday,1,No
Hawaii,Monday,1,No
Hawaii,Sunday,1,No
Hawaii,Sunday,1,No
Hawaii,Sunday,1,Yes
Hawaii,Monday,1,Yes
Hawaii,Friday,2,No
Hawaii,Wednesday,1,No
Hawaii,Sunday,1,Yes
Hawaii,Monday,1,No
Hawaii,Friday,1,No
Hawaii,Thursday,1,No
Hawaii,Thursday,1,No
Hawaii,Friday,1,Yes
Hawaii,Friday,1,No
Hawaii,Friday,1,No
Hawaii,Saturday,1,No
Hawaii,Saturday,1,No
Hawaii,Monday,1,No
Hawaii,Saturday,1,No
Hawaii,Friday,1,Yes
Hawaii,Monday,1,No
Hawaii,Monday,1,No
Hawaii,Tuesday,1,No
Hawaii,Saturday,1,Yes
Hawaii,Tuesday,1,No
Hawaii,Monday,1,Yes
Hawaii,Saturday,1,No
Hawaii,Friday,3,Yes
Hawaii,Thursday,1,No
Hawaii,Friday,1,Yes
Hawaii,Monday,1,Yes
Hawaii,Monday,1,No
Hawaii,Thursday,1,No
Hawaii,Saturday,1,No
Hawaii,Saturday,1,No
Hawaii,Saturday,1,No
Hawaii,Sunday,1,Yes
Hawaii,Wednesday,1,Yes
Hawaii,Friday,2,No
Hawaii,Friday,1,No
Hawaii,Monday,1,No
Hawaii,Tuesday,1,No
Hawaii,Wednesday,1,No
Hawaii,Tuesday,1,No
Hawaii,Friday,1,No
Hawaii,Friday,1,No
Hawaii,Saturday,1,No
Hawaii,Monday,1,No
Hawaii,Tuesday,1,No
Hawaii,Tuesday,1,No
Hawaii,Sunday,1,Yes
Hawaii,Thursday,1,Yes
Hawaii,Tuesday,1,No
Hawaii,Sunday,1,Yes
Hawaii,Friday,1,Yes
Hawaii,Tuesday,1,No
Hawaii,Wednesday,1,No
Hawaii,Wednesday,1,No
Hawaii,Saturday,1,No
Hawaii,Sunday,1,No
Hawaii,Sunday,1,No
Hawaii,Monday,1,No
Hawaii,Tuesday,1,No
Hawaii,Saturday,1,No
Hawaii,Thursday,1,Yes
Hawaii,Monday,1,No
Hawaii,Wednesday,1,No
Hawaii,Friday,1,Yes
Hawaii,Wednesday,1,No
Hawaii,Wednesday,1,No
Hawaii,Wednesday,1,No
Hawaii,Saturday,1,No
Hawaii,Thursday,1,Yes
Hawaii,Wednesday,1,No
Hawaii,Wednesday,1,No
Hawaii,Tuesday,1,No
Hawaii,Friday,1,No
Hawaii,Wednesday,1,No
Hawaii,Friday,1,Yes
Hawaii,Friday,2,Yes
Hawaii,Friday,1,No
Hawaii,Sunday,1,No
Idaho,Sunday,1,No
Idaho,Friday,1,No
Idaho,Friday,1,No
Idaho,Wednesday,1,No
Idaho,Tuesday,1,Yes
Idaho,Wednesday,1,No
Idaho,Friday,1,No
Idaho,Wednesday,1,No
Idaho,Wednesday,1,Yes
Idaho,Wednesday,1,No
Idaho,Friday,1,No
Idaho,Monday,1,No
Idaho,Sunday,1,Yes
Idaho,Wednesday,1,No
Idaho,Monday,1,No
Idaho,Sunday,1,Yes
Idaho,Saturday,1,No
Idaho,Monday,1,No
Idaho,Wednesday,1,No
Idaho,Tuesday,1,No
Idaho,Saturday,1,Yes
Idaho,Sunday,1,No
Idaho,Thursday,1,No
Idaho,Thursday,1,No
Idaho,Wednesday,1,No
Idaho,Thursday,1,No
Idaho,Monday,1,No
Idaho,Friday,1,No
Idaho,Sunday,1,No
Idaho,Thursday,1,No
Idaho,Wednesday,1,Yes
Idaho,Sunday,1,Yes
Idaho,Thursday,1,No
Idaho,Friday,1,No
Idaho,Wednesday,1,Yes
Idaho,Saturday,1,No
Idaho,Wednesday,2,No
Idaho,Friday,1,No
Idaho,Friday,1,Yes
Idaho,Sunday,1,Yes
Idaho,Friday,1,No
Idaho,Saturday,1,Yes
Idaho,Tuesday,1,No
Idaho,Sunday,1,No
Idaho,Saturday,1,No
Idaho,Tuesday,1,No
Idaho,Tuesday,1,No
Idaho,Tuesday,1,No
Idaho,Tuesday,1,No
Idaho,Saturday,1,No
Idaho,Saturday,1,Yes
Idaho,Wednesday,1,No
Idaho,Thursday,1,Yes
Idaho,Saturday,1,No
Idaho,Tuesday,1,No
Idaho,Wednesday,1,No
Idaho,Saturday,1,Yes
Idaho,Friday,1,No
Idaho,Thursday,1,No
Idaho,Friday,1,Yes
Idaho,Saturday,1,Yes
Idaho,Sunday,1,Yes
Idaho,Monday,1,No
Idaho,Tuesday,4,Yes
Idaho,Monday,1,No
Idaho,Thursday,1,Yes
Idaho,Friday,1,No
Idaho,Saturday,1,No
Idaho,Sunday,1,No
Idaho,Sunday,1,No
Idaho,Sunday,2,Yes
Idaho,Wednesday,1,No
Idaho,Sunday,1,Yes
Idaho,Monday,1,Yes
Idaho,Sunday,1,No
Idaho,Monday,1,No
Idaho,Saturday,1,No
Idaho,Thursday,1,No
Idaho,Friday,1,No
Idaho,Wednesday,1,Yes
Idaho,Saturday,1,Yes
Idaho,Saturday,1,No
Idaho,Saturday,1,Yes
Idaho,Friday,1,Yes
Idaho,Thursday,1,No
Idaho,Friday,1,No
Idaho,Monday,1,No
Idaho,Friday,1,No
Idaho,Wednesday,1,No
Idaho,Saturday,4,No
Idaho,Sunday,1,Yes
Idaho,Saturday,2,No
Idaho,Monday,1,Yes
Idaho,Tuesday,1,No
Idaho,Friday,1,No
Idaho,Thursday,1,No
Idaho,Wednesday,1,No
Idaho,Thursday,1,No
Idaho,Tuesday,1,No
Idaho,Tuesday,1,No
Idaho,Friday,1,No
Idaho,Saturday,1,No
Idaho,Saturday,1,No
Idaho,Saturday,1,No
Idaho,Wednesday,1,No
Idaho,Monday,1,No
Idaho,Sunday,1,No
Idaho,Saturday,1,Yes
Idaho,Friday,1,No
Idaho,Saturday,2,Yes
Idaho,Saturday,2,No
Idaho,Saturday,1,No
Idaho,Saturday,1,Yes
Idaho,Thursday,1,No
Idaho,Sunday,1,Yes
Idaho,Monday,1,Yes
Idaho,Saturday,1,No
Idaho,Monday,1,No
Idaho,Tuesday,1,No
Idaho,Sunday,1,No
Idaho,Wednesday,1,Yes
Idaho,Friday,2,No
Idaho,Monday,1,No
Idaho,Wednesday,1,No
Idaho,Thursday,1,No
Idaho,Thursday,1,No
Idaho,Friday,1,No
Idaho,Sunday,1,No
Idaho,Friday,1,Yes
Idaho,Friday,1,No
Idaho,Monday,1,No
Idaho,Sunday,1,No
Idaho,Thursday,1,No
Idaho,Monday,1,No
Idaho,Saturday,2,Yes
Idaho,Wednesday,1,No
Idaho,Monday,1,No
Idaho,Sunday,1,No
Idaho,Tuesday,1,No
Idaho,Friday,2,No
Idaho,Tuesday,1,No
Idaho,Monday,1,Yes
Idaho,Saturday,1,Yes
Idaho,Tuesday,2,No
Idaho,Friday,1,Yes
Idaho,Saturday,1,Yes
Idaho,Friday,1,No
Idaho,Friday,1,No
Idaho,Monday,1,No
Idaho,Friday,1,No
Idaho,Monday,1,No
Idaho,Friday,1,No
Idaho,Monday,1,No
Idaho,Thursday,1,No
Idaho,Monday,1,Yes
Idaho,Tuesday,1,No
Idaho,Friday,1,No
Idaho,Thursday,1,No
Idaho,Tuesday,1,No
Idaho,Wednesday,2,Yes
Idaho,Sunday,1,Yes
Idaho,Saturday,1,No
Idaho,Thursday,1,No
Idaho,Saturday,1,No
Idaho,Sunday,1,No
Idaho,Monday,1,No
Idaho,Saturday,1,Yes
Idaho,Monday,1,No
Idaho,Tuesday,1,No
Idaho,Tuesday,1,No
Idaho,Tuesday,1,No
Idaho,Friday,1,No
Idaho,Friday,1,No
Idaho,Friday,1,No
Idaho,Friday,1,No
Idaho,Saturday,1,Yes
Idaho,Sunday,1,No
Idaho,Sunday,1,No
Idaho,Sunday,1,Yes
Idaho,Tuesday,1,No
Idaho,Wednesday,1,No
Idaho,Tuesday,1,No
Idaho,Wednesday,1,No
Idaho,Saturday,2,No
Idaho,Wednesday,1,No
Idaho,Tuesday,1,No
Idaho,Sunday,1,Yes
Idaho,Saturday,1,No
Idaho,Wednesday,1,Yes
Idaho,Sunday,1,Yes
Idaho,Sunday,2,No
Idaho,Monday,1,Yes
Idaho,Friday,1,No
Idaho,Monday,1,No
Idaho,Friday,1,No
Idaho,Wednesday,1,No
Idaho,Friday,1,No
Idaho,Friday,2,No
Idaho,Friday,1,No
Idaho,Friday,1,No
Idaho,Sunday,1,Yes
Idaho,Saturday,1,No
Idaho,Saturday,1,No
Idaho,Wednesday,1,No
Idaho,Sunday,1,No
Idaho,Tuesday,1,No
Idaho,Monday,1,No
Idaho,Sunday,1,No
Idaho,Thursday,1,No
Idaho,Thursday,1,No
Idaho,Saturday,1,No
Idaho,Saturday,1,Yes
Illinois,Tuesday,1,No
Illinois,Wednesday,1,No
Illinois,Thursday,1,Yes
Illinois,Sunday,1,Yes
Illinois,Thursday,2,No
Illinois,Thursday,1,No
Illinois,Friday,1,No
Illinois,Sunday,1,No
Illinois,Monday,1,No
Illinois,Monday,1,No
Illinois,Sunday,1,Yes
Illinois,Wednesday,1,No
Illinois,Wednesday,1,Yes
Illinois,Thursday,1,Yes
Illinois,Wednesday,1,No
Illinois,Saturday,1,No
Illinois,Saturday,1,No
Illinois,Thursday,1,Yes
Illinois,Sunday,1,No
Illinois,Thursday,3,No
Illinois,Friday,1,Yes
Illinois,Monday,1,No
Illinois,Thursday,1,No
Illinois,Saturday,1,No
Illinois,Sunday,2,No
Illinois,Monday,1,No
Illinois,Wednesday,1,Yes
Illinois,Sunday,1,No
Illinois,Wednesday,1,No
Illinois,Thursday,1,No
Illinois,Monday,1,No
Illinois,Thursday,1,No
Illinois,Thursday,1,No
Illinois,Friday,1,No
Illinois,Saturday,1,No
Illinois,Saturday,1,No
Illinois,Sunday,1,Yes
Illinois,Wednesday,1,No
Illinois,Monday,1,No
Illinois,Monday,1,No
Illinois,Friday,1,Yes
Illinois,Sunday,1,Yes
Illinois,Thursday,1,No
Illinois,Thursday,1,No
Illinois,Friday,1,No
Illinois,Monday,2,Yes
Illinois,Wednesday,1,Yes
Illinois,Saturday,1,No
Illinois,Friday,3,No
Illinois,Friday,1,No
Illinois,Monday,1,No
Illinois,Monday,1,No
Illinois,Thursday,1,Yes
Illinois,Friday,1,Yes
Illinois,Friday,1,Yes
Illinois,Thursday,1,No
Illinois,Tuesday,1,No
Illinois,Wednesday,1,No
Illinois,Wednesday,1,No
Illinois,Monday,1,No
Illinois,Monday,1,No
Illinois,Wednesday,1,No
Illinois,Tuesday,1,No
Illinois,Wednesday,2,Yes
Illinois,Wednesday,1,Yes
Illinois,Monday,1,No
Illinois,Wednesday,1,No
Illinois,Friday,1,No
Illinois,Tuesday,1,Yes
Illinois,Saturday,1,No
Illinois,Sunday,2,No
Illinois,Saturday,1,No
Illinois,Wednesday,1,No
Illinois,Monday,1,No
Illinois,Wednesday,1,No
Illinois,Tuesday,1,No
Illinois,Thursday,1,No
Illinois,Saturday,1,No
Illinois,Sunday,1,No
Illinois,Monday,1,No
Illinois,Wednesday,1,No
Illinois,Wednesday,1,No
Illinois,Friday,1,No
Illinois,Tuesday,1,No
Illinois,Sunday,1,Yes
Illinois,Wednesday,2,Yes
Illinois,Thursday,1,Yes
Illinois,Sunday,1,No
Illinois,Monday,1,No
Illinois,Sunday,1,Yes
Illinois,Sunday,1,No
Illinois,Tuesday,1,No
Illinois,Friday,1,Yes
Illinois,Tuesday,1,Yes
Illinois,Tuesday,2,Yes
Illinois,Tuesday,1,No
Illinois,Tuesday,1,No
Illinois,Wednesday,1,No
Illinois,Thursday,1,No
Illinois,Saturday,1,No
Illinois,Friday,1,Yes
Illinois,Friday,1,No
Illinois,Tuesday,1,No
Illinois,Wednesday,1,No
Illinois,Sunday,1,Yes
Illinois,Wednesday,1,No
Illinois,Tuesday,1,No
Illinois,Friday,1,No
Illinois,Saturday,1,Yes
Illinois,Sunday,1,Yes
Illinois,Friday,1,No
Illinois,Saturday,1,Yes
Illinois,Sunday,1,Yes
Illinois,Tuesday,1,Yes
Illinois,Monday,1,Yes
Illinois,Wednesday,1,No
Illinois,Friday,1,No
Illinois,Tuesday,1,No
Illinois,Sunday,1,Yes
Illinois,Tuesday,1,No
Illinois,Wednesday,1,No
Illinois,Tuesday,1,Yes
Illinois,Friday,1,No
Illinois,Tuesday,1,No
Illinois,Sunday,1,No
Illinois,Monday,1,No
Illinois,Friday,1,No
Illinois,Sunday,1,No
Illinois,Wednesday,1,No
Illinois,Thursday,1,No
Illinois,Thursday,1,No
Illinois,Friday,1,No
Illinois,Saturday,2,No
Illinois,Friday,1,No
Illinois,Sunday,1,No
Illinois,Thursday,1,No
Illinois,Saturday,1,No
Illinois,Monday,1,Yes
Illinois,Monday,1,No
Illinois,Saturday,1,No
Illinois,Monday,1,No
Illinois,Friday,1,No
Illinois,Sunday,1,No
Illinois,Wednesday,1,No
Illinois,Tuesday,1,No
Illinois,Tuesday,1,No
Illinois,Wednesday,1,No
Illinois,Tuesday,1,No
Illinois,Tuesday,1,No
Illinois,Tuesday,1,Yes
Illinois,Sunday,1,Yes
Illinois,Tuesday,1,No
Illinois,Saturday,1,Yes
Illinois,Sunday,1,No
Illinois,Sunday,1,Yes
Illinois,Wednesday,1,No
Illinois,Saturday,1,No
Illinois,Saturday,1,No
Illinois,Friday,1,Yes
Illinois,Thursday,1,No
Illinois,Thursday,1,No
Illinois,Sunday,1,Yes
Illinois,Sunday,1,Yes
Illinois,Monday,2,No
Illinois,Thursday,1,Yes
Illinois,Friday,1,Yes
Illinois,Friday,2,No
Illinois,Friday,1,No
Illinois,Saturday,2,Yes
Illinois,Tuesday,1,Yes
Illinois,Sunday,1,No
Illinois,Thursday,1,No
Illinois,Sunday,3,No
Illinois,Thursday,1,Yes
Illinois,Monday,1,No
Illinois,Thursday,1,No
Illinois,Saturday,1,No
Illinois,Sunday,1,No
Illinois,Monday,2,No
Illinois,Thursday,1,Yes
Illinois,Saturday,2,No
Illinois,Saturday,1,No
Illinois,Monday,1,No
Illinois,Saturday,1,No
Illinois,Saturday,3,No
Illinois,Wednesday,1,No
Illinois,Saturday,1,No
Illinois,Sunday,1,No
Illinois,Sunday,1,Yes
Illinois,Thursday,1,Yes
Illinois,Sunday,1,No
Illinois,Monday,1,No
Illinois,Saturday,1,Yes
Illinois,Monday,1,No
Illinois,Sunday,1,Yes
Illinois,Monday,1,No
Illinois,Sunday,1,Yes
Illinois,Sunday,1,Yes
Illinois,Friday,1,Yes
Illinois,Monday,1,No
Illinois,Friday,1,Yes
Illinois,Saturday,2,No
Illinois,Thursday,1,Yes
Illinois,Tuesday,1,Yes
Illinois,Wednesday,1,No
Illinois,Monday,1,No
Illinois,Monday,1,Yes
Illinois,Monday,1,No
Illinois,Monday,1,No
Illinois,Sunday,1,Yes
Illinois,Sunday,2,Yes
Illinois,Sunday,1,Yes
Illinois,Sunday,1,No
Illinois,Wednesday,1,Yes
Illinois,Friday,1,No
Illinois,Friday,1,Yes
Illinois,Saturday,1,Yes
Illinois,Wednesday,1,Yes
Illinois,Thursday,1,Yes
Illinois,Sunday,1,Yes
Illinois,Friday,1,No
Illinois,Friday,1,Yes
Illinois,Tuesday,1,No
Illinois,Monday,1,No
Illinois,Friday,2,Yes
Illinois,Friday,1,Yes
Illinois,Monday,2,No
Illinois,Thursday,2,No
Illinois,Wednesday,1,No
Illinois,Thursday,2,No
Illinois,Saturday,1,No
Illinois,Tuesday,1,Yes
Illinois,Monday,1,Yes
Illinois,Tuesday,1,No
Illinois,Saturday,1,Yes
Illinois,Saturday,1,Yes
Illinois,Sunday,1,No
Illinois,Wednesday,2,Yes
Illinois,Thursday,1,No
Illinois,Thursday,1,No
Illinois,Thursday,1,No
Illinois,Wednesday,1,No
Illinois,Friday,1,Yes
Illinois,Sunday,1,No
Illinois,Saturday,1,No
Illinois,Sunday,1,Yes
Illinois,Wednesday,1,No
Illinois,Thursday,1,No
Illinois,Monday,1,No
Illinois,Sunday,1,No
Illinois,Monday,1,Yes
Illinois,Monday,1,No
Illinois,Monday,1,No
Illinois,Sunday,1,No
Illinois,Tuesday,1,No
Illinois,Saturday,1,No
Illinois,Saturday,1,No
Illinois,Saturday,1,Yes
Illinois,Saturday,1,No
Illinois,Sunday,1,No
Illinois,Saturday,1,Yes
Illinois,Tuesday,1,No
Illinois,Sunday,1,No
Illinois,Sunday,1,No
Illinois,Wednesday,2,No
Illinois,Friday,1,No
Illinois,Thursday,1,No
Illinois,Saturday,1,No
Illinois,Sunday,1,Yes
Illinois,Thursday,1,No
Illinois,Saturday,1,No
Illinois,Sunday,1,No
Illinois,Sunday,1,Yes
Illinois,Sunday,1,Yes
Illinois,Saturday,1,No
Illinois,Thursday,1,No
Illinois,Friday,1,No
Illinois,Thursday,1,No
Illinois,Sunday,1,No
Illinois,Monday,1,No
Illinois,Sunday,1,No
Illinois,Saturday,1,No
Illinois,Friday,1,No
Illinois,Friday,1,No
Illinois,Wednesday,1,Yes
Illinois,Monday,1,Yes
Illinois,Sunday,2,No
Illinois,Wednesday,1,No
Illinois,Sunday,1,Yes
Illinois,Wednesday,1,No
Illinois,Wednesday,1,No
Illinois,Thursday,1,No
Illinois,Sunday,1,No
Illinois,Thursday,1,Yes
Illinois,Friday,1,Yes
Illinois,Saturday,1,No
Illinois,Monday,1,No
Illinois,Monday,1,No
Illinois,Sunday,1,Yes
Illinois,Wednesday,1,No
Illinois,Monday,1,No
Illinois,Friday,1,Yes
Illinois,Wednesday,1,No
Illinois,Thursday,1,No
Illinois,Friday,1,No
Illinois,Saturday,1,No
Illinois,Thursday,1,No
Illinois,Tuesday,1,No
Illinois,Sunday,2,No
Illinois,Saturday,1,Yes
Illinois,Sunday,1,No
Illinois,Wednesday,1,No
Illinois,Monday,1,Yes
Illinois,Saturday,1,No
Illinois,Tuesday,1,No
Illinois,Sunday,1,No
Illinois,Saturday,1,No
Illinois,Thursday,1,No
Illinois,Monday,1,No
Illinois,Tuesday,1,Yes
Illinois,Thursday,1,No
Illinois,Friday,1,No
Illinois,Thursday,1,No
Illinois,Saturday,1,No
Illinois,Thursday,1,No
Illinois,Thursday,1,No
Illinois,Monday,1,No
Illinois,Sunday,1,Yes
Illinois,Saturday,1,Yes
Illinois,Monday,1,No
Illinois,Friday,1,Yes
Illinois,Monday,1,No
Illinois,Thursday,1,Yes
Illinois,Tuesday,1,No
Illinois,Saturday,1,No
Illinois,Tuesday,1,No
Illinois,Sunday,2,No
Illinois,Saturday,1,Yes
Illinois,Wednesday,1,No
Illinois,Thursday,1,No
Illinois,Friday,1,No
Illinois,Monday,1,Yes
Illinois,Saturday,1,No
Illinois,Sunday,1,No
Illinois,Friday,1,No
Illinois,Saturday,1,No
Illinois,Friday,1,No
Illinois,Wednesday,1,Yes
Illinois,Thursday,1,No
Illinois,Sunday,1,Yes
Illinois,Thursday,1,No
Illinois,Tuesday,1,Yes
Illinois,Thursday,1,No
Illinois,Wednesday,1,No
Illinois,Thursday,1,No
Illinois,Monday,1,No
Illinois,Tuesday,1,No
Illinois,Wednesday,1,No
Illinois,Tuesday,1,Yes
Illinois,Thursday,1,No
Illinois,Thursday,1,No
Illinois,Thursday,1,No
Illinois,Thursday,1,No
Illinois,Sunday,2,Yes
Illinois,Monday,3,No
Illinois,Tuesday,1,No
Illinois,Wednesday,2,No
Illinois,Saturday,1,No
Illinois,Friday,1,Yes
Illinois,Tuesday,1,No
Illinois,Monday,1,Yes
Illinois,Friday,1,Yes
Illinois,Tuesday,1,No
Illinois,Saturday,1,No
Illinois,Thursday,1,No
Illinois,Wednesday,1,No
Illinois,Wednesday,1,Yes
Illinois,Sunday,1,Yes
Illinois,Saturday,1,No
Illinois,Friday,1,No
Illinois,Wednesday,1,Yes
Illinois,Monday,1,No
Illinois,Sunday,2,No
Illinois,Wednesday,1,No
Illinois,Thursday,1,No
Illinois,Sunday,1,Yes
Illinois,Wednesday,1,No
Illinois,Saturday,1,No
Illinois,Thursday,1,No
Illinois,Friday,1,No
Illinois,Tuesday,1,No
Illinois,Wednesday,1,No
Illinois,Saturday,1,No
Illinois,Saturday,1,Yes
Illinois,Wednesday,1,No
Illinois,Saturday,1,Yes
Illinois,Monday,1,No
Illinois,Tuesday,1,No
Illinois,Thursday,1,Yes
Illinois,Thursday,1,Yes
Illinois,Saturday,1,Yes
Illinois,Saturday,2,No
Illinois,Friday,1,No
Illinois,Monday,2,Yes
Illinois,Wednesday,1,No
Illinois,Friday,1,Yes
Illinois,Saturday,1,Yes
Illinois,Tuesday,2,Yes
Illinois,Wednesday,1,No
Illinois,Sunday,1,Yes
Illinois,Saturday,1,Yes
Illinois,Friday,1,No
Illinois,Thursday,1,No
Illinois,Thursday,1,No
Illinois,Friday,2,No
Illinois,Saturday,1,No
Illinois,Wednesday,1,No
Illinois,Sunday,1,No
Illinois,Saturday,1,No
Illinois,Wednesday,1,Yes
Illinois,Saturday,1,Yes
Illinois,Wednesday,1,No
Illinois,Tuesday,1,No
Illinois,Sunday,2,No
Illinois,Sunday,1,No
Illinois,Friday,2,No
Illinois,Wednesday,1,Yes
Illinois,Thursday,1,No
Illinois,Tuesday,1,No
Illinois,Wednesday,1,Yes
Illinois,Thursday,1,No
Illinois,Thursday,1,No
Illinois,Wednesday,1,No
Illinois,Saturday,1,No
Illinois,Sunday,1,No
Illinois,Thursday,1,Yes
Illinois,Monday,1,No
Illinois,Monday,1,No
Illinois,Friday,1,Yes
Illinois,Wednesday,1,Yes
Illinois,Sunday,1,No
Illinois,Friday,1,Yes
Illinois,Friday,1,No
Illinois,Wednesday,1,No
Illinois,Monday,1,No
Illinois,Monday,1,No
Illinois,Friday,1,No
Illinois,Thursday,1,No
Illinois,Sunday,1,Yes
Illinois,Sunday,1,Yes
Illinois,Saturday,1,Yes
Illinois,Saturday,1,No
Illinois,Saturday,1,Yes
Illinois,Wednesday,1,No
Illinois,Sunday,1,No
Illinois,Tuesday,1,No
Illinois,Wednesday,1,No
Illinois,Monday,1,No
Illinois,Friday,2,Yes
Illinois,Saturday,1,No
Illinois,Tuesday,1,Yes
Illinois,Friday,1,Yes
Illinois,Friday,1,No
Illinois,Wednesday,1,No
Illinois,Saturday,1,Yes
Illinois,Monday,1,No
Illinois,Saturday,1,No
Illinois,Wednesday,1,No
Illinois,Thursday,1,No
Illinois,Friday,1,No
Illinois,Thursday,1,No
Illinois,Saturday,1,No
Illinois,Wednesday,1,No
Illinois,Thursday,1,No
Illinois,Saturday,1,Yes
Illinois,Monday,1,No
Illinois,Sunday,1,No
Illinois,Monday,1,No
Illinois,Monday,1,No
Illinois,Monday,1,Yes
Illinois,Sunday,1,No
Illinois,Tuesday,1,Yes
Illinois,Sunday,1,Yes
Illinois,Saturday,2,No
Illinois,Sunday,1,Yes
Illinois,Tuesday,1,No
Illinois,Tuesday,1,No
Illinois,Tuesday,1,No
Illinois,Wednesday,1,No
Illinois,Thursday,1,No
Illinois,Friday,1,No
Illinois,Sunday,1,No
Illinois,Friday,1,No
Illinois,Wednesday,1,No
Illinois,Thursday,1,Yes
Illinois,Tuesday,1,No
Illinois,Friday,1,No
Illinois,Friday,1,No
Illinois,Thursday,1,No
Illinois,Sunday,1,Yes
Illinois,Sunday,1,Yes
Illinois,Sunday,1,Yes
Illinois,Wednesday,1,No
Illinois,Thursday,1,No
Illinois,Friday,1,Yes
Illinois,Sunday,1,No
Illinois,Saturday,1,No
Illinois,Sunday,2,Yes
Illinois,Saturday,1,No
Illinois,Friday,1,Yes
Illinois,Sunday,2,Yes
Illinois,Saturday,1,No
Illinois,Friday,1,No
Illinois,Friday,1,No
Illinois,Tuesday,1,No
Illinois,Saturday,1,No
Illinois,Tuesday,1,No
Illinois,Saturday,1,No
Illinois,Sunday,1,Yes
Illinois,Wednesday,1,No
Illinois,Sunday,1,Yes
Illinois,Sunday,1,No
Illinois,Sunday,1,Yes
Illinois,Thursday,1,No
Illinois,Saturday,1,Yes
Illinois,Wednesday,1,Yes
Illinois,Friday,1,No
Illinois,Sunday,1,Yes
Illinois,Thursday,1,No
Illinois,Sunday,2,Yes
Illinois,Saturday,1,No
Illinois,Saturday,1,Yes
Illinois,Tuesday,1,No
Illinois,Sunday,2,Yes
Illinois,Tuesday,1,Yes
Illinois,Tuesday,1,No
Illinois,Friday,1,No
Illinois,Saturday,2,No
Illinois,Saturday,1,Yes
Illinois,Thursday,1,Yes
Illinois,Monday,1,No
Illinois,Saturday,1,Yes
Illinois,Sunday,1,No
Illinois,Wednesday,1,No
Illinois,Wednesday,2,No
Illinois,Thursday,1,No
Illinois,Saturday,1,No
Illinois,Monday,1,No
Illinois,Saturday,1,Yes
Illinois,Sunday,1,Yes
Illinois,Friday,1,No
Illinois,Thursday,1,No
Illinois,Friday,1,No
Illinois,Monday,1,Yes
Illinois,Saturday,1,No
Illinois,Monday,1,No
Illinois,Saturday,1,No
Illinois,Saturday,1,No
Illinois,Monday,1,No
Illinois,Sunday,1,Yes
Illinois,Saturday,1,No
Illinois,Wednesday,1,No
Illinois,Thursday,1,No
Illinois,Wednesday,1,No
Illinois,Saturday,1,No
Illinois,Sunday,1,Yes
Illinois,Sunday,1,No
Illinois,Wednesday,1,Yes
Illinois,Tuesday,1,Yes
Illinois,Saturday,1,No
Illinois,Thursday,1,No
Illinois,Tuesday,1,No
Illinois,Saturday,1,No
Illinois,Tuesday,1,No
Illinois,Saturday,1,No
Illinois,Saturday,1,No
Illinois,Sunday,1,No
Illinois,Sunday,1,No
Illinois,Monday,1,No
Illinois,Tuesday,2,Yes
Illinois,Sunday,1,No
Illinois,Sunday,1,Yes
Illinois,Tuesday,1,No
Illinois,Wednesday,1,No
Illinois,Wednesday,1,No
Illinois,Sunday,1,No
Illinois,Saturday,1,Yes
Illinois,Sunday,1,Yes
Illinois,Friday,1,No
Illinois,Wednesday,1,No
Illinois,Friday,1,No
Illinois,Monday,1,No
Illinois,Friday,1,No
Illinois,Thursday,1,No
Illinois,Saturday,1,No
Illinois,Tuesday,1,No
Illinois,Friday,1,No
Illinois,Friday,1,No
Illinois,Wednesday,1,No
Illinois,Thursday,1,No
Illinois,Saturday,2,No
Illinois,Thursday,1,Yes
Illinois,Monday,1,No
Illinois,Wednesday,1,No
Illinois,Wednesday,1,No
Illinois,Wednesday,2,Yes
Illinois,Monday,1,Yes
Illinois,Wednesday,1,No
Illinois,Friday,1,No
Illinois,Wednesday,1,No
Illinois,Sunday,2,Yes
Illinois,Sunday,1,Yes
Illinois,Saturday,1,No
Illinois,Monday,1,Yes
Illinois,Monday,1,No
Illinois,Monday,1,No
Illinois,Thursday,1,Yes
Illinois,Friday,1,No
Illinois,Saturday,1,No
Illinois,Friday,1,No
Illinois,Sunday,1,No
Illinois,Thursday,1,No
Illinois,Tuesday,1,No
Illinois,Tuesday,1,Yes
Illinois,Sunday,1,No
Illinois,Friday,1,Yes
Illinois,Saturday,1,No
Illinois,Sunday,1,Yes
Illinois,Monday,1,No
Illinois,Thursday,1,Yes
Illinois,Friday,1,No
Illinois,Friday,1,No
Illinois,Saturday,1,No
Illinois,Sunday,1,Yes
Illinois,Friday,2,Yes
Illinois,Sunday,1,Yes
Illinois,Thursday,1,No
Illinois,Tuesday,1,No
Illinois,Thursday,1,No
Illinois,Monday,1,No
Illinois,Sunday,1,Yes
Illinois,Saturday,1,No
Illinois,Monday,1,No
Illinois,Sunday,1,Yes
Illinois,Tuesday,1,No
Illinois,Monday,1,No
Illinois,Friday,1,Yes
Illinois,Thursday,1,No
Illinois,Friday,1,No
Illinois,Sunday,1,No
Illinois,Friday,3,Yes
Illinois,Sunday,1,No
Illinois,Thursday,1,No
Illinois,Sunday,1,Yes
Illinois,Monday,1,Yes
Illinois,Saturday,1,No
Illinois,Sunday,1,No
Illinois,Sunday,2,Yes
Illinois,Thursday,1,No
Illinois,Sunday,1,No
Illinois,Wednesday,1,No
Illinois,Thursday,1,No
Illinois,Thursday,1,No
Illinois,Thursday,1,Yes
Illinois,Saturday,1,Yes
Illinois,Sunday,1,No
Illinois,Thursday,1,No
Illinois,Thursday,1,Yes
Illinois,Sunday,1,No
Illinois,Sunday,1,No
Illinois,Monday,1,No
Illinois,Sunday,1,No
Illinois,Friday,1,No
Illinois,Monday,1,No
Illinois,Sunday,1,No
Illinois,Wednesday,2,No
Illinois,Wednesday,1,No
Illinois,Thursday,1,No
Illinois,Thursday,1,No
Illinois,Thursday,1,No
Illinois,Saturday,1,No
Illinois,Tuesday,1,No
Illinois,Tuesday,1,No
Illinois,Wednesday,1,No
Illinois,Wednesday,1,No
Illinois,Saturday,1,No
Illinois,Saturday,1,No
Illinois,Wednesday,3,No
Illinois,Sunday,1,No
Illinois,Thursday,1,No
Illinois,Friday,1,No
Illinois,Tuesday,1,No
Illinois,Thursday,1,Yes
Illinois,Saturday,1,Yes
Illinois,Saturday,1,No
Illinois,Sunday,1,No
Illinois,Sunday,1,No
Illinois,Tuesday,1,No
Illinois,Thursday,1,No
Illinois,Saturday,1,Yes
Illinois,Friday,1,No
Illinois,Friday,1,Yes
Illinois,Sunday,1,No
Illinois,Sunday,1,Yes
Illinois,Sunday,1,Yes
Illinois,Sunday,1,No
Illinois,Thursday,1,Yes
Illinois,Monday,1,Yes
Illinois,Saturday,1,No
Illinois,Tuesday,1,No
Illinois,Sunday,1,No
Illinois,Wednesday,1,No
Illinois,Thursday,1,No
Illinois,Sunday,1,No
Illinois,Saturday,1,Yes
Illinois,Sunday,1,Yes
Illinois,Sunday,1,No
Illinois,Wednesday,1,No
Illinois,Saturday,1,No
Illinois,Sunday,1,No
Illinois,Sunday,1,Yes
Illinois,Tuesday,1,No
Illinois,Sunday,1,Yes
Illinois,Monday,1,No
Illinois,Saturday,1,No
Illinois,Tuesday,2,No
Illinois,Tuesday,1,Yes
Illinois,Saturday,1,Yes
Illinois,Monday,1,Yes
Illinois,Sunday,1,Yes
Illinois,Thursday,1,No
Illinois,Saturday,1,Yes
Illinois,Friday,1,No
Illinois,Wednesday,1,No
Illinois,Tuesday,1,No
Illinois,Tuesday,1,Yes
Illinois,Sunday,1,Yes
Illinois,Friday,1,No
Illinois,Saturday,1,No
Illinois,Wednesday,1,No
Illinois,Sunday,1,Yes
Illinois,Monday,1,No
Illinois,Wednesday,1,No
Illinois,Thursday,1,No
Illinois,Friday,1,No
Illinois,Saturday,1,Yes
Illinois,Tuesday,2,Yes
Illinois,Friday,1,Yes
Illinois,Saturday,1,No
Illinois,Tuesday,4,No
Illinois,Monday,1,No
Illinois,Saturday,2,No
Illinois,Saturday,1,Yes
Illinois,Wednesday,1,No
Illinois,Wednesday,1,Yes
Illinois,Monday,1,No
Illinois,Thursday,1,No
Illinois,Friday,2,No
Illinois,Friday,1,No
Illinois,Saturday,1,Yes
Illinois,Monday,1,No
Illinois,Sunday,1,No
Illinois,Monday,1,No
Illinois,Saturday,1,No
Illinois,Saturday,1,No
Illinois,Saturday,1,Yes
Illinois,Friday,1,No
Illinois,Friday,1,No
Illinois,Wednesday,1,No
Illinois,Tuesday,1,No
Illinois,Wednesday,1,Yes
Illinois,Monday,1,No
Illinois,Friday,1,No
Illinois,Wednesday,1,No
Illinois,Saturday,2,Yes
Illinois,Saturday,1,No
Illinois,Tuesday,1,Yes
Illinois,Saturday,1,No
Illinois,Saturday,1,No
Illinois,Wednesday,1,No
Illinois,Thursday,1,Yes
Illinois,Friday,1,No
Illinois,Tuesday,1,No
Illinois,Tuesday,1,No
Illinois,Friday,1,No
Illinois,Saturday,1,No
Illinois,Wednesday,1,No
Illinois,Sunday,1,No
Illinois,Wednesday,1,Yes
Illinois,Sunday,1,Yes
Illinois,Saturday,1,No
Illinois,Thursday,1,Yes
Illinois,Monday,1,Yes
Illinois,Wednesday,1,No
Illinois,Sunday,1,Yes
Illinois,Saturday,1,No
Illinois,Wednesday,1,Yes
Illinois,Sunday,1,Yes
Illinois,Tuesday,1,No
Illinois,Monday,1,No
Illinois,Tuesday,1,No
Illinois,Tuesday,1,Yes
Illinois,Monday,1,No
Illinois,Wednesday,1,No
Illinois,Tuesday,1,No
Illinois,Wednesday,1,No
Illinois,Sunday,1,No
Illinois,Saturday,1,Yes
Illinois,Monday,1,No
Illinois,Friday,1,No
Illinois,Monday,1,No
Illinois,Thursday,1,No
Illinois,Sunday,1,No
Illinois,Friday,1,No
Illinois,Thursday,1,Yes
Illinois,Thursday,1,Yes
Illinois,Wednesday,1,No
Illinois,Thursday,1,No
Illinois,Tuesday,1,No
Illinois,Thursday,1,No
Illinois,Monday,1,No
Illinois,Friday,1,No
Illinois,Wednesday,1,No
Illinois,Monday,1,No
Illinois,Saturday,1,Yes
Illinois,Sunday,1,Yes
Illinois,Monday,1,Yes
Illinois,Sunday,1,No
Illinois,Sunday,1,No
Illinois,Friday,1,Yes
Illinois,Thursday,2,No
Illinois,Friday,1,No
Illinois,Friday,1,No
Illinois,Tuesday,1,No
Illinois,Thursday,1,No
Illinois,Friday,1,Yes
Illinois,Wednesday,1,Yes
Illinois,Friday,1,No
Illinois,Wednesday,1,No
Illinois,Saturday,1,Yes
Illinois,Wednesday,1,No
Illinois,Friday,1,No
Illinois,Sunday,1,Yes
Illinois,Wednesday,1,No
Illinois,Sunday,1,No
Illinois,Wednesday,1,No
Illinois,Thursday,2,No
Illinois,Friday,1,No
Illinois,Saturday,1,Yes
Illinois,Saturday,1,Yes
Illinois,Sunday,1,Yes
Illinois,Thursday,1,No
Illinois,Sunday,1,No
Illinois,Saturday,1,Yes
Illinois,Monday,1,Yes
Illinois,Friday,2,No
Illinois,Sunday,1,No
Illinois,Friday,1,No
Illinois,Wednesday,1,No
Illinois,Saturday,1,No
Illinois,Sunday,1,No
Illinois,Sunday,1,No
Illinois,Friday,1,No
Illinois,Saturday,1,Yes
Illinois,Friday,1,Yes
Illinois,Friday,1,No
Illinois,Monday,1,No
Illinois,Thursday,1,No
Illinois,Tuesday,1,No
Illinois,Wednesday,1,No
Illinois,Thursday,1,Yes
Illinois,Sunday,3,Yes
Illinois,Friday,1,Yes
Illinois,Tuesday,2,No
Illinois,Saturday,1,No
Illinois,Saturday,1,No
Illinois,Sunday,1,Yes
Illinois,Saturday,1,Yes
Illinois,Sunday,1,Yes
Illinois,Monday,1,Yes
Illinois,Wednesday,1,No
Illinois,Tuesday,1,No
Illinois,Friday,1,No
Illinois,Friday,1,No
Illinois,Tuesday,1,Yes
Illinois,Saturday,1,No
Illinois,Monday,1,No
Illinois,Wednesday,2,No
Illinois,Tuesday,1,Yes
Illinois,Wednesday,1,No
Illinois,Friday,3,No
Illinois,Sunday,1,Yes
Illinois,Friday,1,No
Illinois,Thursday,1,No
Illinois,Thursday,1,No
Illinois,Friday,1,No
Illinois,Saturday,1,Yes
Illinois,Monday,1,No
Illinois,Thursday,1,Yes
Illinois,Saturday,1,Yes
Illinois,Saturday,1,Yes
Illinois,Tuesday,1,No
Illinois,Friday,1,No
Illinois,Thursday,1,No
Illinois,Saturday,1,Yes
Illinois,Saturday,1,Yes
Illinois,Monday,1,No
Illinois,Monday,1,No
Illinois,Wednesday,1,No
Illinois,Sunday,1,No
Illinois,Tuesday,1,Yes
Illinois,Saturday,2,Yes
Illinois,Tuesday,1,No
Illinois,Thursday,1,No
Illinois,Monday,1,No
Illinois,Monday,1,No
Illinois,Tuesday,1,Yes
Illinois,Monday,1,No
Illinois,Friday,1,No
Illinois,Saturday,1,No
Illinois,Thursday,1,No
Illinois,Saturday,1,No
Illinois,Thursday,1,No
Illinois,Monday,1,Yes
Illinois,Thursday,1,No
Illinois,Wednesday,1,No
Illinois,Tuesday,1,No
Illinois,Wednesday,1,No
Illinois,Sunday,1,No
Illinois,Tuesday,1,No
Illinois,Sunday,1,No
Illinois,Tuesday,1,No
Illinois,Wednesday,1,No
Illinois,Sunday,1,No
Illinois,Saturday,1,No
Illinois,Friday,1,No
Illinois,Saturday,1,No
Illinois,Wednesday,1,Yes
Illinois,Thursday,2,No
Illinois,Saturday,1,No
Illinois,Monday,3,No
Illinois,Tuesday,1,No
Illinois,Friday,1,No
Illinois,Friday,1,No
Illinois,Sunday,1,Yes
Illinois,Wednesday,1,No
Illinois,Friday,1,No
Illinois,Sunday,1,No
Indiana,Monday,1,No
Indiana,Tuesday,1,No
Indiana,Tuesday,1,No
Indiana,Tuesday,1,No
Indiana,Saturday,1,No
Indiana,Sunday,1,No
Indiana,Wednesday,1,No
Indiana,Wednesday,1,No
Indiana,Sunday,1,Yes
Indiana,Thursday,1,No
Indiana,Wednesday,1,No
Indiana,Tuesday,1,No
Indiana,Saturday,1,No
Indiana,Thursday,1,No
Indiana,Sunday,1,No
Indiana,Tuesday,1,No
Indiana,Friday,1,No
Indiana,Monday,1,No
Indiana,Friday,1,No
Indiana,Friday,1,No
Indiana,Saturday,1,No
Indiana,Thursday,1,No
Indiana,Saturday,2,Yes
Indiana,Thursday,1,Yes
Indiana,Friday,1,No
Indiana,Thursday,1,Yes
Indiana,Monday,1,No
Indiana,Tuesday,1,No
Indiana,Tuesday,1,No
Indiana,Monday,1,No
Indiana,Wednesday,1,No
Indiana,Saturday,1,No
Indiana,Thursday,1,No
Indiana,Thursday,1,No
Indiana,Friday,1,No
Indiana,Saturday,1,Yes
Indiana,Tuesday,2,Yes
Indiana,Saturday,1,No
Indiana,Friday,1,No
Indiana,Monday,1,No
Indiana,Wednesday,1,No
Indiana,Wednesday,1,No
Indiana,Saturday,1,Yes
Indiana,Tuesday,1,No
Indiana,Sunday,2,Yes
Indiana,Monday,1,No
Indiana,Friday,1,No
Indiana,Wednesday,1,No
Indiana,Monday,1,Yes
Indiana,Sunday,2,Yes
Indiana,Sunday,1,No
Indiana,Tuesday,2,No
Indiana,Wednesday,1,No
Indiana,Sunday,2,No
Indiana,Wednesday,1,No
Indiana,Friday,1,No
Indiana,Friday,1,Yes
Indiana,Saturday,2,No
Indiana,Sunday,1,No
Indiana,Monday,1,No
Indiana,Thursday,1,No
Indiana,Wednesday,1,No
Indiana,Monday,1,No
Indiana,Monday,1,No
Indiana,Monday,1,No
Indiana,Wednesday,1,No
Indiana,Tuesday,1,No
Indiana,Monday,1,No
Indiana,Wednesday,1,No
Indiana,Tuesday,1,No
Indiana,Sunday,1,No
Indiana,Wednesday,1,Yes
Indiana,Saturday,1,No
Indiana,Saturday,1,No
Indiana,Saturday,1,No
Indiana,Saturday,1,No
Indiana,Friday,1,No
Indiana,Friday,1,No
Indiana,Monday,1,No
Indiana,Tuesday,1,No
Indiana,Sunday,1,No
Indiana,Sunday,1,Yes
Indiana,Monday,1,No
Indiana,Thursday,1,Yes
Indiana,Wednesday,1,No
Indiana,Sunday,2,No
Indiana,Thursday,1,No
Indiana,Tuesday,1,No
Indiana,Saturday,1,Yes
Indiana,Saturday,1,No
Indiana,Wednesday,1,Yes
Indiana,Tuesday,1,No
Indiana,Saturday,2,No
Indiana,Saturday,1,No
Indiana,Friday,1,No
Indiana,Saturday,1,Yes
Indiana,Saturday,1,Yes
Indiana,Friday,1,No
Indiana,Tuesday,4,No
Indiana,Monday,1,No
Indiana,Saturday,1,No
Indiana,Saturday,1,No
Indiana,Sunday,2,Yes
Indiana,Friday,1,No
Indiana,Tuesday,1,No
Indiana,Monday,1,No
Indiana,Saturday,1,No
Indiana,Tuesday,1,No
Indiana,Thursday,1,No
Indiana,Friday,1,No
Indiana,Sunday,1,No
Indiana,Tuesday,1,No
Indiana,Thursday,1,No
Indiana,Saturday,1,No
Indiana,Tuesday,1,No
Indiana,Friday,3,Yes
Indiana,Wednesday,1,No
Indiana,Wednesday,1,No
Indiana,Tuesday,1,No
Indiana,Sunday,1,No
Indiana,Wednesday,1,No
Indiana,Thursday,1,No
Indiana,Friday,1,No
Indiana,Saturday,1,No
Indiana,Saturday,1,No
Indiana,Sunday,1,No
Indiana,Friday,1,No
Indiana,Thursday,1,No
Indiana,Saturday,1,No
Indiana,Sunday,1,No
Indiana,Sunday,2,No
Indiana,Thursday,1,No
Indiana,Monday,1,No
Indiana,Thursday,1,No
Indiana,Wednesday,1,No
Indiana,Monday,1,No
Indiana,Thursday,1,No
Indiana,Thursday,2,No
Indiana,Friday,1,No
Indiana,Friday,1,No
Indiana,Saturday,1,No
Indiana,Saturday,1,No
Indiana,Saturday,1,No
Indiana,Friday,1,Yes
Indiana,Friday,2,No
Indiana,Monday,1,No
Indiana,Monday,1,No
Indiana,Saturday,2,No
Indiana,Thursday,1,No
Indiana,Friday,1,No
Indiana,Monday,1,No
Indiana,Wednesday,1,No
Indiana,Wednesday,1,No
Indiana,Wednesday,1,No
Indiana,Monday,1,No
Indiana,Friday,1,No
Indiana,Sunday,1,No
Indiana,Sunday,1,No
Indiana,Monday,1,No
Indiana,Thursday,1,No
Indiana,Saturday,1,No
Indiana,Wednesday,1,No
Indiana,Friday,1,No
Indiana,Friday,1,No
Indiana,Thursday,1,Yes
Indiana,Friday,1,No
Indiana,Saturday,1,No
Indiana,Thursday,2,No
Indiana,Thursday,1,No
Indiana,Friday,1,No
Indiana,Saturday,1,No
Indiana,Sunday,1,No
Indiana,Sunday,1,No
Indiana,Saturday,1,No
Indiana,Friday,1,No
Indiana,Thursday,1,No
Indiana,Monday,1,No
Indiana,Monday,1,No
Indiana,Tuesday,1,No
Indiana,Sunday,2,No
Indiana,Saturday,1,No
Indiana,Thursday,1,No
Indiana,Tuesday,1,No
Indiana,Thursday,1,No
Indiana,Sunday,1,No
Indiana,Thursday,1,Yes
Indiana,Friday,1,No
Indiana,Wednesday,1,No
Indiana,Saturday,1,No
Indiana,Monday,1,No
Indiana,Saturday,1,Yes
Indiana,Tuesday,1,No
Indiana,Monday,1,No
Indiana,Thursday,2,No
Indiana,Saturday,1,No
Indiana,Friday,1,No
Indiana,Friday,1,No
Indiana,Tuesday,1,No
Indiana,Monday,1,No
Indiana,Thursday,1,No
Indiana,Friday,1,No
Indiana,Wednesday,1,No
Indiana,Friday,1,Yes
Indiana,Friday,1,Yes
Indiana,Sunday,3,No
Indiana,Sunday,1,No
Indiana,Friday,1,No
Indiana,Sunday,1,No
Indiana,Saturday,2,Yes
Indiana,Wednesday,1,No
Indiana,Tuesday,1,No
Indiana,Sunday,3,No
Indiana,Wednesday,1,Yes
Indiana,Tuesday,1,No
Indiana,Friday,1,No
Indiana,Friday,1,No
Indiana,Sunday,1,No
Indiana,Wednesday,2,No
Indiana,Sunday,1,No
Indiana,Saturday,1,No
Indiana,Friday,1,No
Indiana,Monday,1,No
Indiana,Tuesday,1,No
Indiana,Monday,1,Yes
Indiana,Saturday,1,No
Indiana,Tuesday,1,No
Indiana,Saturday,1,No
Indiana,Sunday,1,Yes
Indiana,Friday,1,No
Indiana,Monday,1,No
Indiana,Saturday,1,No
Indiana,Wednesday,1,No
Indiana,Monday,1,Yes
Indiana,Monday,1,Yes
Indiana,Wednesday,1,No
Indiana,Thursday,1,No
Indiana,Friday,1,No
Indiana,Thursday,1,Yes
Indiana,Tuesday,1,No
Indiana,Friday,1,No
Indiana,Sunday,1,No
Indiana,Sunday,1,No
Indiana,Friday,1,Yes
Indiana,Tuesday,1,No
Indiana,Saturday,1,No
Indiana,Friday,1,No
Indiana,Tuesday,1,No
Indiana,Monday,1,No
Indiana,Wednesday,1,No
Indiana,Saturday,1,Yes
Indiana,Thursday,1,No
Indiana,Sunday,1,No
Indiana,Saturday,1,No
Indiana,Sunday,1,No
Indiana,Sunday,1,Yes
Indiana,Friday,1,No
Indiana,Friday,1,No
Indiana,Thursday,1,No
Indiana,Thursday,1,No
Indiana,Sunday,1,No
Indiana,Wednesday,1,No
Indiana,Sunday,1,No
Indiana,Saturday,1,No
Indiana,Friday,1,No
Indiana,Sunday,1,No
Indiana,Monday,1,Yes
Indiana,Sunday,1,No
Indiana,Saturday,1,No
Indiana,Friday,1,Yes
Indiana,Thursday,1,No
Indiana,Saturday,1,No
Indiana,Sunday,1,Yes
Indiana,Saturday,1,No
Indiana,Friday,1,No
Indiana,Friday,1,No
Indiana,Friday,1,No
Indiana,Saturday,1,No
Indiana,Monday,1,No
Indiana,Tuesday,1,No
Indiana,Saturday,1,No
Indiana,Sunday,1,No
Indiana,Thursday,1,No
Indiana,Thursday,1,No
Indiana,Sunday,1,No
Indiana,Thursday,1,No
Indiana,Sunday,1,No
Indiana,Saturday,1,No
Indiana,Tuesday,1,No
Indiana,Thursday,1,Yes
Indiana,Wednesday,1,No
Indiana,Thursday,1,Yes
Indiana,Friday,1,No
Indiana,Thursday,1,No
Indiana,Tuesday,1,Yes
Indiana,Saturday,1,No
Indiana,Friday,1,No
Indiana,Sunday,1,No
Indiana,Wednesday,1,No
Indiana,Sunday,1,No
Indiana,Friday,1,No
Indiana,Monday,1,No
Indiana,Wednesday,1,Yes
Indiana,Tuesday,1,No
Indiana,Monday,1,No
Indiana,Wednesday,1,No
Indiana,Tuesday,1,No
Indiana,Wednesday,1,No
Indiana,Friday,2,Yes
Indiana,Monday,1,No
Indiana,Monday,1,No
Indiana,Friday,1,No
Indiana,Saturday,1,No
Indiana,Friday,1,No
Indiana,Friday,1,No
Indiana,Tuesday,1,No
Indiana,Monday,1,No
Indiana,Friday,1,No
Indiana,Monday,1,No
Indiana,Wednesday,1,Yes
Indiana,Monday,1,No
Indiana,Monday,1,No
Indiana,Saturday,2,Yes
Indiana,Friday,1,No
Indiana,Saturday,1,No
Indiana,Friday,1,Yes
Indiana,Sunday,1,Yes
Indiana,Saturday,1,No
Indiana,Tuesday,1,No
Indiana,Friday,1,Yes
Indiana,Sunday,1,No
Indiana,Thursday,1,No
Indiana,Friday,1,No
Indiana,Sunday,1,No
Indiana,Friday,1,Yes
Indiana,Monday,1,No
Indiana,Wednesday,1,No
Indiana,Saturday,1,No
Indiana,Saturday,2,No
Indiana,Monday,1,No
Indiana,Sunday,1,Yes
Indiana,Wednesday,1,No
Indiana,Saturday,1,No
Indiana,Friday,1,No
Indiana,Monday,1,No
Indiana,Saturday,1,No
Indiana,Thursday,1,Yes
Indiana,Saturday,1,No
Indiana,Sunday,1,No
Indiana,Monday,1,No
Indiana,Tuesday,2,No
Indiana,Saturday,1,No
Indiana,Sunday,1,No
Indiana,Tuesday,1,No
Indiana,Tuesday,1,No
Indiana,Saturday,2,No
Indiana,Friday,1,No
Indiana,Thursday,1,No
Indiana,Sunday,1,No
Indiana,Sunday,4,Yes
Indiana,Tuesday,1,No
Indiana,Thursday,1,No
Indiana,Saturday,2,Yes
Indiana,Wednesday,1,No
Indiana,Tuesday,1,No
Indiana,Thursday,1,No
Indiana,Thursday,1,No
Indiana,Sunday,1,No
Indiana,Tuesday,1,No
Indiana,Monday,1,No
Indiana,Saturday,1,No
Indiana,Thursday,1,Yes
Indiana,Sunday,1,No
Indiana,Tuesday,1,Yes
Indiana,Tuesday,1,Yes
Indiana,Saturday,1,No
Indiana,Saturday,1,Yes
Indiana,Monday,1,No
Indiana,Saturday,1,Yes
Indiana,Tuesday,1,No
Indiana,Monday,1,No
Indiana,Sunday,1,No
Indiana,Friday,1,No
Indiana,Saturday,1,No
Indiana,Thursday,1,No
Indiana,Monday,1,No
Indiana,Friday,1,No
Indiana,Wednesday,2,No
Indiana,Monday,1,Yes
Indiana,Monday,1,No
Indiana,Monday,1,No
Indiana,Friday,1,No
Indiana,Monday,1,No
Indiana,Saturday,1,Yes
Indiana,Monday,1,No
Indiana,Sunday,2,Yes
Indiana,Thursday,1,No
Indiana,Saturday,1,No
Indiana,Wednesday,2,No
Indiana,Friday,1,Yes
Indiana,Saturday,1,Yes
Indiana,Thursday,2,Yes
Indiana,Thursday,1,No
Indiana,Tuesday,1,No
Indiana,Saturday,1,No
Indiana,Wednesday,1,No
Indiana,Thursday,1,No
Indiana,Thursday,1,No
Indiana,Tuesday,1,No
Indiana,Monday,1,No
Indiana,Monday,1,No
Indiana,Monday,1,Yes
Indiana,Thursday,1,No
Indiana,Thursday,1,No
Indiana,Saturday,1,No
Indiana,Monday,1,No
Indiana,Tuesday,1,No
Indiana,Thursday,2,No
Indiana,Saturday,1,No
Indiana,Wednesday,1,No
Indiana,Thursday,1,No
Indiana,Saturday,2,Yes
Indiana,Tuesday,1,No
Indiana,Friday,1,No
Indiana,Saturday,1,No
Indiana,Tuesday,1,No
Indiana,Thursday,2,No
Indiana,Monday,1,No
Indiana,Thursday,1,No
Indiana,Wednesday,1,No
Indiana,Thursday,1,No
Indiana,Thursday,1,No
Indiana,Wednesday,1,No
Indiana,Saturday,1,Yes
Indiana,Wednesday,1,No
Indiana,Thursday,1,No
Indiana,Sunday,2,No
Indiana,Tuesday,1,No
Indiana,Monday,1,No
Indiana,Saturday,1,No
Indiana,Saturday,1,No
Indiana,Thursday,1,No
Indiana,Tuesday,1,No
Indiana,Wednesday,1,No
Indiana,Friday,1,Yes
Indiana,Thursday,1,No
Indiana,Wednesday,1,No
Indiana,Monday,1,No
Indiana,Saturday,1,Yes
Indiana,Wednesday,1,No
Indiana,Thursday,1,No
Indiana,Monday,1,No
Indiana,Tuesday,1,No
Indiana,Tuesday,1,No
Indiana,Saturday,1,No
Indiana,Tuesday,1,Yes
Indiana,Sunday,1,No
Indiana,Tuesday,1,No
Indiana,Saturday,1,No
Indiana,Wednesday,1,No
Indiana,Saturday,1,No
Indiana,Friday,1,Yes
Indiana,Thursday,1,No
Indiana,Tuesday,1,No
Indiana,Tuesday,1,No
Indiana,Monday,1,No
Indiana,Saturday,4,No
Indiana,Sunday,1,No
Indiana,Tuesday,1,Yes
Indiana,Friday,1,No
Indiana,Monday,1,No
Indiana,Tuesday,1,No
Indiana,Tuesday,1,No
Indiana,Wednesday,1,No
Indiana,Thursday,1,No
Indiana,Friday,1,No
Indiana,Friday,1,No
Indiana,Monday,1,No
Indiana,Sunday,3,No
Indiana,Monday,1,No
Indiana,Tuesday,1,No
Indiana,Monday,1,No
Indiana,Thursday,1,No
Indiana,Wednesday,1,No
Indiana,Thursday,1,No
Indiana,Tuesday,1,No
Indiana,Friday,1,No
Indiana,Sunday,1,Yes
Indiana,Friday,1,No
Indiana,Thursday,1,Yes
Indiana,Thursday,1,No
Indiana,Saturday,1,No
Indiana,Tuesday,1,No
Indiana,Monday,1,No
Indiana,Thursday,1,Yes
Indiana,Sunday,1,No
Indiana,Tuesday,1,No
Indiana,Friday,1,No
Indiana,Sunday,1,No
Indiana,Thursday,1,No
Indiana,Saturday,1,Yes
Indiana,Friday,1,No
Indiana,Monday,1,No
Indiana,Saturday,1,No
Indiana,Wednesday,1,No
Indiana,Friday,1,No
Indiana,Sunday,1,Yes
Indiana,Sunday,2,Yes
Indiana,Sunday,1,No
Indiana,Monday,1,No
Indiana,Monday,1,No
Indiana,Wednesday,2,Yes
Indiana,Friday,1,No
Indiana,Tuesday,1,No
Indiana,Thursday,1,Yes
Indiana,Friday,1,No
Indiana,Sunday,1,Yes
Indiana,Wednesday,1,No
Indiana,Tuesday,1,No
Indiana,Sunday,1,No
Indiana,Friday,1,No
Indiana,Friday,1,No
Indiana,Tuesday,1,No
Indiana,Saturday,1,No
Indiana,Monday,1,No
Indiana,Friday,1,No
Indiana,Monday,1,No
Indiana,Saturday,2,Yes
Indiana,Tuesday,1,No
Indiana,Saturday,1,No
Indiana,Monday,1,No
Indiana,Friday,1,No
Indiana,Saturday,1,No
Indiana,Friday,1,No
Indiana,Monday,1,No
Indiana,Saturday,1,Yes
Indiana,Friday,1,No
Indiana,Monday,1,No
Indiana,Monday,1,No
Indiana,Wednesday,2,No
Indiana,Tuesday,2,Yes
Indiana,Friday,1,No
Indiana,Friday,1,No
Indiana,Tuesday,1,No
Indiana,Thursday,1,No
Indiana,Saturday,1,No
Indiana,Sunday,1,No
Indiana,Monday,1,No
Indiana,Wednesday,1,No
Indiana,Sunday,1,No
Indiana,Saturday,2,Yes
Indiana,Wednesday,1,No
Indiana,Wednesday,1,No
Indiana,Thursday,1,Yes
Indiana,Sunday,1,No
Indiana,Wednesday,1,No
Indiana,Wednesday,1,No
Indiana,Thursday,1,No
Indiana,Wednesday,1,No
Indiana,Sunday,1,No
Indiana,Friday,1,No
Indiana,Tuesday,1,No
Indiana,Saturday,1,Yes
Indiana,Saturday,1,No
Indiana,Tuesday,1,No
Indiana,Tuesday,1,No
Indiana,Tuesday,1,No
Indiana,Tuesday,1,No
Indiana,Saturday,1,Yes
Indiana,Wednesday,1,No
Indiana,Thursday,1,No
Indiana,Tuesday,1,No
Indiana,Wednesday,1,No
Indiana,Friday,1,No
Indiana,Monday,1,No
Indiana,Wednesday,1,No
Indiana,Wednesday,1,No
Indiana,Tuesday,1,Yes
Indiana,Thursday,1,No
Indiana,Friday,1,No
Indiana,Saturday,1,No
Indiana,Monday,1,No
Indiana,Tuesday,1,No
Indiana,Saturday,1,No
Indiana,Monday,1,No
Indiana,Tuesday,1,No
Indiana,Thursday,1,No
Indiana,Sunday,1,No
Indiana,Sunday,2,No
Indiana,Friday,1,No
Indiana,Tuesday,1,Yes
Indiana,Monday,2,No
Indiana,Monday,1,No
Indiana,Friday,1,Yes
Indiana,Thursday,1,No
Indiana,Friday,1,No
Indiana,Thursday,1,No
Indiana,Tuesday,1,No
Indiana,Thursday,1,No
Indiana,Thursday,3,Yes
Indiana,Friday,1,No
Indiana,Thursday,1,Yes
Indiana,Friday,1,No
Indiana,Monday,1,No
Indiana,Saturday,1,No
Indiana,Saturday,1,No
Indiana,Saturday,1,No
Indiana,Wednesday,1,No
Indiana,Friday,1,Yes
Indiana,Friday,1,No
Indiana,Thursday,1,No
Indiana,Saturday,1,Yes
Indiana,Monday,1,No
Indiana,Friday,2,No
Indiana,Friday,1,No
Indiana,Friday,1,No
Indiana,Wednesday,1,No
Indiana,Friday,1,Yes
Indiana,Tuesday,1,No
Indiana,Thursday,1,No
Indiana,Tuesday,1,No
Indiana,Friday,1,No
Indiana,Tuesday,3,No
Indiana,Wednesday,1,No
Indiana,Friday,3,No
Indiana,Monday,2,No
Indiana,Monday,1,No
Indiana,Saturday,4,Yes
Indiana,Monday,1,Yes
Indiana,Wednesday,1,No
Indiana,Tuesday,1,No
Indiana,Monday,1,No
Indiana,Wednesday,1,No
Indiana,Monday,1,No
Indiana,Sunday,1,No
Indiana,Monday,1,No
Indiana,Tuesday,1,No
Indiana,Friday,1,No
Indiana,Thursday,1,No
Indiana,Tuesday,1,No
Indiana,Monday,2,No
Indiana,Thursday,1,No
Indiana,Wednesday,1,No
Indiana,Thursday,1,No
Indiana,Thursday,1,Yes
Indiana,Tuesday,1,No
Indiana,Saturday,1,No
Indiana,Thursday,1,No
Indiana,Friday,2,No
Indiana,Sunday,1,No
Indiana,Sunday,2,Yes
Indiana,Saturday,1,No
Indiana,Sunday,1,No
Indiana,Thursday,1,No
Indiana,Friday,1,No
Indiana,Saturday,2,No
Indiana,Tuesday,2,No
Indiana,Saturday,1,No
Indiana,Friday,1,Yes
Indiana,Sunday,1,No
Indiana,Tuesday,1,Yes
Indiana,Saturday,1,No
Indiana,Sunday,1,No
Indiana,Wednesday,1,No
Indiana,Saturday,1,No
Indiana,Sunday,1,Yes
Indiana,Friday,2,No
Indiana,Tuesday,2,Yes
Indiana,Thursday,1,No
Indiana,Thursday,1,No
Indiana,Thursday,1,No
Indiana,Friday,1,No
Indiana,Sunday,1,No
Indiana,Monday,1,No
Indiana,Wednesday,1,No
Indiana,Saturday,1,No
Indiana,Saturday,1,No
Indiana,Sunday,1,No
Indiana,Thursday,1,No
Indiana,Thursday,1,No
Indiana,Saturday,1,No
Indiana,Wednesday,1,No
Indiana,Wednesday,1,No
Indiana,Saturday,1,No
Indiana,Saturday,1,No
Indiana,Wednesday,1,No
Indiana,Thursday,2,No
Indiana,Friday,1,No
Indiana,Wednesday,1,No
Indiana,Saturday,1,No
Indiana,Monday,1,No
Indiana,Friday,1,No
Indiana,Tuesday,1,No
Indiana,Tuesday,1,No
Indiana,Wednesday,1,Yes
Indiana,Friday,1,No
Indiana,Monday,1,No
Indiana,Wednesday,1,No
Indiana,Tuesday,1,No
Indiana,Monday,1,No
Indiana,Thursday,1,No
Indiana,Sunday,1,No
Indiana,Friday,1,No
Indiana,Saturday,1,No
Indiana,Sunday,1,No
Indiana,Monday,1,Yes
Indiana,Thursday,1,No
Indiana,Sunday,1,Yes
Indiana,Friday,1,No
Indiana,Monday,1,No
Indiana,Sunday,1,No
Indiana,Sunday,1,No
Indiana,Monday,1,Yes
Indiana,Sunday,3,No
Indiana,Saturday,1,No
Indiana,Tuesday,1,No
Indiana,Saturday,1,Yes
Indiana,Sunday,1,Yes
Indiana,Wednesday,1,No
Indiana,Tuesday,2,No
Indiana,Wednesday,1,No
Indiana,Friday,1,No
Indiana,Thursday,1,No
Indiana,Friday,1,No
Indiana,Sunday,1,No
Indiana,Wednesday,1,No
Indiana,Monday,1,No
Indiana,Friday,1,Yes
Indiana,Wednesday,1,No
Indiana,Sunday,1,No
Indiana,Tuesday,1,No
Indiana,Thursday,1,No
Indiana,Monday,1,No
Indiana,Tuesday,1,Yes
Indiana,Sunday,2,Yes
Indiana,Wednesday,1,No
Indiana,Friday,1,No
Indiana,Monday,1,No
Indiana,Thursday,1,No
Indiana,Wednesday,1,No
Indiana,Friday,2,No
Indiana,Friday,3,No
Indiana,Saturday,1,No
Indiana,Tuesday,1,No
Indiana,Saturday,1,No
Indiana,Wednesday,1,No
Indiana,Friday,1,Yes
Indiana,Wednesday,1,No
Indiana,Tuesday,1,No
Indiana,Tuesday,1,Yes
Indiana,Friday,1,No
Indiana,Monday,1,No
Indiana,Monday,1,No
Indiana,Saturday,1,No
Indiana,Tuesday,1,No
Indiana,Sunday,1,Yes
Indiana,Wednesday,1,No
Indiana,Wednesday,1,No
Indiana,Friday,1,Yes
Indiana,Tuesday,1,No
Indiana,Sunday,1,No
Indiana,Saturday,1,Yes
Indiana,Saturday,1,No
Indiana,Saturday,1,No
Indiana,Monday,1,Yes
Indiana,Wednesday,1,No
Indiana,Monday,1,No
Indiana,Thursday,1,No
Indiana,Tuesday,1,No
Indiana,Saturday,1,No
Indiana,Tuesday,1,No
Indiana,Tuesday,1,No
Indiana,Monday,1,No
Indiana,Saturday,1,No
Indiana,Thursday,1,No
Iowa,Monday,1,Yes
Iowa,Wednesday,1,No
Iowa,Wednesday,1,Yes
Iowa,Thursday,1,No
Iowa,Thursday,1,No
Iowa,Saturday,1,No
Iowa,Sunday,1,Yes
Iowa,Monday,1,Yes
Iowa,Friday,1,No
Iowa,Friday,1,No
Iowa,Friday,3,No
Iowa,Sunday,1,No
Iowa,Monday,1,No
Iowa,Wednesday,1,No
Iowa,Friday,1,No
Iowa,Sunday,1,No
Iowa,Monday,2,No
Iowa,Monday,2,No
Iowa,Monday,1,No
Iowa,Monday,1,No
Iowa,Monday,1,No
Iowa,Wednesday,1,No
Iowa,Monday,2,No
Iowa,Friday,1,No
Iowa,Sunday,1,No
Iowa,Monday,1,No
Iowa,Wednesday,1,No
Iowa,Thursday,1,No
Iowa,Friday,2,Yes
Iowa,Sunday,1,No
Iowa,Tuesday,1,No
Iowa,Wednesday,1,Yes
Iowa,Sunday,1,Yes
Iowa,Monday,2,No
Iowa,Tuesday,1,No
Iowa,Friday,1,Yes
Iowa,Saturday,1,Yes
Iowa,Tuesday,1,Yes
Iowa,Tuesday,1,No
Iowa,Thursday,1,No
Iowa,Monday,1,Yes
Iowa,Monday,1,Yes
Iowa,Monday,1,No
Iowa,Saturday,1,No
Iowa,Wednesday,1,Yes
Iowa,Thursday,1,No
Iowa,Monday,1,No
Iowa,Saturday,1,No
Iowa,Wednesday,1,No
Iowa,Thursday,1,No
Iowa,Friday,1,No
Iowa,Monday,1,Yes
Iowa,Tuesday,1,No
Iowa,Sunday,1,No
Iowa,Sunday,1,Yes
Iowa,Wednesday,1,No
Iowa,Thursday,1,No
Iowa,Saturday,1,No
Iowa,Thursday,1,No
Iowa,Thursday,1,No
Iowa,Monday,1,No
Iowa,Sunday,1,Yes
Iowa,Friday,1,No
Iowa,Friday,3,Yes
Iowa,Saturday,1,No
Iowa,Friday,1,Yes
Iowa,Sunday,1,No
Iowa,Wednesday,1,No
Iowa,Monday,1,No
Iowa,Saturday,1,No
Iowa,Thursday,1,No
Iowa,Thursday,1,No
Iowa,Sunday,1,No
Iowa,Tuesday,1,No
Iowa,Friday,1,Yes
Iowa,Tuesday,1,No
Iowa,Monday,1,No
Iowa,Tuesday,1,No
Iowa,Wednesday,1,Yes
Iowa,Thursday,1,No
Iowa,Thursday,1,No
Iowa,Monday,1,No
Iowa,Sunday,1,No
Iowa,Sunday,1,No
Iowa,Tuesday,1,No
Iowa,Sunday,1,No
Iowa,Tuesday,1,No
Iowa,Sunday,1,Yes
Iowa,Wednesday,1,No
Iowa,Saturday,1,Yes
Iowa,Sunday,1,No
Iowa,Saturday,2,No
Iowa,Tuesday,1,Yes
Iowa,Saturday,1,No
Iowa,Wednesday,1,Yes
Iowa,Monday,1,No
Iowa,Tuesday,1,No
Iowa,Wednesday,1,No
Iowa,Friday,1,No
Iowa,Tuesday,1,No
Iowa,Thursday,1,No
Iowa,Thursday,1,Yes
Iowa,Monday,1,No
Iowa,Tuesday,1,Yes
Iowa,Wednesday,1,No
Iowa,Sunday,1,No
Iowa,Thursday,1,No
Iowa,Saturday,1,Yes
Iowa,Saturday,1,No
Iowa,Sunday,1,No
Iowa,Sunday,1,No
Iowa,Sunday,1,No
Iowa,Tuesday,1,No
Iowa,Monday,1,No
Iowa,Monday,2,No
Iowa,Thursday,1,No
Iowa,Friday,1,Yes
Iowa,Saturday,1,No
Iowa,Saturday,1,No
Iowa,Monday,1,Yes
Iowa,Wednesday,1,Yes
Iowa,Thursday,1,No
Iowa,Friday,1,No
Iowa,Thursday,1,No
Iowa,Sunday,1,Yes
Iowa,Sunday,1,No
Iowa,Monday,1,Yes
Iowa,Tuesday,1,No
Iowa,Tuesday,1,No
Iowa,Thursday,1,No
Iowa,Saturday,1,No
Iowa,Sunday,1,Yes
Iowa,Monday,1,No
Iowa,Monday,1,No
Iowa,Monday,1,No
Iowa,Monday,1,No
Iowa,Saturday,2,Yes
Iowa,Wednesday,1,No
Iowa,Thursday,1,No
Iowa,Thursday,1,No
Iowa,Friday,1,No
Iowa,Saturday,1,Yes
Iowa,Thursday,1,No
Iowa,Thursday,1,No
Iowa,Saturday,1,No
Iowa,Saturday,1,Yes
Iowa,Sunday,1,No
Iowa,Thursday,1,No
Iowa,Tuesday,1,No
Iowa,Wednesday,1,No
Iowa,Thursday,1,Yes
Iowa,Friday,1,Yes
Iowa,Saturday,1,No
Iowa,Monday,1,No
Iowa,Wednesday,1,Yes
Iowa,Saturday,1,Yes
Iowa,Saturday,1,No
Iowa,Wednesday,1,No
Iowa,Thursday,1,No
Iowa,Thursday,1,No
Iowa,Saturday,1,No
Iowa,Thursday,1,No
Iowa,Thursday,1,No
Iowa,Thursday,1,No
Iowa,Friday,1,No
Iowa,Tuesday,1,No
Iowa,Sunday,1,Yes
Iowa,Wednesday,1,No
Iowa,Wednesday,1,No
Iowa,Saturday,1,No
Iowa,Saturday,1,Yes
Iowa,Saturday,2,Yes
Iowa,Thursday,1,No
Iowa,Saturday,1,No
Iowa,Wednesday,1,No
Iowa,Wednesday,1,No
Iowa,Saturday,1,Yes
Iowa,Wednesday,1,No
Iowa,Wednesday,1,No
Iowa,Sunday,3,No
Iowa,Sunday,1,No
Iowa,Saturday,1,No
Iowa,Sunday,1,No
Iowa,Monday,1,No
Iowa,Friday,1,No
Iowa,Thursday,2,No
Iowa,Friday,1,No
Iowa,Saturday,1,Yes
Iowa,Sunday,1,No
Iowa,Saturday,1,No
Iowa,Tuesday,1,No
Iowa,Saturday,2,No
Iowa,Monday,1,No
Iowa,Thursday,1,No
Iowa,Monday,1,No
Iowa,Sunday,1,No
Iowa,Sunday,2,Yes
Iowa,Saturday,1,No
Iowa,Friday,1,No
Iowa,Tuesday,1,No
Iowa,Sunday,1,Yes
Iowa,Tuesday,1,No
Iowa,Sunday,1,No
Iowa,Saturday,1,No
Iowa,Sunday,1,No
Iowa,Sunday,1,No
Iowa,Monday,1,No
Iowa,Tuesday,1,No
Iowa,Friday,1,Yes
Iowa,Thursday,1,Yes
Iowa,Thursday,1,No
Iowa,Friday,1,No
Iowa,Tuesday,1,No
Iowa,Tuesday,1,No
Iowa,Monday,1,No
Iowa,Saturday,2,No
Iowa,Sunday,1,Yes
Iowa,Tuesday,1,No
Iowa,Thursday,1,No
Iowa,Friday,1,No
Iowa,Thursday,1,No
Iowa,Friday,1,No
Iowa,Tuesday,1,Yes
Iowa,Sunday,1,No
Iowa,Thursday,1,No
Iowa,Sunday,1,No
Iowa,Monday,1,No
Iowa,Wednesday,1,Yes
Iowa,Friday,1,No
Iowa,Friday,1,No
Iowa,Friday,1,Yes
Iowa,Saturday,1,No
Iowa,Saturday,1,No
Iowa,Sunday,1,Yes
Iowa,Sunday,1,Yes
Iowa,Monday,1,No
Iowa,Monday,1,No
Iowa,Wednesday,1,No
Iowa,Friday,1,No
Iowa,Monday,1,No
Iowa,Tuesday,1,No
Iowa,Wednesday,1,No
Iowa,Wednesday,1,No
Iowa,Friday,1,No
Iowa,Friday,1,Yes
Iowa,Saturday,1,Yes
Iowa,Sunday,1,No
Iowa,Monday,1,No
Iowa,Saturday,1,Yes
Iowa,Tuesday,1,No
Iowa,Wednesday,1,No
Iowa,Thursday,3,Yes
Iowa,Friday,1,No
Iowa,Friday,2,No
Iowa,Saturday,1,No
Iowa,Tuesday,1,Yes
Iowa,Tuesday,1,Yes
Iowa,Wednesday,1,No
Iowa,Wednesday,2,Yes
Iowa,Thursday,1,No
Iowa,Wednesday,1,No
Iowa,Thursday,1,No
Iowa,Friday,1,No
Iowa,Monday,2,Yes
Iowa,Wednesday,1,Yes
Iowa,Friday,3,No
Iowa,Tuesday,1,No
Iowa,Tuesday,1,No
Iowa,Friday,1,No
Iowa,Sunday,1,No
Iowa,Monday,1,No
Iowa,Tuesday,1,No
Iowa,Wednesday,1,No
Iowa,Wednesday,1,Yes
Iowa,Wednesday,1,No
Iowa,Friday,1,No
Iowa,Sunday,1,No
Iowa,Sunday,1,No
Iowa,Thursday,1,No
Iowa,Saturday,2,Yes
Iowa,Sunday,1,No
Iowa,Monday,1,No
Iowa,Monday,1,No
Iowa,Friday,1,No
Iowa,Thursday,1,No
Iowa,Monday,1,No
Iowa,Thursday,1,No
Iowa,Friday,1,No
Iowa,Monday,1,Yes
Iowa,Friday,1,No
Iowa,Thursday,1,No
Kansas,Monday,1,No
Kansas,Tuesday,1,No
Kansas,Tuesday,1,No
Kansas,Wednesday,1,No
Kansas,Friday,1,No
Kansas,Monday,1,No
Kansas,Tuesday,1,No
Kansas,Friday,1,No
Kansas,Saturday,1,No
Kansas,Monday,1,Yes
Kansas,Monday,1,Yes
Kansas,Wednesday,1,No
Kansas,Thursday,1,No
Kansas,Sunday,1,No
Kansas,Wednesday,1,No
Kansas,Thursday,1,Yes
Kansas,Saturday,1,No
Kansas,Sunday,1,No
Kansas,Friday,1,No
Kansas,Friday,1,No
Kansas,Wednesday,1,No
Kansas,Saturday,1,No
Kansas,Sunday,1,Yes
Kansas,Thursday,1,No
Kansas,Sunday,1,No
Kansas,Thursday,1,No
Kansas,Sunday,1,No
Kansas,Monday,1,No
Kansas,Sunday,1,No
Kansas,Wednesday,1,No
Kansas,Saturday,1,No
Kansas,Saturday,1,No
Kansas,Tuesday,1,No
Kansas,Thursday,1,No
Kansas,Saturday,1,No
Kansas,Monday,1,No
Kansas,Wednesday,1,No
Kansas,Tuesday,1,No
Kansas,Sunday,1,Yes
Kansas,Saturday,1,Yes
Kansas,Friday,1,No
Kansas,Monday,1,No
Kansas,Wednesday,2,No
Kansas,Friday,1,No
Kansas,Monday,1,No
Kansas,Sunday,1,No
Kansas,Tuesday,1,No
Kansas,Thursday,1,No
Kansas,Friday,1,Yes
Kansas,Saturday,1,Yes
Kansas,Thursday,1,No
Kansas,Friday,1,No
Kansas,Saturday,1,No
Kansas,Thursday,1,Yes
Kansas,Thursday,1,No
Kansas,Saturday,1,No
Kansas,Monday,1,No
Kansas,Friday,1,No
Kansas,Tuesday,1,No
Kansas,Wednesday,1,No
Kansas,Thursday,2,No
Kansas,Thursday,1,No
Kansas,Monday,1,No
Kansas,Thursday,1,No
Kansas,Saturday,1,Yes
Kansas,Monday,1,No
Kansas,Thursday,1,Yes
Kansas,Thursday,1,No
Kansas,Monday,1,No
Kansas,Tuesday,1,No
Kansas,Wednesday,1,No
Kansas,Friday,1,No
Kansas,Wednesday,1,No
Kansas,Friday,1,No
Kansas,Sunday,2,No
Kansas,Monday,1,No
Kansas,Wednesday,1,No
Kansas,Sunday,1,Yes
Kansas,Tuesday,1,No
Kansas,Friday,2,No
Kansas,Tuesday,1,No
Kansas,Thursday,1,No
Kansas,Saturday,1,Yes
Kansas,Monday,1,No
Kansas,Friday,1,No
Kansas,Wednesday,1,No
Kansas,Saturday,1,No
Kansas,Friday,2,Yes
Kansas,Saturday,1,Yes
Kansas,Tuesday,1,Yes
Kansas,Saturday,1,Yes
Kansas,Saturday,2,No
Kansas,Tuesday,1,No
Kansas,Tuesday,1,No
Kansas,Friday,1,Yes
Kansas,Thursday,1,No
Kansas,Thursday,1,No
Kansas,Monday,1,No
Kansas,Wednesday,1,No
Kansas,Thursday,1,No
Kansas,Tuesday,1,No
Kansas,Monday,1,No
Kansas,Sunday,1,No
Kansas,Sunday,2,No
Kansas,Tuesday,1,No
Kansas,Friday,1,No
Kansas,Sunday,1,No
Kansas,Tuesday,1,No
Kansas,Sunday,1,No
Kansas,Saturday,1,No
Kansas,Sunday,1,No
Kansas,Tuesday,1,No
Kansas,Tuesday,1,No
Kansas,Monday,1,No
Kansas,Sunday,1,No
Kansas,Sunday,1,No
Kansas,Monday,1,No
Kansas,Friday,1,No
Kansas,Sunday,1,Yes
Kansas,Friday,1,No
Kansas,Saturday,1,Yes
Kansas,Sunday,1,No
Kansas,Monday,1,No
Kansas,Friday,1,Yes
Kansas,Tuesday,1,Yes
Kansas,Monday,1,No
Kansas,Monday,1,No
Kansas,Friday,1,No
Kansas,Tuesday,1,No
Kansas,Tuesday,2,Yes
Kansas,Saturday,1,No
Kansas,Tuesday,2,Yes
Kansas,Saturday,1,No
Kansas,Saturday,1,No
Kansas,Thursday,1,No
Kansas,Wednesday,1,Yes
Kansas,Tuesday,2,No
Kansas,Saturday,1,No
Kansas,Friday,1,No
Kansas,Monday,1,No
Kansas,Tuesday,2,No
Kansas,Wednesday,1,No
Kansas,Sunday,2,Yes
Kansas,Saturday,1,No
Kansas,Friday,1,No
Kansas,Friday,1,Yes
Kansas,Saturday,1,No
Kansas,Sunday,1,Yes
Kansas,Friday,1,Yes
Kansas,Monday,1,No
Kansas,Friday,1,No
Kansas,Thursday,1,No
Kansas,Monday,1,No
Kansas,Saturday,1,No
Kansas,Sunday,1,No
Kansas,Tuesday,1,No
Kansas,Monday,1,No
Kansas,Thursday,1,No
Kansas,Thursday,2,No
Kansas,Thursday,1,No
Kansas,Saturday,1,No
Kansas,Saturday,2,No
Kansas,Sunday,1,No
Kansas,Sunday,1,No
Kansas,Wednesday,2,No
Kansas,Monday,1,No
Kansas,Saturday,1,No
Kansas,Tuesday,1,No
Kansas,Thursday,1,No
Kansas,Friday,1,No
Kansas,Tuesday,1,No
Kansas,Tuesday,1,No
Kansas,Tuesday,3,Yes
Kansas,Sunday,1,No
Kansas,Saturday,2,No
Kansas,Wednesday,1,No
Kansas,Sunday,2,No
Kansas,Wednesday,1,No
Kansas,Tuesday,1,No
Kansas,Saturday,1,No
Kansas,Sunday,1,Yes
Kansas,Friday,2,No
Kansas,Wednesday,1,No
Kansas,Monday,1,Yes
Kansas,Sunday,1,No
Kansas,Wednesday,1,No
Kansas,Sunday,1,No
Kansas,Sunday,1,No
Kansas,Tuesday,1,Yes
Kansas,Tuesday,1,No
Kansas,Wednesday,1,No
Kansas,Sunday,1,No
Kansas,Sunday,1,No
Kansas,Tuesday,1,No
Kansas,Wednesday,3,No
Kansas,Friday,1,No
Kansas,Tuesday,1,No
Kansas,Thursday,1,No
Kansas,Thursday,1,Yes
Kansas,Tuesday,1,No
Kansas,Tuesday,1,No
Kansas,Friday,1,Yes
Kansas,Wednesday,1,No
Kansas,Tuesday,1,No
Kansas,Wednesday,1,No
Kansas,Tuesday,1,No
Kansas,Monday,1,No
Kansas,Tuesday,1,No
Kansas,Wednesday,1,No
Kansas,Thursday,1,No
Kansas,Saturday,1,No
Kansas,Saturday,1,No
Kansas,Wednesday,1,No
Kansas,Monday,1,No
Kansas,Friday,1,No
Kansas,Monday,1,No
Kansas,Saturday,1,No
Kansas,Thursday,1,No
Kansas,Thursday,1,No
Kansas,Sunday,1,No
Kansas,Sunday,1,No
Kansas,Tuesday,1,Yes
Kansas,Monday,1,No
Kansas,Thursday,1,Yes
Kansas,Tuesday,1,No
Kansas,Wednesday,1,No
Kansas,Saturday,1,No
Kansas,Saturday,1,No
Kansas,Saturday,2,Yes
Kansas,Friday,1,No
Kansas,Wednesday,1,No
Kansas,Sunday,1,No
Kansas,Thursday,1,No
Kansas,Thursday,1,No
Kansas,Friday,1,No
Kansas,Saturday,1,No
Kansas,Sunday,1,Yes
Kansas,Wednesday,1,No
Kansas,Tuesday,1,No
Kansas,Thursday,1,No
Kansas,Saturday,1,No
Kansas,Monday,1,No
Kansas,Saturday,1,Yes
Kansas,Monday,1,Yes
Kansas,Tuesday,1,No
Kansas,Saturday,1,No
Kansas,Monday,1,No
Kansas,Sunday,1,No
Kansas,Tuesday,2,Yes
Kansas,Friday,1,No
Kansas,Friday,1,No
Kansas,Thursday,1,No
Kansas,Tuesday,1,No
Kansas,Sunday,1,Yes
Kansas,Sunday,2,Yes
Kansas,Saturday,1,No
Kansas,Tuesday,1,No
Kansas,Monday,1,No
Kansas,Wednesday,3,No
Kansas,Monday,1,Yes
Kansas,Wednesday,1,No
Kansas,Wednesday,2,No
Kansas,Friday,1,No
Kansas,Wednesday,1,Yes
Kansas,Friday,1,No
Kansas,Sunday,1,No
Kansas,Wednesday,1,No
Kansas,Thursday,1,No
Kansas,Sunday,1,No
Kansas,Wednesday,1,No
Kansas,Tuesday,1,No
Kansas,Friday,1,No
Kansas,Saturday,1,Yes
Kansas,Friday,1,No
Kansas,Wednesday,1,No
Kansas,Monday,1,No
Kansas,Sunday,2,No
Kansas,Monday,1,No
Kansas,Tuesday,1,Yes
Kansas,Monday,1,No
Kansas,Thursday,3,No
Kansas,Friday,1,No
Kansas,Saturday,1,No
Kansas,Monday,1,No
Kansas,Saturday,2,No
Kansas,Tuesday,1,No
Kansas,Monday,1,No
Kansas,Tuesday,1,No
Kansas,Thursday,1,Yes
Kansas,Wednesday,2,No
Kansas,Sunday,1,No
Kansas,Monday,3,No
Kansas,Wednesday,1,No
Kansas,Tuesday,1,No
Kansas,Wednesday,1,No
Kansas,Sunday,1,No
Kansas,Friday,1,No
Kansas,Wednesday,1,No
Kansas,Tuesday,1,No
Kansas,Saturday,1,Yes
Kansas,Saturday,1,Yes
Kansas,Sunday,1,No
Kansas,Friday,1,Yes
Kansas,Wednesday,1,No
Kansas,Saturday,1,No
Kansas,Thursday,1,No
Kansas,Thursday,1,No
Kansas,Friday,1,No
Kansas,Saturday,1,Yes
Kansas,Tuesday,1,No
Kansas,Wednesday,3,No
Kansas,Thursday,1,Yes
Kansas,Wednesday,1,No
Kansas,Thursday,1,No
Kansas,Wednesday,2,No
Kansas,Monday,1,No
Kansas,Wednesday,1,No
Kansas,Sunday,1,No
Kansas,Wednesday,1,No
Kansas,Saturday,1,Yes
Kansas,Monday,1,No
Kansas,Thursday,1,Yes
Kansas,Thursday,1,No
Kansas,Wednesday,1,No
Kansas,Thursday,1,No
Kansas,Tuesday,1,No
Kansas,Thursday,1,No
Kansas,Tuesday,1,No
Kansas,Monday,1,No
Kansas,Sunday,1,No
Kansas,Monday,1,No
Kansas,Thursday,1,Yes
Kansas,Saturday,1,Yes
Kansas,Sunday,1,No
Kansas,Monday,1,No
Kansas,Friday,1,No
Kansas,Sunday,1,No
Kansas,Friday,1,No
Kansas,Monday,1,No
Kansas,Saturday,1,No
Kansas,Friday,1,No
Kansas,Sunday,1,No
Kansas,Monday,1,No
Kansas,Monday,1,No
Kansas,Saturday,1,Yes
Kansas,Wednesday,1,No
Kansas,Thursday,1,No
Kansas,Friday,1,No
Kansas,Monday,1,No
Kansas,Thursday,1,No
Kansas,Saturday,1,No
Kansas,Friday,1,No
Kansas,Saturday,1,No
Kansas,Sunday,1,No
Kansas,Wednesday,1,No
Kansas,Saturday,1,No
Kansas,Friday,1,Yes
Kansas,Monday,1,No
Kansas,Sunday,1,Yes
Kansas,Saturday,1,No
Kansas,Friday,1,No
Kansas,Thursday,1,No
Kansas,Saturday,1,No
Kansas,Tuesday,1,No
Kansas,Tuesday,1,No
Kansas,Saturday,1,No
Kentucky,Tuesday,1,No
Kentucky,Thursday,1,No
Kentucky,Friday,2,No
Kentucky,Friday,1,Yes
Kentucky,Monday,1,No
Kentucky,Monday,1,No
Kentucky,Monday,3,No
Kentucky,Tuesday,1,Yes
Kentucky,Thursday,1,No
Kentucky,Friday,1,Yes
Kentucky,Friday,1,No
Kentucky,Monday,1,No
Kentucky,Tuesday,1,No
Kentucky,Tuesday,1,No
Kentucky,Thursday,1,No
Kentucky,Friday,1,No
Kentucky,Friday,1,No
Kentucky,Saturday,1,No
Kentucky,Monday,1,No
Kentucky,Thursday,1,No
Kentucky,Thursday,1,No
Kentucky,Thursday,2,Yes
Kentucky,Thursday,1,No
Kentucky,Friday,1,Yes
Kentucky,Friday,1,Yes
Kentucky,Saturday,2,No
Kentucky,Sunday,1,Yes
Kentucky,Monday,1,No
Kentucky,Thursday,1,No
Kentucky,Monday,2,No
Kentucky,Tuesday,1,No
Kentucky,Wednesday,1,Yes
Kentucky,Sunday,1,No
Kentucky,Monday,1,No
Kentucky,Monday,1,No
Kentucky,Sunday,1,Yes
Kentucky,Friday,1,No
Kentucky,Saturday,1,Yes
Kentucky,Saturday,1,Yes
Kentucky,Saturday,1,No
Kentucky,Saturday,1,No
Kentucky,Monday,2,No
Kentucky,Tuesday,5,No
Kentucky,Wednesday,3,Yes
Kentucky,Sunday,1,No
Kentucky,Friday,1,No
Kentucky,Friday,1,No
Kentucky,Saturday,1,No
Kentucky,Sunday,1,Yes
Kentucky,Wednesday,1,No
Kentucky,Thursday,1,No
Kentucky,Tuesday,1,No
Kentucky,Friday,1,No
Kentucky,Saturday,1,No
Kentucky,Saturday,1,No
Kentucky,Monday,1,No
Kentucky,Monday,1,No
Kentucky,Monday,1,Yes
Kentucky,Wednesday,1,No
Kentucky,Thursday,2,No
Kentucky,Thursday,1,No
Kentucky,Tuesday,1,Yes
Kentucky,Monday,1,Yes
Kentucky,Thursday,1,No
Kentucky,Sunday,1,Yes
Kentucky,Saturday,1,No
Kentucky,Saturday,1,No
Kentucky,Saturday,1,Yes
Kentucky,Sunday,2,Yes
Kentucky,Friday,1,No
Kentucky,Wednesday,1,No
Kentucky,Wednesday,2,Yes
Kentucky,Wednesday,1,Yes
Kentucky,Thursday,1,No
Kentucky,Tuesday,1,No
Kentucky,Tuesday,1,No
Kentucky,Wednesday,1,Yes
Kentucky,Tuesday,1,No
Kentucky,Sunday,1,No
Kentucky,Friday,3,No
Kentucky,Saturday,1,Yes
Kentucky,Saturday,1,No
Kentucky,Saturday,1,Yes
Kentucky,Saturday,1,No
Kentucky,Sunday,1,No
Kentucky,Sunday,1,No
Kentucky,Sunday,1,Yes
Kentucky,Friday,1,No
Kentucky,Sunday,1,No
Kentucky,Thursday,1,Yes
Kentucky,Saturday,1,No
Kentucky,Saturday,1,No
Kentucky,Saturday,1,No
Kentucky,Wednesday,1,No
Kentucky,Tuesday,1,No
Kentucky,Tuesday,1,No
Kentucky,Wednesday,1,No
Kentucky,Wednesday,1,No
Kentucky,Monday,1,No
Kentucky,Friday,1,No
Kentucky,Saturday,1,No
Kentucky,Saturday,1,No
Kentucky,Saturday,1,No
Kentucky,Saturday,1,No
Kentucky,Monday,1,Yes
Kentucky,Tuesday,1,No
Kentucky,Saturday,1,No
Kentucky,Monday,1,No
Kentucky,Wednesday,1,No
Kentucky,Saturday,1,No
Kentucky,Thursday,1,No
Kentucky,Thursday,1,No
Kentucky,Tuesday,1,No
Kentucky,Thursday,1,No
Kentucky,Friday,1,No
Kentucky,Monday,1,No
Kentucky,Friday,1,No
Kentucky,Sunday,1,Yes
Kentucky,Wednesday,1,No
Kentucky,Sunday,1,No
Kentucky,Wednesday,1,No
Kentucky,Sunday,2,No
Kentucky,Thursday,1,No
Kentucky,Thursday,1,No
Kentucky,Tuesday,1,No
Kentucky,Wednesday,1,Yes
Kentucky,Tuesday,1,Yes
Kentucky,Saturday,2,Yes
Kentucky,Monday,1,No
Kentucky,Thursday,1,Yes
Kentucky,Thursday,1,No
Kentucky,Thursday,2,Yes
Kentucky,Thursday,1,No
Kentucky,Thursday,1,Yes
Kentucky,Friday,1,No
Kentucky,Friday,1,Yes
Kentucky,Saturday,1,Yes
Kentucky,Saturday,1,No
Kentucky,Saturday,1,No
Kentucky,Wednesday,1,Yes
Kentucky,Thursday,1,No
Kentucky,Saturday,1,No
Kentucky,Wednesday,1,No
Kentucky,Wednesday,2,No
Kentucky,Tuesday,1,No
Kentucky,Tuesday,1,No
Kentucky,Thursday,1,No
Kentucky,Saturday,1,Yes
Kentucky,Monday,1,No
Kentucky,Monday,1,No
Kentucky,Tuesday,1,No
Kentucky,Saturday,1,Yes
Kentucky,Wednesday,1,No
Kentucky,Wednesday,1,No
Kentucky,Thursday,1,Yes
Kentucky,Friday,1,No
Kentucky,Sunday,1,No
Kentucky,Sunday,1,Yes
Kentucky,Monday,1,No
Kentucky,Monday,1,No
Kentucky,Friday,1,No
Kentucky,Thursday,1,No
Kentucky,Friday,1,Yes
Kentucky,Thursday,1,Yes
Kentucky,Monday,1,No
Kentucky,Tuesday,1,No
Kentucky,Monday,1,Yes
Kentucky,Friday,1,Yes
Kentucky,Tuesday,1,No
Kentucky,Tuesday,1,No
Kentucky,Sunday,1,No
Kentucky,Wednesday,1,No
Kentucky,Friday,1,No
Kentucky,Saturday,2,No
Kentucky,Wednesday,1,No
Kentucky,Monday,1,No
Kentucky,Thursday,1,No
Kentucky,Friday,1,No
Kentucky,Friday,1,No
Kentucky,Saturday,1,No
Kentucky,Saturday,2,No
Kentucky,Saturday,1,No
Kentucky,Saturday,1,No
Kentucky,Sunday,3,No
Kentucky,Tuesday,1,No
Kentucky,Monday,2,No
Kentucky,Friday,1,No
Kentucky,Wednesday,1,Yes
Kentucky,Friday,1,No
Kentucky,Friday,1,No
Kentucky,Friday,1,No
Kentucky,Saturday,1,Yes
Kentucky,Saturday,1,Yes
Kentucky,Saturday,1,No
Kentucky,Sunday,1,No
Kentucky,Monday,1,No
Kentucky,Monday,1,No
Kentucky,Tuesday,1,Yes
Kentucky,Wednesday,1,No
Kentucky,Monday,1,Yes
Kentucky,Thursday,1,No
Kentucky,Friday,1,No
Kentucky,Friday,2,No
Kentucky,Friday,1,No
Kentucky,Saturday,2,Yes
Kentucky,Sunday,1,Yes
Kentucky,Tuesday,1,No
Kentucky,Thursday,1,Yes
Kentucky,Saturday,1,Yes
Kentucky,Wednesday,1,Yes
Kentucky,Friday,2,No
Kentucky,Thursday,1,No
Kentucky,Saturday,1,No
Kentucky,Sunday,1,No
Kentucky,Tuesday,1,No
Kentucky,Tuesday,1,Yes
Kentucky,Saturday,2,Yes
Kentucky,Saturday,1,Yes
Kentucky,Sunday,1,Yes
Kentucky,Sunday,1,Yes
Kentucky,Sunday,1,No
Kentucky,Tuesday,1,No
Kentucky,Friday,1,No
Kentucky,Sunday,1,No
Kentucky,Friday,1,Yes
Kentucky,Saturday,1,No
Kentucky,Saturday,1,No
Kentucky,Monday,1,No
Kentucky,Friday,1,Yes
Kentucky,Saturday,1,No
Kentucky,Thursday,1,Yes
Kentucky,Friday,1,No
Kentucky,Friday,1,No
Kentucky,Saturday,2,No
Kentucky,Sunday,1,No
Kentucky,Sunday,1,No
Kentucky,Friday,1,No
Kentucky,Thursday,1,No
Kentucky,Saturday,1,No
Kentucky,Thursday,1,Yes
Kentucky,Friday,1,No
Kentucky,Friday,1,No
Kentucky,Wednesday,1,No
Kentucky,Friday,1,Yes
Kentucky,Friday,1,No
Kentucky,Sunday,2,Yes
Kentucky,Tuesday,1,No
Kentucky,Tuesday,1,Yes
Kentucky,Wednesday,1,Yes
Kentucky,Wednesday,1,No
Kentucky,Friday,1,No
Kentucky,Friday,1,No
Kentucky,Saturday,1,No
Kentucky,Wednesday,1,No
Kentucky,Saturday,1,No
Kentucky,Tuesday,1,No
Kentucky,Tuesday,1,No
Kentucky,Tuesday,1,No
Kentucky,Friday,1,No
Kentucky,Friday,1,Yes
Kentucky,Saturday,1,Yes
Kentucky,Saturday,1,No
Kentucky,Saturday,1,No
Kentucky,Saturday,1,No
Kentucky,Wednesday,1,No
Kentucky,Thursday,1,No
Kentucky,Thursday,1,No
Kentucky,Tuesday,1,No
Kentucky,Saturday,1,No
Kentucky,Wednesday,1,No
Kentucky,Tuesday,1,No
Kentucky,Saturday,1,No
Kentucky,Friday,1,No
Kentucky,Friday,1,No
Kentucky,Monday,1,No
Kentucky,Sunday,1,Yes
Kentucky,Monday,1,No
Kentucky,Wednesday,1,Yes
Kentucky,Friday,1,No
Kentucky,Wednesday,1,No
Kentucky,Sunday,1,No
Kentucky,Sunday,1,No
Kentucky,Sunday,1,No
Kentucky,Sunday,1,Yes
Kentucky,Sunday,1,No
Kentucky,Tuesday,1,No
Kentucky,Tuesday,1,No
Kentucky,Monday,1,Yes
Kentucky,Thursday,1,No
Kentucky,Monday,1,Yes
Kentucky,Saturday,1,Yes
Kentucky,Saturday,1,Yes
Kentucky,Sunday,1,Yes
Kentucky,Wednesday,1,No
Kentucky,Monday,1,No
Kentucky,Monday,1,No
Kentucky,Monday,1,No
Kentucky,Monday,1,No
Kentucky,Sunday,1,No
Kentucky,Tuesday,1,No
Kentucky,Wednesday,1,Yes
Kentucky,Thursday,1,No
Kentucky,Tuesday,1,No
Kentucky,Friday,1,Yes
Kentucky,Saturday,1,No
Kentucky,Saturday,1,No
Kentucky,Monday,1,No
Kentucky,Monday,1,No
Kentucky,Sunday,1,Yes
Kentucky,Monday,1,No
Kentucky,Wednesday,1,Yes
Kentucky,Wednesday,1,No
Kentucky,Thursday,1,No
Kentucky,Friday,1,No
Kentucky,Saturday,1,No
Kentucky,Sunday,1,No
Kentucky,Sunday,2,Yes
Kentucky,Sunday,1,Yes
Kentucky,Wednesday,2,Yes
Kentucky,Monday,1,No
Kentucky,Tuesday,1,Yes
Kentucky,Tuesday,1,No
Kentucky,Thursday,1,No
Kentucky,Wednesday,1,No
Kentucky,Saturday,1,No
Kentucky,Thursday,1,No
Kentucky,Wednesday,1,No
Kentucky,Friday,1,No
Kentucky,Saturday,1,No
Kentucky,Saturday,2,No
Kentucky,Monday,1,Yes
Kentucky,Thursday,1,No
Kentucky,Saturday,1,Yes
Kentucky,Tuesday,1,No
Kentucky,Tuesday,2,No
Kentucky,Monday,1,No
Kentucky,Saturday,1,Yes
Kentucky,Monday,1,No
Kentucky,Monday,1,No
Kentucky,Tuesday,1,No
Kentucky,Sunday,2,No
Kentucky,Saturday,1,No
Kentucky,Monday,1,Yes
Kentucky,Friday,1,No
Kentucky,Monday,1,No
Kentucky,Friday,1,No
Kentucky,Saturday,1,No
Kentucky,Wednesday,1,No
Kentucky,Friday,1,No
Kentucky,Monday,1,No
Kentucky,Sunday,1,No
Kentucky,Saturday,1,No
Kentucky,Saturday,1,Yes
Kentucky,Thursday,2,No
Kentucky,Thursday,1,No
Kentucky,Thursday,1,No
Kentucky,Friday,1,No
Kentucky,Saturday,1,No
Kentucky,Saturday,1,No
Kentucky,Saturday,1,No
Kentucky,Saturday,1,No
Kentucky,Sunday,1,No
Kentucky,Tuesday,1,No
Kentucky,Saturday,1,No
Kentucky,Monday,1,No
Kentucky,Sunday,1,Yes
Kentucky,Wednesday,1,No
Kentucky,Thursday,1,No
Kentucky,Monday,1,No
Kentucky,Friday,1,No
Kentucky,Friday,1,Yes
Kentucky,Friday,1,No
Kentucky,Saturday,2,Yes
Kentucky,Sunday,2,No
Kentucky,Monday,1,No
Kentucky,Tuesday,1,No
Kentucky,Friday,1,Yes
Kentucky,Monday,1,No
Kentucky,Wednesday,1,No
Kentucky,Monday,2,No
Kentucky,Thursday,1,No
Kentucky,Thursday,1,Yes
Kentucky,Wednesday,1,No
Kentucky,Friday,1,No
Kentucky,Sunday,1,No
Kentucky,Tuesday,1,No
Kentucky,Tuesday,1,No
Kentucky,Wednesday,1,Yes
Kentucky,Wednesday,2,No
Kentucky,Tuesday,1,No
Kentucky,Saturday,1,No
Kentucky,Thursday,1,No
Kentucky,Thursday,1,No
Kentucky,Thursday,1,No
Kentucky,Sunday,1,No
Kentucky,Wednesday,1,No
Kentucky,Friday,1,Yes
Kentucky,Monday,1,No
Kentucky,Tuesday,1,No
Kentucky,Tuesday,1,No
Kentucky,Saturday,1,No
Kentucky,Wednesday,1,No
Kentucky,Wednesday,1,No
Kentucky,Thursday,1,No
Kentucky,Tuesday,1,Yes
Kentucky,Friday,1,No
Kentucky,Friday,1,No
Kentucky,Friday,1,No
Kentucky,Monday,1,No
Kentucky,Tuesday,1,Yes
Kentucky,Friday,1,No
Kentucky,Saturday,1,No
Kentucky,Friday,1,No
Kentucky,Saturday,1,Yes
Kentucky,Wednesday,1,No
Kentucky,Thursday,1,No
Kentucky,Friday,1,No
Kentucky,Sunday,1,No
Kentucky,Tuesday,1,No
Kentucky,Monday,1,No
Kentucky,Saturday,1,No
Kentucky,Saturday,1,No
Kentucky,Sunday,1,No
Kentucky,Sunday,1,No
Kentucky,Sunday,1,No
Kentucky,Monday,2,No
Kentucky,Friday,1,No
Kentucky,Sunday,2,Yes
Kentucky,Tuesday,1,No
Kentucky,Wednesday,1,No
Kentucky,Wednesday,1,Yes
Kentucky,Thursday,2,No
Kentucky,Thursday,1,No
Kentucky,Wednesday,1,No
Kentucky,Monday,1,No
Kentucky,Monday,1,No
Kentucky,Sunday,1,No
Kentucky,Sunday,1,No
Kentucky,Tuesday,1,No
Kentucky,Tuesday,1,No
Kentucky,Monday,1,No
Kentucky,Wednesday,1,No
Kentucky,Saturday,1,No
Kentucky,Saturday,1,Yes
Kentucky,Thursday,1,Yes
Kentucky,Friday,1,Yes
Kentucky,Friday,1,Yes
Kentucky,Saturday,1,Yes
Kentucky,Saturday,1,Yes
Kentucky,Saturday,1,Yes
Kentucky,Saturday,1,No
Kentucky,Saturday,1,No
Kentucky,Sunday,1,No
Kentucky,Tuesday,1,Yes
Kentucky,Thursday,1,No
Kentucky,Thursday,1,No
Kentucky,Saturday,1,No
Kentucky,Monday,1,No
Kentucky,Friday,1,No
Kentucky,Tuesday,1,No
Kentucky,Thursday,1,No
Kentucky,Wednesday,1,No
Kentucky,Friday,1,No
Kentucky,Sunday,1,No
Kentucky,Sunday,1,No
Kentucky,Sunday,1,No
Kentucky,Friday,1,No
Kentucky,Tuesday,1,No
Kentucky,Thursday,1,No
Kentucky,Monday,1,No
Kentucky,Monday,1,No
Kentucky,Saturday,1,Yes
Kentucky,Tuesday,1,No
Kentucky,Monday,1,No
Kentucky,Tuesday,1,No
Kentucky,Tuesday,1,No
Kentucky,Friday,1,Yes
Kentucky,Wednesday,1,No
Kentucky,Tuesday,1,No
Kentucky,Saturday,1,Yes
Kentucky,Monday,1,No
Kentucky,Monday,1,Yes
Kentucky,Monday,1,No
Kentucky,Tuesday,1,No
Kentucky,Wednesday,1,No
Kentucky,Wednesday,2,No
Kentucky,Thursday,1,No
Kentucky,Tuesday,1,No
Kentucky,Saturday,1,No
Kentucky,Saturday,1,No
Kentucky,Sunday,1,No
Kentucky,Sunday,1,No
Kentucky,Wednesday,1,No
Kentucky,Monday,1,No
Kentucky,Monday,1,No
Kentucky,Tuesday,1,No
Kentucky,Monday,1,Yes
Kentucky,Sunday,1,Yes
Kentucky,Wednesday,1,No
Kentucky,Wednesday,1,Yes
Kentucky,Thursday,1,No
Kentucky,Thursday,1,Yes
Kentucky,Friday,1,No
Kentucky,Friday,1,No
Kentucky,Sunday,1,Yes
Kentucky,Thursday,1,No
Kentucky,Monday,1,No
Kentucky,Wednesday,1,Yes
Kentucky,Thursday,1,No
Kentucky,Tuesday,1,No
Kentucky,Saturday,1,Yes
Kentucky,Saturday,1,No
Kentucky,Friday,1,Yes
Kentucky,Saturday,2,No
Kentucky,Monday,1,No
Kentucky,Tuesday,1,No
Kentucky,Thursday,1,No
Kentucky,Sunday,1,No
Kentucky,Saturday,1,No
Kentucky,Tuesday,1,No
Kentucky,Monday,1,No
Kentucky,Monday,1,No
Kentucky,Friday,1,No
Kentucky,Friday,1,Yes
Kentucky,Saturday,1,No
Kentucky,Sunday,1,Yes
Kentucky,Tuesday,1,No
Kentucky,Friday,1,No
Kentucky,Monday,1,Yes
Kentucky,Monday,1,No
Kentucky,Thursday,1,Yes
Kentucky,Tuesday,3,No
Kentucky,Tuesday,1,Yes
Kentucky,Sunday,1,No
Kentucky,Tuesday,1,No
Kentucky,Wednesday,1,No
Kentucky,Wednesday,1,No
Kentucky,Monday,1,No
Kentucky,Friday,1,No
Kentucky,Monday,1,No
Kentucky,Friday,1,No
Kentucky,Wednesday,1,No
Kentucky,Monday,1,No
Kentucky,Saturday,1,Yes
Kentucky,Tuesday,1,No
Kentucky,Thursday,1,No
Kentucky,Friday,2,No
Kentucky,Saturday,1,No
Kentucky,Sunday,1,No
Kentucky,Monday,1,No
Kentucky,Thursday,1,No
Kentucky,Friday,1,No
Kentucky,Saturday,2,Yes
Kentucky,Saturday,1,No
Kentucky,Monday,1,No
Kentucky,Thursday,1,Yes
Kentucky,Tuesday,2,No
Kentucky,Tuesday,1,No
Kentucky,Thursday,1,No
Kentucky,Thursday,1,No
Kentucky,Thursday,1,No
Kentucky,Friday,1,No
Kentucky,Sunday,1,No
Kentucky,Sunday,1,Yes
Kentucky,Thursday,1,No
Kentucky,Monday,1,No
Kentucky,Monday,1,No
Kentucky,Saturday,1,No
Kentucky,Wednesday,1,No
Kentucky,Thursday,1,No
Kentucky,Thursday,1,No
Kentucky,Thursday,1,No
Kentucky,Thursday,1,No
Kentucky,Sunday,1,Yes
Kentucky,Saturday,1,No
Kentucky,Monday,1,No
Kentucky,Tuesday,2,Yes
Kentucky,Saturday,1,No
Kentucky,Tuesday,1,No
Kentucky,Tuesday,1,No
Kentucky,Monday,1,No
Kentucky,Monday,1,No
Kentucky,Sunday,1,Yes
Kentucky,Thursday,1,No
Kentucky,Monday,1,No
Kentucky,Saturday,1,No
Kentucky,Friday,1,No
Kentucky,Monday,1,No
Kentucky,Monday,1,No
Kentucky,Tuesday,1,No
Kentucky,Saturday,1,No
Kentucky,Friday,2,No
Kentucky,Friday,1,No
Kentucky,Monday,1,No
Kentucky,Wednesday,1,No
Kentucky,Friday,1,No
Kentucky,Tuesday,1,No
Kentucky,Tuesday,2,No
Kentucky,Tuesday,2,No
Kentucky,Tuesday,1,No
Kentucky,Saturday,1,No
Kentucky,Thursday,1,No
Kentucky,Friday,1,Yes
Kentucky,Saturday,1,No
Kentucky,Wednesday,2,No
Kentucky,Friday,1,No
Kentucky,Wednesday,1,No
Kentucky,Monday,1,Yes
Kentucky,Monday,1,No
Kentucky,Sunday,1,No
Kentucky,Thursday,1,Yes
Kentucky,Wednesday,1,Yes
Kentucky,Friday,1,No
Kentucky,Friday,1,No
Kentucky,Monday,1,No
Kentucky,Monday,1,No
Kentucky,Saturday,1,No
Kentucky,Monday,1,Yes
Kentucky,Wednesday,1,No
Kentucky,Monday,1,No
Kentucky,Tuesday,1,No
Kentucky,Wednesday,1,No
Kentucky,Friday,1,No
Kentucky,Sunday,1,No
Kentucky,Sunday,1,Yes
Kentucky,Thursday,1,No
Kentucky,Saturday,1,No
Kentucky,Monday,1,No
Kentucky,Monday,1,Yes
Kentucky,Monday,3,No
Kentucky,Friday,1,No
Kentucky,Saturday,1,No
Kentucky,Tuesday,1,No
Kentucky,Friday,1,No
Kentucky,Friday,1,No
Kentucky,Thursday,1,No
Kentucky,Saturday,1,Yes
Kentucky,Thursday,1,No
Kentucky,Monday,1,No
Kentucky,Monday,1,No
Kentucky,Tuesday,1,No
Kentucky,Monday,1,No
Kentucky,Tuesday,1,No
Kentucky,Monday,1,No
Kentucky,Friday,1,No
Kentucky,Wednesday,1,No
Kentucky,Friday,1,No
Kentucky,Tuesday,1,Yes
Kentucky,Monday,1,No
Kentucky,Friday,1,Yes
Kentucky,Sunday,1,Yes
Kentucky,Monday,1,No
Kentucky,Saturday,1,Yes
Kentucky,Wednesday,1,Yes
Kentucky,Friday,1,Yes
Kentucky,Sunday,1,Yes
Kentucky,Tuesday,1,No
Kentucky,Friday,1,Yes
Kentucky,Monday,1,No
Kentucky,Friday,1,No
Kentucky,Wednesday,1,No
Kentucky,Wednesday,1,No
Kentucky,Thursday,1,No
Kentucky,Tuesday,1,No
Louisiana,Monday,1,Yes
Louisiana,Tuesday,1,Yes
Louisiana,Wednesday,1,No
Louisiana,Thursday,1,No
Louisiana,Friday,1,No
Louisiana,Friday,1,No
Louisiana,Friday,1,No
Louisiana,Saturday,1,No
Louisiana,Saturday,1,No
Louisiana,Monday,1,No
Louisiana,Tuesday,1,No
Louisiana,Wednesday,1,No
Louisiana,Wednesday,1,No
Louisiana,Wednesday,1,No
Louisiana,Thursday,1,No
Louisiana,Friday,1,Yes
Louisiana,Friday,1,No
Louisiana,Monday,1,No
Louisiana,Monday,1,No
Louisiana,Wednesday,1,No
Louisiana,Wednesday,1,No
Louisiana,Wednesday,1,No
Louisiana,Wednesday,1,No
Louisiana,Saturday,1,No
Louisiana,Saturday,1,No
Louisiana,Sunday,1,No
Louisiana,Monday,1,No
Louisiana,Monday,1,No
Louisiana,Wednesday,1,No
Louisiana,Thursday,2,No
Louisiana,Friday,1,No
Louisiana,Monday,2,No
Louisiana,Monday,1,No
Louisiana,Monday,1,Yes
Louisiana,Monday,1,No
Louisiana,Tuesday,1,No
Louisiana,Thursday,1,No
Louisiana,Friday,1,No
Louisiana,Saturday,1,No
Louisiana,Saturday,1,Yes
Louisiana,Sunday,1,No
Louisiana,Sunday,1,No
Louisiana,Monday,1,No
Louisiana,Saturday,1,No
Louisiana,Thursday,1,No
Louisiana,Thursday,1,No
Louisiana,Sunday,1,Yes
Louisiana,Sunday,2,Yes
Louisiana,Monday,1,No
Louisiana,Tuesday,1,No
Louisiana,Sunday,2,Yes
Louisiana,Monday,1,No
Louisiana,Tuesday,1,No
Louisiana,Friday,1,No
Louisiana,Saturday,1,No
Louisiana,Saturday,2,No
Louisiana,Tuesday,1,Yes
Louisiana,Sunday,1,Yes
Louisiana,Tuesday,1,No
Louisiana,Tuesday,1,No
Louisiana,Thursday,1,No
Louisiana,Friday,1,No
Louisiana,Saturday,1,Yes
Louisiana,Monday,1,Yes
Louisiana,Thursday,1,No
Louisiana,Monday,1,No
Louisiana,Wednesday,2,No
Louisiana,Friday,1,No
Louisiana,Sunday,2,Yes
Louisiana,Friday,1,No
Louisiana,Sunday,1,Yes
Louisiana,Tuesday,1,No
Louisiana,Monday,1,Yes
Louisiana,Thursday,1,No
Louisiana,Saturday,1,No
Louisiana,Tuesday,1,No
Louisiana,Saturday,1,No
Louisiana,Saturday,1,No
Louisiana,Monday,1,No
Louisiana,Monday,1,No
Louisiana,Monday,1,No
Louisiana,Friday,1,No
Louisiana,Friday,1,No
Louisiana,Friday,1,No
Louisiana,Friday,1,No
Louisiana,Monday,1,No
Louisiana,Sunday,1,No
Louisiana,Monday,1,No
Louisiana,Monday,1,No
Louisiana,Wednesday,1,No
Louisiana,Saturday,1,No
Louisiana,Thursday,2,No
Louisiana,Thursday,1,No
Louisiana,Saturday,1,Yes
Louisiana,Friday,1,No
Louisiana,Saturday,1,No
Louisiana,Wednesday,1,No
Louisiana,Sunday,1,Yes
Louisiana,Sunday,1,No
Louisiana,Tuesday,1,Yes
Louisiana,Saturday,2,No
Louisiana,Sunday,1,No
Louisiana,Friday,2,Yes
Louisiana,Sunday,2,Yes
Louisiana,Tuesday,1,Yes
Louisiana,Tuesday,1,No
Louisiana,Thursday,1,Yes
Louisiana,Wednesday,1,Yes
Louisiana,Thursday,1,No
Louisiana,Sunday,1,Yes
Louisiana,Monday,1,Yes
Louisiana,Tuesday,1,No
Louisiana,Tuesday,1,Yes
Louisiana,Saturday,1,No
Louisiana,Friday,1,No
Louisiana,Friday,1,No
Louisiana,Sunday,1,Yes
Louisiana,Tuesday,1,No
Louisiana,Saturday,1,No
Louisiana,Thursday,1,No
Louisiana,Friday,1,No
Louisiana,Thursday,1,Yes
Louisiana,Saturday,1,No
Louisiana,Wednesday,1,No
Louisiana,Saturday,1,No
Louisiana,Thursday,1,No
Louisiana,Thursday,1,No
Louisiana,Friday,1,Yes
Louisiana,Saturday,1,Yes
Louisiana,Monday,1,No
Louisiana,Monday,1,Yes
Louisiana,Thursday,1,No
Louisiana,Friday,1,No
Louisiana,Friday,1,No
Louisiana,Saturday,1,Yes
Louisiana,Monday,2,Yes
Louisiana,Wednesday,1,No
Louisiana,Thursday,1,No
Louisiana,Sunday,1,No
Louisiana,Saturday,1,Yes
Louisiana,Friday,1,No
Louisiana,Friday,1,Yes
Louisiana,Saturday,1,Yes
Louisiana,Monday,1,No
Louisiana,Monday,1,Yes
Louisiana,Tuesday,1,No
Louisiana,Thursday,1,No
Louisiana,Friday,1,No
Louisiana,Saturday,1,No
Louisiana,Saturday,1,No
Louisiana,Tuesday,1,No
Louisiana,Tuesday,1,Yes
Louisiana,Wednesday,1,No
Louisiana,Friday,1,No
Louisiana,Monday,1,No
Louisiana,Tuesday,1,Yes
Louisiana,Thursday,1,No
Louisiana,Tuesday,1,No
Louisiana,Sunday,1,No
Louisiana,Sunday,1,No
Louisiana,Sunday,1,Yes
Louisiana,Sunday,1,No
Louisiana,Sunday,1,Yes
Louisiana,Monday,1,No
Louisiana,Monday,1,No
Louisiana,Thursday,1,Yes
Louisiana,Saturday,1,No
Louisiana,Monday,1,Yes
Louisiana,Monday,1,No
Louisiana,Monday,1,No
Louisiana,Wednesday,1,No
Louisiana,Thursday,1,Yes
Louisiana,Thursday,1,No
Louisiana,Saturday,1,No
Louisiana,Tuesday,1,No
Louisiana,Sunday,1,No
Louisiana,Sunday,1,Yes
Louisiana,Monday,1,No
Louisiana,Wednesday,1,No
Louisiana,Wednesday,1,Yes
Louisiana,Friday,1,No
Louisiana,Sunday,1,No
Louisiana,Saturday,1,No
Louisiana,Sunday,1,No
Louisiana,Monday,1,No
Louisiana,Wednesday,1,No
Louisiana,Sunday,1,Yes
Louisiana,Sunday,1,Yes
Louisiana,Monday,1,No
Louisiana,Tuesday,1,No
Louisiana,Wednesday,1,Yes
Louisiana,Wednesday,1,No
Louisiana,Sunday,1,Yes
Louisiana,Sunday,1,Yes
Louisiana,Saturday,1,Yes
Louisiana,Sunday,1,No
Louisiana,Sunday,1,No
Louisiana,Sunday,1,Yes
Louisiana,Friday,3,No
Louisiana,Sunday,1,No
Louisiana,Sunday,1,No
Louisiana,Monday,2,No
Louisiana,Thursday,1,No
Louisiana,Tuesday,1,Yes
Louisiana,Friday,1,Yes
Louisiana,Saturday,1,No
Louisiana,Saturday,1,No
Louisiana,Saturday,1,No
Louisiana,Monday,1,No
Louisiana,Wednesday,1,No
Louisiana,Saturday,1,Yes
Louisiana,Monday,1,No
Louisiana,Saturday,1,Yes
Louisiana,Sunday,1,Yes
Louisiana,Sunday,1,Yes
Louisiana,Thursday,1,Yes
Louisiana,Friday,1,Yes
Louisiana,Tuesday,1,No
Louisiana,Thursday,1,No
Louisiana,Saturday,1,Yes
Louisiana,Monday,2,No
Louisiana,Wednesday,1,No
Louisiana,Saturday,1,No
Louisiana,Monday,1,No
Louisiana,Wednesday,1,No
Louisiana,Thursday,1,Yes
Louisiana,Friday,1,Yes
Louisiana,Saturday,1,Yes
Louisiana,Monday,1,No
Louisiana,Thursday,2,No
Louisiana,Saturday,1,No
Louisiana,Thursday,1,No
Louisiana,Monday,1,No
Louisiana,Monday,1,No
Louisiana,Thursday,1,No
Louisiana,Sunday,1,Yes
Louisiana,Sunday,1,Yes
Louisiana,Friday,1,Yes
Louisiana,Wednesday,1,No
Louisiana,Thursday,1,No
Louisiana,Sunday,1,No
Louisiana,Sunday,1,Yes
Louisiana,Thursday,1,No
Louisiana,Sunday,2,Yes
Louisiana,Monday,2,No
Louisiana,Tuesday,1,No
Louisiana,Monday,1,No
Louisiana,Thursday,1,No
Louisiana,Saturday,1,Yes
Louisiana,Monday,1,No
Louisiana,Friday,1,Yes
Louisiana,Monday,1,No
Louisiana,Saturday,4,No
Louisiana,Wednesday,1,No
Louisiana,Thursday,1,Yes
Louisiana,Tuesday,1,No
Louisiana,Wednesday,1,Yes
Louisiana,Tuesday,1,No
Louisiana,Sunday,1,Yes
Louisiana,Tuesday,1,No
Louisiana,Saturday,1,Yes
Louisiana,Friday,1,No
Louisiana,Monday,1,No
Louisiana,Tuesday,1,No
Louisiana,Thursday,2,Yes
Louisiana,Sunday,1,No
Louisiana,Monday,1,Yes
Louisiana,Friday,1,Yes
Louisiana,Thursday,1,No
Louisiana,Sunday,1,Yes
Louisiana,Monday,1,No
Louisiana,Monday,1,No
Louisiana,Monday,1,No
Louisiana,Saturday,1,No
Louisiana,Tuesday,1,Yes
Louisiana,Wednesday,1,Yes
Louisiana,Saturday,1,Yes
Louisiana,Saturday,1,Yes
Louisiana,Tuesday,1,No
Louisiana,Tuesday,1,No
Louisiana,Sunday,1,No
Louisiana,Friday,1,No
Louisiana,Wednesday,1,No
Louisiana,Sunday,1,No
Louisiana,Sunday,1,No
Louisiana,Monday,1,No
Louisiana,Wednesday,2,No
Louisiana,Sunday,1,No
Louisiana,Friday,1,No
Louisiana,Friday,1,Yes
Louisiana,Saturday,1,No
Louisiana,Friday,1,No
Louisiana,Thursday,1,Yes
Louisiana,Thursday,1,No
Louisiana,Sunday,1,Yes
Louisiana,Thursday,1,No
Louisiana,Monday,1,No
Louisiana,Tuesday,1,No
Louisiana,Saturday,1,No
Louisiana,Monday,1,Yes
Louisiana,Saturday,1,No
Louisiana,Tuesday,1,No
Louisiana,Wednesday,1,No
Louisiana,Friday,1,No
Louisiana,Monday,1,No
Louisiana,Thursday,1,No
Louisiana,Monday,1,Yes
Louisiana,Thursday,1,No
Louisiana,Friday,1,No
Louisiana,Monday,1,No
Louisiana,Friday,1,Yes
Louisiana,Tuesday,1,No
Louisiana,Wednesday,1,No
Louisiana,Saturday,1,Yes
Louisiana,Wednesday,1,Yes
Louisiana,Saturday,1,Yes
Louisiana,Thursday,1,No
Louisiana,Friday,1,No
Louisiana,Friday,1,No
Louisiana,Wednesday,1,No
Louisiana,Thursday,1,No
Louisiana,Friday,1,No
Louisiana,Sunday,1,Yes
Louisiana,Thursday,1,No
Louisiana,Friday,1,No
Louisiana,Tuesday,1,No
Louisiana,Saturday,1,Yes
Louisiana,Sunday,1,No
Louisiana,Sunday,1,No
Louisiana,Saturday,1,Yes
Louisiana,Monday,1,Yes
Louisiana,Saturday,1,Yes
Louisiana,Tuesday,1,No
Louisiana,Friday,1,No
Louisiana,Thursday,1,Yes
Louisiana,Sunday,1,Yes
Louisiana,Sunday,1,No
Louisiana,Wednesday,1,No
Louisiana,Wednesday,2,Yes
Louisiana,Friday,1,No
Louisiana,Thursday,1,No
Louisiana,Tuesday,1,No
Louisiana,Friday,1,No
Louisiana,Thursday,1,No
Louisiana,Friday,2,No
Louisiana,Wednesday,1,No
Louisiana,Thursday,1,No
Louisiana,Friday,1,Yes
Louisiana,Wednesday,1,No
Louisiana,Friday,1,No
Louisiana,Sunday,1,No
Louisiana,Sunday,1,No
Louisiana,Tuesday,1,Yes
Louisiana,Wednesday,1,No
Louisiana,Thursday,1,No
Louisiana,Sunday,2,Yes
Louisiana,Monday,1,No
Louisiana,Saturday,1,No
Louisiana,Sunday,1,Yes
Louisiana,Wednesday,1,Yes
Louisiana,Friday,1,No
Louisiana,Friday,1,No
Louisiana,Thursday,1,No
Louisiana,Saturday,1,No
Louisiana,Sunday,2,Yes
Louisiana,Tuesday,1,No
Louisiana,Sunday,1,Yes
Louisiana,Saturday,1,Yes
Louisiana,Friday,1,No
Louisiana,Saturday,1,Yes
Louisiana,Sunday,1,Yes
Louisiana,Friday,1,Yes
Louisiana,Sunday,1,Yes
Louisiana,Sunday,1,No
Louisiana,Friday,1,Yes
Louisiana,Sunday,1,No
Louisiana,Thursday,1,No
Louisiana,Monday,1,No
Louisiana,Friday,1,No
Louisiana,Saturday,1,Yes
Louisiana,Sunday,1,No
Louisiana,Saturday,1,Yes
Louisiana,Sunday,1,No
Louisiana,Sunday,2,Yes
Louisiana,Wednesday,1,Yes
Louisiana,Saturday,1,No
Louisiana,Friday,1,No
Louisiana,Sunday,1,Yes
Louisiana,Friday,1,No
Louisiana,Saturday,1,Yes
Louisiana,Wednesday,1,No
Louisiana,Monday,2,Yes
Louisiana,Tuesday,2,Yes
Louisiana,Tuesday,1,Yes
Louisiana,Tuesday,1,No
Louisiana,Thursday,1,Yes
Louisiana,Thursday,1,No
Louisiana,Tuesday,1,Yes
Louisiana,Sunday,1,No
Louisiana,Saturday,1,No
Louisiana,Tuesday,1,No
Louisiana,Wednesday,1,No
Louisiana,Wednesday,1,No
Louisiana,Thursday,1,No
Louisiana,Saturday,1,Yes
Louisiana,Tuesday,3,No
Louisiana,Wednesday,1,No
Louisiana,Wednesday,1,No
Louisiana,Saturday,1,No
Louisiana,Wednesday,1,No
Louisiana,Sunday,1,No
Louisiana,Thursday,1,Yes
Louisiana,Saturday,1,No
Louisiana,Wednesday,1,No
Louisiana,Friday,2,No
Louisiana,Saturday,1,No
Louisiana,Thursday,1,No
Louisiana,Friday,1,No
Louisiana,Friday,1,No
Louisiana,Sunday,1,Yes
Louisiana,Thursday,1,No
Louisiana,Friday,1,No
Louisiana,Monday,1,No
Louisiana,Wednesday,1,Yes
Louisiana,Tuesday,1,Yes
Louisiana,Thursday,1,No
Louisiana,Saturday,1,No
Louisiana,Monday,1,No
Louisiana,Sunday,1,No
Louisiana,Tuesday,1,No
Louisiana,Tuesday,1,No
Louisiana,Saturday,1,No
Louisiana,Saturday,1,No
Louisiana,Tuesday,2,No
Louisiana,Friday,1,No
Louisiana,Sunday,1,Yes
Louisiana,Monday,1,No
Louisiana,Sunday,1,Yes
Louisiana,Wednesday,2,Yes
Louisiana,Thursday,1,Yes
Louisiana,Thursday,1,No
Louisiana,Thursday,1,No
Louisiana,Tuesday,1,Yes
Louisiana,Saturday,1,Yes
Louisiana,Wednesday,1,Yes
Louisiana,Friday,2,Yes
Louisiana,Wednesday,2,No
Louisiana,Saturday,1,No
Louisiana,Sunday,1,Yes
Louisiana,Friday,1,No
Louisiana,Wednesday,1,Yes
Louisiana,Tuesday,1,Yes
Louisiana,Thursday,1,No
Louisiana,Saturday,1,No
Louisiana,Thursday,1,No
Louisiana,Thursday,1,No
Louisiana,Sunday,1,No
Louisiana,Sunday,1,No
Louisiana,Saturday,1,No
Louisiana,Saturday,1,No
Louisiana,Monday,1,No
Louisiana,Monday,2,No
Louisiana,Thursday,1,No
Louisiana,Tuesday,1,No
Louisiana,Tuesday,1,No
Louisiana,Saturday,1,No
Louisiana,Friday,1,Yes
Louisiana,Friday,1,No
Louisiana,Saturday,1,No
Louisiana,Sunday,1,No
Louisiana,Monday,1,Yes
Louisiana,Sunday,1,No
Louisiana,Thursday,1,No
Louisiana,Friday,1,No
Louisiana,Thursday,1,No
Louisiana,Tuesday,1,No
Louisiana,Saturday,1,No
Louisiana,Wednesday,2,No
Louisiana,Saturday,1,No
Louisiana,Saturday,1,No
Louisiana,Tuesday,1,Yes
Louisiana,Thursday,1,No
Louisiana,Wednesday,1,No
Louisiana,Monday,1,Yes
Louisiana,Tuesday,1,No
Louisiana,Friday,1,No
Louisiana,Friday,1,No
Louisiana,Sunday,1,Yes
Louisiana,Wednesday,1,No
Louisiana,Saturday,1,Yes
Louisiana,Monday,1,No
Louisiana,Tuesday,1,No
Louisiana,Wednesday,1,No
Louisiana,Wednesday,1,Yes
Louisiana,Friday,1,No
Louisiana,Monday,1,No
Louisiana,Wednesday,1,No
Louisiana,Saturday,1,No
Louisiana,Wednesday,1,No
Louisiana,Saturday,1,Yes
Louisiana,Thursday,1,No
Louisiana,Friday,1,No
Louisiana,Saturday,1,Yes
Louisiana,Saturday,1,No
Louisiana,Thursday,2,No
Louisiana,Monday,1,Yes
Louisiana,Saturday,2,Yes
Louisiana,Tuesday,1,No
Louisiana,Wednesday,1,No
Louisiana,Saturday,1,No
Louisiana,Friday,1,No
Louisiana,Saturday,1,Yes
Louisiana,Sunday,1,No
Louisiana,Wednesday,1,No
Louisiana,Tuesday,1,No
Louisiana,Saturday,1,No
Louisiana,Thursday,1,Yes
Louisiana,Friday,1,Yes
Louisiana,Tuesday,1,No
Louisiana,Saturday,1,No
Louisiana,Thursday,1,No
Louisiana,Wednesday,1,No
Louisiana,Saturday,1,Yes
Louisiana,Saturday,1,Yes
Louisiana,Sunday,1,Yes
Louisiana,Friday,1,Yes
Louisiana,Saturday,1,Yes
Louisiana,Friday,2,No
Louisiana,Monday,1,No
Louisiana,Monday,2,No
Louisiana,Sunday,1,Yes
Louisiana,Thursday,1,No
Louisiana,Sunday,1,Yes
Louisiana,Monday,1,No
Louisiana,Saturday,1,Yes
Louisiana,Monday,1,No
Louisiana,Wednesday,1,No
Louisiana,Saturday,1,No
Louisiana,Thursday,1,Yes
Louisiana,Wednesday,1,No
Louisiana,Wednesday,1,No
Louisiana,Wednesday,1,No
Louisiana,Tuesday,1,No
Louisiana,Saturday,1,No
Louisiana,Tuesday,1,Yes
Louisiana,Sunday,1,No
Louisiana,Thursday,1,Yes
Louisiana,Friday,1,No
Louisiana,Monday,1,No
Louisiana,Wednesday,1,No
Louisiana,Friday,1,Yes
Louisiana,Thursday,1,No
Louisiana,Sunday,1,No
Louisiana,Tuesday,1,No
Louisiana,Friday,1,No
Louisiana,Wednesday,1,Yes
Louisiana,Monday,1,No
Louisiana,Friday,1,Yes
Louisiana,Monday,1,Yes
Louisiana,Sunday,1,Yes
Louisiana,Saturday,1,Yes
Louisiana,Sunday,1,No
Louisiana,Friday,1,No
Louisiana,Friday,1,No
Louisiana,Sunday,1,No
Louisiana,Tuesday,1,No
Louisiana,Thursday,1,No
Louisiana,Thursday,1,No
Louisiana,Sunday,1,No
Louisiana,Thursday,1,No
Louisiana,Saturday,1,No
Louisiana,Saturday,1,Yes
Louisiana,Tuesday,1,Yes
Louisiana,Friday,1,Yes
Louisiana,Friday,2,No
Louisiana,Saturday,1,No
Louisiana,Wednesday,1,No
Louisiana,Wednesday,1,No
Louisiana,Saturday,1,No
Louisiana,Saturday,1,No
Louisiana,Friday,1,No
Louisiana,Friday,1,No
Louisiana,Monday,1,No
Louisiana,Saturday,1,No
Louisiana,Thursday,1,Yes
Louisiana,Saturday,1,Yes
Louisiana,Saturday,1,No
Louisiana,Tuesday,3,No
Louisiana,Saturday,1,No
Louisiana,Sunday,1,Yes
Louisiana,Saturday,1,No
Louisiana,Sunday,1,No
Louisiana,Saturday,1,No
Louisiana,Monday,1,No
Louisiana,Saturday,1,Yes
Louisiana,Sunday,1,Yes
Louisiana,Monday,1,No
Louisiana,Thursday,1,No
Louisiana,Thursday,1,No
Louisiana,Friday,1,No
Louisiana,Tuesday,1,No
Louisiana,Sunday,1,No
Louisiana,Sunday,1,No
Louisiana,Wednesday,1,No
Louisiana,Monday,1,No
Louisiana,Tuesday,1,No
Louisiana,Friday,1,No
Louisiana,Tuesday,1,No
Louisiana,Thursday,1,No
Louisiana,Saturday,1,Yes
Louisiana,Friday,1,Yes
Louisiana,Saturday,1,No
Louisiana,Tuesday,1,No
Louisiana,Sunday,1,Yes
Louisiana,Saturday,1,No
Louisiana,Sunday,1,No
Louisiana,Friday,1,No
Louisiana,Saturday,1,No
Louisiana,Sunday,1,Yes
Louisiana,Monday,3,No
Louisiana,Tuesday,1,Yes
Louisiana,Saturday,1,No
Louisiana,Monday,1,Yes
Louisiana,Thursday,1,No
Louisiana,Friday,1,No
Louisiana,Friday,1,Yes
Louisiana,Friday,1,No
Louisiana,Sunday,1,No
Louisiana,Saturday,1,No
Louisiana,Tuesday,1,No
Louisiana,Saturday,1,No
Louisiana,Thursday,1,No
Louisiana,Sunday,1,No
Louisiana,Tuesday,1,No
Louisiana,Friday,1,No
Louisiana,Thursday,1,Yes
Louisiana,Saturday,2,Yes
Louisiana,Saturday,1,Yes
Louisiana,Monday,1,No
Louisiana,Saturday,1,No
Louisiana,Wednesday,1,No
Louisiana,Tuesday,1,No
Louisiana,Thursday,1,No
Louisiana,Sunday,1,No
Louisiana,Friday,1,No
Louisiana,Thursday,1,Yes
Louisiana,Friday,1,Yes
Louisiana,Tuesday,1,No
Louisiana,Friday,1,No
Louisiana,Thursday,1,No
Louisiana,Monday,1,Yes
Louisiana,Monday,1,No
Louisiana,Wednesday,1,No
Louisiana,Monday,1,No
Louisiana,Saturday,1,Yes
Louisiana,Wednesday,1,No
Louisiana,Thursday,1,Yes
Louisiana,Thursday,1,No
Louisiana,Friday,1,No
Louisiana,Sunday,1,No
Louisiana,Friday,1,No
Louisiana,Friday,1,No
Louisiana,Thursday,1,No
Louisiana,Saturday,1,No
Louisiana,Saturday,1,No
Louisiana,Thursday,1,No
Louisiana,Thursday,1,No
Louisiana,Monday,1,No
Louisiana,Monday,1,No
Louisiana,Tuesday,1,No
Louisiana,Thursday,1,No
Louisiana,Saturday,1,Yes
Louisiana,Thursday,1,No
Louisiana,Wednesday,1,Yes
Louisiana,Saturday,1,Yes
Louisiana,Monday,1,No
Louisiana,Friday,1,No
Louisiana,Tuesday,1,No
Louisiana,Monday,1,Yes
Louisiana,Sunday,1,No
Louisiana,Thursday,1,No
Louisiana,Friday,1,Yes
Louisiana,Tuesday,1,No
Louisiana,Wednesday,1,Yes
Louisiana,Sunday,1,Yes
Louisiana,Monday,2,Yes
Louisiana,Tuesday,1,No
Louisiana,Sunday,1,No
Louisiana,Sunday,1,Yes
Louisiana,Friday,1,No
Louisiana,Sunday,2,No
Louisiana,Wednesday,1,No
Louisiana,Monday,1,No
Louisiana,Sunday,1,Yes
Louisiana,Monday,1,No
Louisiana,Wednesday,1,No
Louisiana,Sunday,1,No
Louisiana,Saturday,1,No
Louisiana,Wednesday,1,No
Louisiana,Tuesday,1,No
Louisiana,Tuesday,1,No
Louisiana,Friday,1,No
Louisiana,Saturday,1,Yes
Louisiana,Friday,1,No
Louisiana,Thursday,1,No
Louisiana,Friday,1,Yes
Louisiana,Thursday,1,No
Louisiana,Sunday,1,No
Louisiana,Saturday,1,No
Louisiana,Saturday,1,No
Louisiana,Thursday,1,No
Louisiana,Thursday,1,Yes
Louisiana,Saturday,1,No
Louisiana,Tuesday,1,Yes
Louisiana,Monday,1,No
Louisiana,Saturday,1,No
Maine,Sunday,1,No
Maine,Wednesday,1,No
Maine,Saturday,1,No
Maine,Wednesday,1,No
Maine,Sunday,1,Yes
Maine,Monday,1,No
Maine,Tuesday,1,No
Maine,Thursday,1,No
Maine,Monday,1,No
Maine,Saturday,1,No
Maine,Thursday,1,No
Maine,Sunday,1,Yes
Maine,Monday,1,No
Maine,Monday,1,No
Maine,Monday,1,No
Maine,Sunday,1,Yes
Maine,Saturday,1,No
Maine,Thursday,1,No
Maine,Tuesday,1,No
Maine,Wednesday,1,No
Maine,Friday,1,Yes
Maine,Friday,1,No
Maine,Friday,1,No
Maine,Friday,1,No
Maine,Tuesday,1,No
Maine,Saturday,1,No
Maine,Friday,1,No
Maine,Saturday,1,No
Maine,Sunday,1,No
Maine,Sunday,1,Yes
Maine,Sunday,1,No
Maine,Sunday,1,Yes
Maine,Sunday,1,Yes
Maine,Sunday,1,No
Maine,Thursday,1,Yes
Maine,Friday,1,Yes
Maine,Saturday,1,No
Maine,Thursday,1,Yes
Maine,Saturday,1,Yes
Maine,Tuesday,2,No
Maine,Saturday,1,Yes
Maine,Friday,1,No
Maine,Saturday,1,No
Maine,Saturday,4,No
Maine,Sunday,1,No
Maine,Monday,1,Yes
Maine,Monday,1,No
Maine,Friday,1,No
Maine,Friday,1,Yes
Maine,Sunday,2,Yes
Maine,Saturday,1,Yes
Maine,Tuesday,1,No
Maine,Sunday,1,No
Maine,Tuesday,1,Yes
Maine,Thursday,1,No
Maine,Saturday,1,No
Maine,Sunday,1,Yes
Maine,Wednesday,1,No
Maine,Saturday,1,Yes
Maine,Saturday,1,No
Maine,Saturday,1,No
Maine,Sunday,1,Yes
Maine,Monday,1,No
Maine,Friday,1,Yes
Maine,Monday,1,No
Maine,Thursday,1,No
Maine,Saturday,1,No
Maine,Sunday,1,No
Maine,Wednesday,1,Yes
Maine,Friday,1,Yes
Maine,Saturday,1,Yes
Maine,Wednesday,1,No
Maine,Tuesday,1,No
Maine,Saturday,1,Yes
Maine,Tuesday,1,No
Maine,Sunday,1,No
Maine,Monday,1,Yes
Maine,Sunday,1,No
Maine,Thursday,1,No
Maine,Friday,1,No
Maine,Saturday,1,Yes
Maine,Monday,1,No
Maine,Tuesday,1,No
Maine,Wednesday,1,No
Maine,Thursday,1,Yes
Maine,Tuesday,1,No
Maine,Sunday,1,No
Maine,Monday,1,Yes
Maine,Wednesday,1,No
Maine,Tuesday,1,Yes
Maine,Thursday,1,No
Maine,Saturday,1,Yes
Maine,Saturday,1,No
Maine,Sunday,1,Yes
Maine,Monday,1,No
Maine,Wednesday,1,Yes
Maine,Thursday,1,Yes
Maine,Friday,1,No
Maine,Friday,1,No
Maine,Sunday,1,Yes
Maine,Tuesday,1,No
Maine,Tuesday,1,No
Maine,Wednesday,1,Yes
Maine,Thursday,1,No
Maine,Wednesday,1,Yes
Maine,Wednesday,1,No
Maine,Wednesday,1,Yes
Maine,Wednesday,1,No
Maine,Friday,1,No
Maine,Wednesday,1,No
Maine,Monday,1,Yes
Maine,Tuesday,1,No
Maine,Sunday,1,No
Maine,Tuesday,1,No
Maine,Tuesday,2,No
Maine,Wednesday,2,No
Maine,Monday,1,No
Maine,Wednesday,1,No
Maine,Monday,1,No
Maine,Thursday,1,No
Maine,Tuesday,1,Yes
Maine,Friday,1,Yes
Maine,Saturday,1,No
Maine,Friday,1,No
Maine,Monday,1,No
Maine,Tuesday,2,No
Maine,Tuesday,2,No
Maine,Thursday,1,No
Maryland,Monday,1,No
Maryland,Sunday,1,Yes
Maryland,Wednesday,1,No
Maryland,Tuesday,1,Yes
Maryland,Tuesday,1,Yes
Maryland,Tuesday,1,No
Maryland,Wednesday,1,Yes
Maryland,Wednesday,1,Yes
Maryland,Sunday,1,Yes
Maryland,Saturday,1,Yes
Maryland,Thursday,1,No
Maryland,Monday,1,No
Maryland,Friday,1,No
Maryland,Sunday,1,Yes
Maryland,Saturday,1,No
Maryland,Sunday,1,Yes
Maryland,Friday,1,Yes
Maryland,Thursday,1,Yes
Maryland,Sunday,2,Yes
Maryland,Wednesday,1,No
Maryland,Tuesday,1,No
Maryland,Wednesday,1,No
Maryland,Monday,1,No
Maryland,Wednesday,1,No
Maryland,Thursday,1,No
Maryland,Tuesday,1,No
Maryland,Monday,1,No
Maryland,Thursday,1,Yes
Maryland,Tuesday,1,No
Maryland,Tuesday,1,Yes
Maryland,Thursday,1,No
Maryland,Sunday,1,No
Maryland,Thursday,1,No
Maryland,Sunday,1,No
Maryland,Wednesday,1,No
Maryland,Tuesday,1,No
Maryland,Friday,1,Yes
Maryland,Monday,1,No
Maryland,Tuesday,1,Yes
Maryland,Saturday,1,No
Maryland,Thursday,1,Yes
Maryland,Friday,1,No
Maryland,Thursday,1,No
Maryland,Monday,1,No
Maryland,Wednesday,1,No
Maryland,Thursday,1,No
Maryland,Thursday,1,No
Maryland,Thursday,1,Yes
Maryland,Tuesday,1,No
Maryland,Tuesday,1,No
Maryland,Sunday,1,No
Maryland,Wednesday,1,Yes
Maryland,Monday,1,No
Maryland,Thursday,1,No
Maryland,Tuesday,1,Yes
Maryland,Saturday,1,No
Maryland,Monday,2,No
Maryland,Wednesday,1,No
Maryland,Monday,1,No
Maryland,Tuesday,1,Yes
Maryland,Tuesday,1,No
Maryland,Sunday,1,No
Maryland,Saturday,1,No
Maryland,Wednesday,1,No
Maryland,Saturday,1,No
Maryland,Wednesday,1,No
Maryland,Thursday,1,No
Maryland,Friday,1,No
Maryland,Monday,1,No
Maryland,Thursday,1,No
Maryland,Wednesday,1,No
Maryland,Saturday,1,No
Maryland,Saturday,1,No
Maryland,Tuesday,1,Yes
Maryland,Friday,2,No
Maryland,Monday,1,No
Maryland,Thursday,2,No
Maryland,Sunday,1,No
Maryland,Thursday,1,No
Maryland,Sunday,1,No
Maryland,Monday,1,No
Maryland,Monday,1,No
Maryland,Friday,1,No
Maryland,Tuesday,1,No
Maryland,Saturday,1,Yes
Maryland,Friday,1,No
Maryland,Thursday,1,No
Maryland,Friday,1,Yes
Maryland,Monday,1,No
Maryland,Saturday,1,No
Maryland,Monday,1,Yes
Maryland,Saturday,1,Yes
Maryland,Friday,1,Yes
Maryland,Wednesday,1,No
Maryland,Wednesday,1,No
Maryland,Sunday,1,No
Maryland,Thursday,1,No
Maryland,Saturday,1,No
Maryland,Saturday,1,Yes
Maryland,Sunday,1,No
Maryland,Monday,1,Yes
Maryland,Thursday,1,No
Maryland,Sunday,2,Yes
Maryland,Sunday,1,No
Maryland,Tuesday,1,No
Maryland,Saturday,1,No
Maryland,Saturday,1,No
Maryland,Sunday,1,Yes
Maryland,Tuesday,1,No
Maryland,Sunday,1,Yes
Maryland,Thursday,1,No
Maryland,Sunday,1,Yes
Maryland,Sunday,1,No
Maryland,Monday,1,No
Maryland,Monday,1,Yes
Maryland,Monday,1,Yes
Maryland,Tuesday,1,No
Maryland,Monday,1,No
Maryland,Wednesday,1,No
Maryland,Sunday,1,Yes
Maryland,Wednesday,1,No
Maryland,Monday,1,No
Maryland,Friday,1,No
Maryland,Saturday,1,No
Maryland,Saturday,1,No
Maryland,Sunday,1,Yes
Maryland,Thursday,1,No
Maryland,Monday,1,No
Maryland,Friday,1,No
Maryland,Sunday,1,No
Maryland,Friday,1,Yes
Maryland,Monday,1,No
Maryland,Wednesday,1,No
Maryland,Friday,1,No
Maryland,Saturday,1,No
Maryland,Friday,1,Yes
Maryland,Thursday,1,No
Maryland,Sunday,1,No
Maryland,Monday,1,No
Maryland,Tuesday,1,No
Maryland,Monday,1,Yes
Maryland,Tuesday,3,Yes
Maryland,Thursday,1,No
Maryland,Sunday,1,No
Maryland,Friday,1,No
Maryland,Thursday,1,No
Maryland,Friday,1,No
Maryland,Saturday,1,No
Maryland,Sunday,1,No
Maryland,Tuesday,1,No
Maryland,Saturday,1,Yes
Maryland,Monday,1,No
Maryland,Saturday,1,No
Maryland,Friday,1,No
Maryland,Friday,2,Yes
Maryland,Tuesday,1,No
Maryland,Thursday,1,No
Maryland,Wednesday,1,No
Maryland,Sunday,1,Yes
Maryland,Saturday,1,No
Maryland,Thursday,1,No
Maryland,Monday,1,No
Maryland,Monday,1,No
Maryland,Saturday,1,No
Maryland,Saturday,1,Yes
Maryland,Sunday,1,No
Maryland,Monday,1,No
Maryland,Thursday,1,No
Maryland,Thursday,1,No
Maryland,Thursday,1,Yes
Maryland,Sunday,1,No
Maryland,Wednesday,1,No
Maryland,Saturday,1,Yes
Maryland,Tuesday,1,No
Maryland,Sunday,1,Yes
Maryland,Saturday,2,No
Maryland,Monday,1,No
Maryland,Sunday,1,No
Maryland,Sunday,1,No
Maryland,Tuesday,1,No
Maryland,Sunday,1,Yes
Maryland,Saturday,1,No
Maryland,Friday,1,Yes
Maryland,Sunday,2,Yes
Maryland,Sunday,1,No
Maryland,Monday,1,No
Maryland,Saturday,1,No
Maryland,Wednesday,1,No
Maryland,Saturday,1,Yes
Maryland,Sunday,1,No
Maryland,Tuesday,1,No
Maryland,Thursday,1,No
Maryland,Tuesday,1,No
Maryland,Tuesday,1,No
Maryland,Friday,1,Yes
Maryland,Wednesday,1,No
Maryland,Thursday,1,No
Maryland,Monday,1,No
Maryland,Saturday,1,Yes
Maryland,Friday,1,No
Maryland,Wednesday,1,Yes
Maryland,Tuesday,1,Yes
Maryland,Saturday,1,No
Maryland,Sunday,1,Yes
Maryland,Tuesday,2,No
Maryland,Saturday,1,No
Maryland,Friday,1,No
Maryland,Saturday,1,Yes
Maryland,Monday,1,Yes
Maryland,Wednesday,1,No
Maryland,Sunday,1,No
Maryland,Saturday,1,Yes
Maryland,Wednesday,1,No
Maryland,Thursday,1,No
Maryland,Friday,1,No
Maryland,Thursday,1,No
Maryland,Saturday,1,Yes
Maryland,Monday,1,No
Maryland,Thursday,1,No
Maryland,Sunday,1,Yes
Maryland,Friday,1,No
Maryland,Sunday,1,Yes
Maryland,Monday,1,No
Maryland,Monday,2,Yes
Maryland,Sunday,1,Yes
Maryland,Saturday,1,Yes
Maryland,Wednesday,1,No
Maryland,Sunday,1,No
Maryland,Thursday,1,No
Maryland,Friday,1,Yes
Maryland,Friday,1,No
Maryland,Saturday,1,Yes
Maryland,Monday,1,Yes
Maryland,Sunday,1,Yes
Maryland,Saturday,1,No
Maryland,Wednesday,1,Yes
Maryland,Saturday,1,No
Maryland,Thursday,1,No
Maryland,Sunday,1,No
Maryland,Monday,1,Yes
Maryland,Friday,1,No
Maryland,Monday,1,Yes
Maryland,Saturday,1,Yes
Maryland,Thursday,1,No
Maryland,Wednesday,1,Yes
Maryland,Friday,1,No
Maryland,Wednesday,1,No
Maryland,Thursday,2,Yes
Maryland,Thursday,1,No
Maryland,Monday,1,No
Maryland,Wednesday,1,No
Maryland,Friday,1,No
Maryland,Saturday,2,Yes
Maryland,Friday,1,No
Maryland,Tuesday,1,No
Maryland,Monday,1,No
Maryland,Thursday,1,Yes
Maryland,Friday,1,No
Maryland,Thursday,1,No
Maryland,Saturday,1,No
Maryland,Monday,1,No
Maryland,Wednesday,1,No
Maryland,Thursday,1,No
Maryland,Sunday,1,No
Maryland,Monday,1,No
Maryland,Sunday,1,No
Maryland,Sunday,2,Yes
Maryland,Tuesday,1,No
Maryland,Saturday,1,Yes
Maryland,Wednesday,1,No
Maryland,Wednesday,1,No
Maryland,Wednesday,1,No
Maryland,Saturday,1,No
Maryland,Friday,1,No
Maryland,Friday,2,No
Maryland,Sunday,1,No
Maryland,Thursday,1,Yes
Maryland,Sunday,1,No
Maryland,Friday,1,No
Maryland,Wednesday,1,No
Maryland,Saturday,1,Yes
Maryland,Monday,2,Yes
Maryland,Wednesday,1,Yes
Maryland,Friday,1,No
Maryland,Tuesday,1,No
Maryland,Friday,2,No
Maryland,Thursday,1,No
Maryland,Monday,1,No
Maryland,Sunday,1,Yes
Maryland,Saturday,1,No
Maryland,Wednesday,1,No
Maryland,Sunday,1,Yes
Maryland,Saturday,1,Yes
Maryland,Sunday,1,No
Maryland,Thursday,1,No
Maryland,Monday,1,No
Maryland,Thursday,1,No
Maryland,Saturday,1,No
Maryland,Monday,1,No
Maryland,Sunday,1,Yes
Maryland,Monday,1,No
Maryland,Sunday,1,No
Maryland,Saturday,1,Yes
Maryland,Thursday,1,No
Maryland,Friday,1,Yes
Maryland,Monday,1,No
Maryland,Monday,1,No
Maryland,Friday,1,No
Maryland,Wednesday,1,No
Maryland,Friday,1,No
Maryland,Friday,1,No
Maryland,Tuesday,1,No
Maryland,Wednesday,1,Yes
Maryland,Sunday,1,Yes
Maryland,Tuesday,1,No
Maryland,Monday,1,No
Maryland,Sunday,1,Yes
Maryland,Saturday,1,No
Maryland,Friday,1,No
Maryland,Tuesday,1,No
Maryland,Thursday,1,No
Maryland,Sunday,1,No
Maryland,Tuesday,2,No
Maryland,Thursday,1,No
Maryland,Thursday,1,No
Maryland,Wednesday,1,No
Maryland,Saturday,1,Yes
Maryland,Thursday,1,No
Maryland,Wednesday,1,No
Maryland,Wednesday,1,No
Maryland,Friday,1,No
Maryland,Friday,1,Yes
Maryland,Saturday,1,No
Maryland,Saturday,1,Yes
Maryland,Monday,1,No
Maryland,Saturday,1,No
Maryland,Thursday,2,No
Maryland,Friday,1,No
Maryland,Sunday,1,Yes
Maryland,Sunday,1,No
Maryland,Tuesday,1,No
Maryland,Sunday,1,Yes
Maryland,Sunday,1,No
Maryland,Sunday,1,Yes
Maryland,Tuesday,1,No
Maryland,Monday,1,No
Maryland,Friday,1,No
Maryland,Friday,1,No
Maryland,Friday,1,No
Maryland,Saturday,1,Yes
Maryland,Thursday,1,No
Maryland,Friday,1,No
Maryland,Thursday,1,No
Maryland,Tuesday,1,No
Maryland,Tuesday,1,No
Maryland,Saturday,1,No
Maryland,Sunday,1,No
Maryland,Tuesday,1,No
Maryland,Monday,1,No
Maryland,Tuesday,1,No
Maryland,Saturday,1,No
Maryland,Sunday,1,Yes
Maryland,Tuesday,1,No
Maryland,Wednesday,1,No
Maryland,Saturday,1,No
Maryland,Thursday,1,No
Maryland,Wednesday,1,No
Maryland,Saturday,2,No
Maryland,Monday,1,No
Maryland,Friday,1,No
Maryland,Tuesday,1,No
Maryland,Wednesday,2,No
Maryland,Wednesday,1,Yes
Maryland,Friday,1,No
Maryland,Tuesday,1,No
Maryland,Wednesday,1,No
Maryland,Wednesday,1,No
Maryland,Tuesday,1,No
Maryland,Tuesday,1,No
Maryland,Thursday,1,No
Maryland,Thursday,1,No
Maryland,Thursday,1,No
Maryland,Sunday,1,No
Maryland,Saturday,1,Yes
Maryland,Wednesday,2,No
Maryland,Tuesday,1,No
Maryland,Tuesday,1,No
Maryland,Thursday,1,Yes
Maryland,Monday,1,Yes
Maryland,Thursday,1,No
Maryland,Tuesday,1,No
Maryland,Monday,1,No
Maryland,Saturday,1,No
Maryland,Tuesday,1,No
Maryland,Sunday,1,No
Maryland,Monday,1,No
Maryland,Monday,1,No
Maryland,Friday,1,No
Maryland,Thursday,1,No
Maryland,Saturday,1,No
Maryland,Tuesday,1,No
Maryland,Saturday,1,Yes
Maryland,Sunday,1,No
Maryland,Friday,1,No
Maryland,Friday,1,No
Maryland,Thursday,1,Yes
Maryland,Wednesday,1,No
Maryland,Saturday,1,No
Maryland,Tuesday,1,No
Maryland,Monday,1,No
Maryland,Saturday,1,No
Maryland,Saturday,1,No
Maryland,Wednesday,1,No
Maryland,Thursday,1,Yes
Maryland,Monday,1,Yes
Maryland,Saturday,1,No
Maryland,Tuesday,1,No
Maryland,Wednesday,1,No
Maryland,Monday,1,No
Maryland,Sunday,1,No
Maryland,Wednesday,1,No
Maryland,Friday,1,No
Maryland,Saturday,1,Yes
Maryland,Wednesday,1,Yes
Maryland,Sunday,1,Yes
Maryland,Tuesday,1,No
Maryland,Wednesday,1,No
Maryland,Saturday,1,No
Maryland,Tuesday,1,No
Maryland,Monday,1,No
Maryland,Tuesday,1,No
Maryland,Sunday,3,Yes
Maryland,Sunday,1,Yes
Maryland,Monday,2,No
Maryland,Monday,1,No
Maryland,Friday,1,No
Maryland,Saturday,1,No
Maryland,Wednesday,1,No
Maryland,Wednesday,1,No
Maryland,Saturday,1,No
Maryland,Thursday,1,No
Maryland,Friday,1,No
Maryland,Wednesday,1,No
Maryland,Wednesday,1,Yes
Maryland,Saturday,1,No
Maryland,Thursday,1,No
Maryland,Friday,1,No
Maryland,Monday,1,Yes
Maryland,Tuesday,1,No
Maryland,Monday,1,No
Maryland,Thursday,1,Yes
Maryland,Sunday,1,No
Maryland,Monday,1,No
Maryland,Sunday,1,No
Maryland,Tuesday,1,No
Maryland,Thursday,1,No
Maryland,Monday,1,No
Maryland,Monday,1,Yes
Maryland,Saturday,1,No
Maryland,Friday,1,No
Maryland,Monday,1,No
Maryland,Saturday,1,No
Maryland,Monday,1,No
Maryland,Sunday,2,No
Maryland,Thursday,1,No
Maryland,Friday,1,No
Maryland,Friday,1,No
Maryland,Tuesday,1,No
Maryland,Tuesday,1,No
Maryland,Saturday,1,No
Maryland,Monday,1,No
Maryland,Saturday,1,No
Maryland,Monday,1,No
Maryland,Saturday,1,No
Massachusetts,Friday,1,Yes
Massachusetts,Thursday,1,No
Massachusetts,Monday,1,Yes
Massachusetts,Friday,1,Yes
Massachusetts,Friday,1,No
Massachusetts,Friday,1,Yes
Massachusetts,Sunday,1,No
Massachusetts,Thursday,1,No
Massachusetts,Monday,1,No
Massachusetts,Saturday,1,Yes
Massachusetts,Friday,1,No
Massachusetts,Monday,1,No
Massachusetts,Thursday,1,Yes
Massachusetts,Wednesday,2,No
Massachusetts,Friday,1,No
Massachusetts,Thursday,1,No
Massachusetts,Sunday,1,No
Massachusetts,Friday,1,No
Massachusetts,Wednesday,1,No
Massachusetts,Monday,1,Yes
Massachusetts,Saturday,1,No
Massachusetts,Wednesday,2,Yes
Massachusetts,Tuesday,1,Yes
Massachusetts,Saturday,1,No
Massachusetts,Monday,1,No
Massachusetts,Thursday,1,Yes
Massachusetts,Monday,1,No
Massachusetts,Thursday,1,No
Massachusetts,Sunday,1,Yes
Massachusetts,Tuesday,1,No
Massachusetts,Friday,1,No
Massachusetts,Wednesday,1,Yes
Massachusetts,Wednesday,1,No
Massachusetts,Saturday,1,No
Massachusetts,Friday,1,No
Massachusetts,Saturday,1,No
Massachusetts,Thursday,1,Yes
Massachusetts,Saturday,1,No
Massachusetts,Thursday,1,No
Massachusetts,Sunday,1,No
Massachusetts,Friday,1,No
Massachusetts,Monday,1,No
Massachusetts,Saturday,1,No
Massachusetts,Friday,1,No
Massachusetts,Tuesday,1,Yes
Massachusetts,Wednesday,1,No
Massachusetts,Saturday,1,No
Massachusetts,Thursday,1,No
Massachusetts,Wednesday,1,No
Massachusetts,Sunday,1,No
Massachusetts,Thursday,1,No
Massachusetts,Friday,1,No
Massachusetts,Monday,1,No
Massachusetts,Friday,1,No
Massachusetts,Monday,1,Yes
Massachusetts,Sunday,1,Yes
Massachusetts,Tuesday,1,No
Massachusetts,Tuesday,1,Yes
Massachusetts,Monday,1,No
Massachusetts,Thursday,1,No
Massachusetts,Wednesday,1,No
Massachusetts,Wednesday,1,Yes
Massachusetts,Monday,1,Yes
Massachusetts,Monday,1,Yes
Massachusetts,Saturday,1,No
Massachusetts,Friday,1,No
Massachusetts,Wednesday,1,No
Massachusetts,Thursday,1,Yes
Massachusetts,Saturday,1,No
Massachusetts,Saturday,1,Yes
Massachusetts,Sunday,1,Yes
Massachusetts,Tuesday,1,No
Massachusetts,Monday,1,No
Massachusetts,Tuesday,1,No
Massachusetts,Saturday,1,Yes
Massachusetts,Saturday,2,No
Massachusetts,Monday,1,No
Massachusetts,Wednesday,1,Yes
Massachusetts,Friday,1,Yes
Massachusetts,Tuesday,1,Yes
Massachusetts,Saturday,1,Yes
Massachusetts,Friday,1,No
Massachusetts,Wednesday,1,No
Massachusetts,Sunday,1,No
Massachusetts,Tuesday,1,Yes
Massachusetts,Sunday,1,Yes
Massachusetts,Sunday,1,Yes
Massachusetts,Saturday,1,No
Massachusetts,Monday,1,Yes
Massachusetts,Friday,1,Yes
Massachusetts,Thursday,1,Yes
Massachusetts,Monday,1,No
Massachusetts,Saturday,1,No
Massachusetts,Thursday,1,No
Massachusetts,Wednesday,1,No
Massachusetts,Friday,1,No
Massachusetts,Sunday,1,No
Massachusetts,Thursday,1,No
Massachusetts,Saturday,1,No
Massachusetts,Saturday,1,No
Massachusetts,Saturday,1,Yes
Massachusetts,Sunday,1,Yes
Massachusetts,Monday,1,No
Massachusetts,Sunday,1,No
Massachusetts,Saturday,4,No
Massachusetts,Sunday,1,Yes
Massachusetts,Monday,1,Yes
Massachusetts,Sunday,1,No
Massachusetts,Sunday,1,Yes
Massachusetts,Thursday,1,No
Massachusetts,Friday,1,No
Massachusetts,Tuesday,2,Yes
Massachusetts,Thursday,1,No
Massachusetts,Thursday,1,No
Massachusetts,Wednesday,1,No
Massachusetts,Tuesday,1,No
Massachusetts,Saturday,1,No
Massachusetts,Wednesday,1,No
Massachusetts,Saturday,1,Yes
Massachusetts,Tuesday,1,Yes
Massachusetts,Friday,1,Yes
Massachusetts,Tuesday,1,Yes
Massachusetts,Sunday,1,No
Massachusetts,Saturday,1,Yes
Massachusetts,Friday,1,Yes
Massachusetts,Sunday,1,No
Massachusetts,Friday,1,Yes
Massachusetts,Thursday,1,No
Massachusetts,Thursday,1,No
Massachusetts,Saturday,1,No
Massachusetts,Saturday,1,No
Massachusetts,Friday,1,Yes
Massachusetts,Saturday,1,No
Massachusetts,Sunday,1,Yes
Massachusetts,Thursday,1,Yes
Massachusetts,Saturday,1,No
Massachusetts,Sunday,1,No
Massachusetts,Sunday,1,No
Massachusetts,Sunday,1,No
Massachusetts,Saturday,1,No
Massachusetts,Friday,1,Yes
Massachusetts,Friday,1,No
Massachusetts,Sunday,1,No
Massachusetts,Wednesday,1,No
Massachusetts,Monday,1,No
Massachusetts,Saturday,1,No
Massachusetts,Wednesday,1,No
Massachusetts,Thursday,1,No
Massachusetts,Tuesday,1,Yes
Massachusetts,Sunday,1,Yes
Massachusetts,Tuesday,1,No
Massachusetts,Monday,1,No
Massachusetts,Sunday,1,Yes
Massachusetts,Saturday,1,No
Massachusetts,Tuesday,1,No
Massachusetts,Friday,1,Yes
Massachusetts,Wednesday,1,Yes
Massachusetts,Friday,1,Yes
Massachusetts,Saturday,1,No
Massachusetts,Tuesday,1,Yes
Massachusetts,Tuesday,1,No
Massachusetts,Tuesday,1,No
Massachusetts,Saturday,1,No
Massachusetts,Friday,1,No
Massachusetts,Friday,1,No
Massachusetts,Friday,1,Yes
Massachusetts,Sunday,1,Yes
Massachusetts,Wednesday,1,No
Massachusetts,Tuesday,1,No
Massachusetts,Saturday,1,Yes
Massachusetts,Tuesday,1,No
Massachusetts,Tuesday,1,No
Massachusetts,Sunday,1,Yes
Massachusetts,Tuesday,1,No
Massachusetts,Tuesday,1,No
Massachusetts,Tuesday,1,No
Massachusetts,Friday,1,No
Massachusetts,Wednesday,1,No
Massachusetts,Friday,2,No
Massachusetts,Wednesday,1,No
Massachusetts,Wednesday,1,No
Massachusetts,Sunday,1,Yes
Massachusetts,Thursday,1,No
Massachusetts,Friday,1,No
Massachusetts,Thursday,1,No
Massachusetts,Friday,1,Yes
Massachusetts,Monday,1,No
Massachusetts,Friday,1,No
Massachusetts,Friday,1,No
Massachusetts,Thursday,1,Yes
Massachusetts,Friday,1,No
Massachusetts,Friday,1,No
Massachusetts,Monday,1,No
Massachusetts,Friday,1,Yes
Massachusetts,Saturday,1,Yes
Massachusetts,Sunday,1,Yes
Massachusetts,Saturday,1,Yes
Massachusetts,Sunday,1,No
Massachusetts,Saturday,3,Yes
Massachusetts,Tuesday,1,No
Massachusetts,Sunday,1,No
Massachusetts,Friday,1,Yes
Massachusetts,Wednesday,2,No
Massachusetts,Sunday,1,No
Massachusetts,Saturday,1,No
Massachusetts,Wednesday,1,No
Massachusetts,Sunday,1,No
Massachusetts,Sunday,1,Yes
Massachusetts,Tuesday,1,No
Massachusetts,Tuesday,1,No
Massachusetts,Saturday,1,Yes
Massachusetts,Saturday,1,No
Massachusetts,Saturday,1,No
Massachusetts,Sunday,1,Yes
Massachusetts,Sunday,1,Yes
Massachusetts,Saturday,1,No
Massachusetts,Friday,1,No
Massachusetts,Monday,1,No
Massachusetts,Friday,1,No
Massachusetts,Sunday,1,No
Massachusetts,Monday,1,No
Massachusetts,Wednesday,1,No
Massachusetts,Tuesday,1,No
Massachusetts,Sunday,1,No
Massachusetts,Thursday,1,Yes
Massachusetts,Saturday,1,Yes
Massachusetts,Friday,1,No
Massachusetts,Saturday,1,Yes
Massachusetts,Saturday,1,Yes
Massachusetts,Thursday,1,No
Massachusetts,Wednesday,1,No
Massachusetts,Saturday,1,Yes
Massachusetts,Saturday,1,No
Massachusetts,Tuesday,1,Yes
Massachusetts,Saturday,1,No
Massachusetts,Friday,1,No
Massachusetts,Saturday,1,No
Massachusetts,Sunday,1,Yes
Massachusetts,Sunday,1,No
Massachusetts,Wednesday,1,No
Massachusetts,Tuesday,1,Yes
Massachusetts,Sunday,1,No
Massachusetts,Friday,1,No
Massachusetts,Saturday,1,Yes
Massachusetts,Sunday,1,No
Massachusetts,Saturday,1,No
Massachusetts,Saturday,1,No
Massachusetts,Sunday,1,No
Massachusetts,Monday,1,No
Massachusetts,Tuesday,1,No
Massachusetts,Sunday,1,No
Massachusetts,Monday,1,No
Massachusetts,Friday,1,No
Massachusetts,Sunday,1,Yes
Massachusetts,Sunday,1,Yes
Massachusetts,Wednesday,1,No
Massachusetts,Wednesday,1,No
Massachusetts,Monday,1,No
Massachusetts,Monday,1,No
Massachusetts,Saturday,1,No
Massachusetts,Thursday,1,No
Massachusetts,Saturday,1,Yes
Massachusetts,Monday,2,Yes
Massachusetts,Monday,1,No
Massachusetts,Wednesday,1,No
Massachusetts,Wednesday,1,No
Massachusetts,Friday,1,No
Massachusetts,Thursday,1,No
Massachusetts,Wednesday,1,No
Massachusetts,Tuesday,1,Yes
Massachusetts,Monday,2,No
Massachusetts,Friday,1,No
Massachusetts,Tuesday,1,Yes
Massachusetts,Tuesday,1,No
Massachusetts,Friday,1,Yes
Massachusetts,Wednesday,1,No
Massachusetts,Friday,1,Yes
Massachusetts,Friday,1,No
Massachusetts,Saturday,1,Yes
Massachusetts,Sunday,1,Yes
Massachusetts,Sunday,1,Yes
Massachusetts,Sunday,1,No
Massachusetts,Thursday,1,No
Massachusetts,Monday,1,No
Massachusetts,Tuesday,1,No
Massachusetts,Thursday,1,No
Massachusetts,Thursday,1,No
Massachusetts,Friday,1,No
Massachusetts,Thursday,2,No
Massachusetts,Thursday,1,No
Massachusetts,Tuesday,1,No
Massachusetts,Friday,1,No
Massachusetts,Friday,1,No
Massachusetts,Thursday,1,No
Massachusetts,Friday,1,No
Massachusetts,Thursday,1,Yes
Massachusetts,Friday,1,Yes
Massachusetts,Saturday,1,Yes
Massachusetts,Tuesday,2,No
Massachusetts,Wednesday,1,No
Massachusetts,Wednesday,1,No
Massachusetts,Friday,1,No
Massachusetts,Friday,1,No
Massachusetts,Wednesday,1,Yes
Massachusetts,Wednesday,1,No
Massachusetts,Monday,1,Yes
Massachusetts,Sunday,1,No
Massachusetts,Sunday,1,No
Massachusetts,Monday,1,No
Massachusetts,Tuesday,1,Yes
Massachusetts,Monday,1,Yes
Massachusetts,Monday,1,Yes
Massachusetts,Friday,1,No
Massachusetts,Wednesday,1,No
Massachusetts,Wednesday,1,No
Massachusetts,Thursday,1,No
Massachusetts,Friday,1,No
Massachusetts,Friday,1,No
Massachusetts,Friday,1,No
Massachusetts,Monday,1,No
Massachusetts,Saturday,1,No
Massachusetts,Tuesday,1,No
Massachusetts,Sunday,1,No
Massachusetts,Friday,1,No
Massachusetts,Saturday,1,No
Massachusetts,Saturday,1,No
Massachusetts,Tuesday,1,No
Massachusetts,Sunday,1,No
Massachusetts,Friday,1,No
Massachusetts,Friday,1,Yes
Massachusetts,Wednesday,1,No
Massachusetts,Thursday,1,No
Massachusetts,Sunday,2,Yes
Massachusetts,Saturday,1,Yes
Massachusetts,Thursday,1,No
Massachusetts,Monday,1,No
Massachusetts,Saturday,1,Yes
Massachusetts,Wednesday,1,No
Massachusetts,Wednesday,2,No
Massachusetts,Sunday,1,No
Massachusetts,Friday,1,Yes
Massachusetts,Thursday,1,Yes
Massachusetts,Sunday,1,No
Michigan,Tuesday,1,No
Michigan,Thursday,1,No
Michigan,Sunday,2,No
Michigan,Friday,1,No
Michigan,Sunday,2,No
Michigan,Friday,1,No
Michigan,Wednesday,1,No
Michigan,Thursday,1,No
Michigan,Thursday,1,No
Michigan,Sunday,1,Yes
Michigan,Friday,2,No
Michigan,Friday,1,No
Michigan,Friday,1,No
Michigan,Sunday,1,No
Michigan,Monday,1,No
Michigan,Saturday,1,No
Michigan,Wednesday,2,No
Michigan,Monday,1,Yes
Michigan,Tuesday,1,No
Michigan,Friday,1,No
Michigan,Wednesday,1,No
Michigan,Wednesday,1,Yes
Michigan,Wednesday,1,No
Michigan,Friday,1,No
Michigan,Sunday,1,Yes
Michigan,Thursday,2,No
Michigan,Sunday,1,No
Michigan,Friday,1,No
Michigan,Monday,1,Yes
Michigan,Saturday,1,No
Michigan,Monday,1,No
Michigan,Wednesday,1,No
Michigan,Saturday,1,No
Michigan,Wednesday,1,No
Michigan,Monday,2,No
Michigan,Thursday,2,No
Michigan,Tuesday,1,No
Michigan,Sunday,1,Yes
Michigan,Tuesday,1,No
Michigan,Friday,1,No
Michigan,Sunday,1,No
Michigan,Tuesday,1,No
Michigan,Tuesday,1,No
Michigan,Saturday,1,No
Michigan,Friday,1,Yes
Michigan,Monday,1,No
Michigan,Tuesday,2,No
Michigan,Monday,1,No
Michigan,Monday,1,Yes
Michigan,Sunday,1,Yes
Michigan,Tuesday,1,No
Michigan,Wednesday,1,No
Michigan,Wednesday,1,No
Michigan,Tuesday,1,No
Michigan,Thursday,1,Yes
Michigan,Tuesday,1,No
Michigan,Friday,1,No
Michigan,Thursday,1,Yes
Michigan,Sunday,1,Yes
Michigan,Friday,1,No
Michigan,Sunday,1,No
Michigan,Saturday,1,No
Michigan,Tuesday,1,No
Michigan,Saturday,1,No
Michigan,Sunday,1,No
Michigan,Wednesday,1,No
Michigan,Monday,1,No
Michigan,Wednesday,1,No
Michigan,Thursday,1,No
Michigan,Thursday,1,No
Michigan,Saturday,1,No
Michigan,Wednesday,1,No
Michigan,Monday,1,No
Michigan,Friday,2,Yes
Michigan,Tuesday,1,No
Michigan,Monday,1,Yes
Michigan,Friday,1,No
Michigan,Friday,1,Yes
Michigan,Sunday,1,Yes
Michigan,Thursday,1,No
Michigan,Tuesday,1,No
Michigan,Sunday,1,Yes
Michigan,Thursday,1,No
Michigan,Sunday,1,Yes
Michigan,Sunday,1,Yes
Michigan,Sunday,1,No
Michigan,Wednesday,1,Yes
Michigan,Sunday,1,No
Michigan,Sunday,1,No
Michigan,Monday,1,No
Michigan,Thursday,1,No
Michigan,Tuesday,1,No
Michigan,Saturday,1,No
Michigan,Sunday,1,No
Michigan,Saturday,1,Yes
Michigan,Saturday,1,No
Michigan,Thursday,1,No
Michigan,Sunday,1,No
Michigan,Tuesday,1,No
Michigan,Friday,1,No
Michigan,Wednesday,1,No
Michigan,Tuesday,3,Yes
Michigan,Thursday,1,Yes
Michigan,Wednesday,1,Yes
Michigan,Sunday,1,No
Michigan,Thursday,1,No
Michigan,Sunday,1,Yes
Michigan,Friday,1,No
Michigan,Wednesday,2,No
Michigan,Wednesday,1,No
Michigan,Saturday,1,No
Michigan,Tuesday,1,No
Michigan,Sunday,1,Yes
Michigan,Saturday,1,Yes
Michigan,Wednesday,1,Yes
Michigan,Thursday,1,Yes
Michigan,Monday,1,No
Michigan,Thursday,1,No
Michigan,Sunday,1,No
Michigan,Friday,1,No
Michigan,Saturday,1,No
Michigan,Tuesday,1,No
Michigan,Tuesday,1,Yes
Michigan,Sunday,1,Yes
Michigan,Tuesday,1,No
Michigan,Friday,1,No
Michigan,Tuesday,2,Yes
Michigan,Monday,1,Yes
Michigan,Thursday,1,No
Michigan,Sunday,1,Yes
Michigan,Saturday,1,No
Michigan,Sunday,1,Yes
Michigan,Friday,1,No
Michigan,Monday,1,Yes
Michigan,Friday,1,No
Michigan,Monday,1,No
Michigan,Monday,1,No
Michigan,Tuesday,1,Yes
Michigan,Friday,1,No
Michigan,Tuesday,2,No
Michigan,Monday,1,No
Michigan,Friday,1,No
Michigan,Sunday,1,No
Michigan,Saturday,1,Yes
Michigan,Saturday,1,Yes
Michigan,Saturday,1,Yes
Michigan,Wednesday,1,No
Michigan,Thursday,1,No
Michigan,Friday,1,Yes
Michigan,Wednesday,1,No
Michigan,Monday,1,No
Michigan,Tuesday,1,No
Michigan,Tuesday,1,No
Michigan,Tuesday,1,Yes
Michigan,Thursday,1,No
Michigan,Tuesday,1,No
Michigan,Monday,1,No
Michigan,Thursday,3,Yes
Michigan,Sunday,1,No
Michigan,Sunday,1,No
Michigan,Saturday,1,Yes
Michigan,Wednesday,1,No
Michigan,Monday,1,No
Michigan,Monday,1,No
Michigan,Friday,1,No
Michigan,Wednesday,1,No
Michigan,Sunday,2,Yes
Michigan,Monday,1,Yes
Michigan,Wednesday,1,No
Michigan,Saturday,1,Yes
Michigan,Saturday,1,Yes
Michigan,Saturday,1,No
Michigan,Friday,1,Yes
Michigan,Saturday,1,No
Michigan,Sunday,3,No
Michigan,Sunday,1,Yes
Michigan,Saturday,2,No
Michigan,Saturday,1,Yes
Michigan,Wednesday,1,No
Michigan,Thursday,1,No
Michigan,Friday,1,Yes
Michigan,Friday,1,No
Michigan,Saturday,1,No
Michigan,Saturday,1,Yes
Michigan,Sunday,1,No
Michigan,Thursday,1,No
Michigan,Monday,1,No
Michigan,Saturday,1,No
Michigan,Saturday,1,No
Michigan,Monday,2,Yes
Michigan,Saturday,1,Yes
Michigan,Friday,1,Yes
Michigan,Saturday,1,Yes
Michigan,Monday,1,No
Michigan,Monday,1,No
Michigan,Friday,1,No
Michigan,Sunday,1,No
Michigan,Saturday,2,Yes
Michigan,Saturday,1,Yes
Michigan,Monday,1,Yes
Michigan,Thursday,1,No
Michigan,Sunday,2,Yes
Michigan,Monday,1,No
Michigan,Tuesday,1,No
Michigan,Sunday,1,No
Michigan,Friday,1,No
Michigan,Tuesday,1,No
Michigan,Friday,1,Yes
Michigan,Wednesday,1,No
Michigan,Tuesday,1,Yes
Michigan,Wednesday,1,Yes
Michigan,Saturday,1,Yes
Michigan,Saturday,1,No
Michigan,Tuesday,1,No
Michigan,Monday,1,No
Michigan,Thursday,1,Yes
Michigan,Friday,1,No
Michigan,Friday,1,No
Michigan,Saturday,1,Yes
Michigan,Tuesday,1,No
Michigan,Monday,1,No
Michigan,Sunday,1,No
Michigan,Sunday,1,No
Michigan,Monday,1,Yes
Michigan,Wednesday,1,Yes
Michigan,Thursday,1,No
Michigan,Friday,1,Yes
Michigan,Wednesday,1,Yes
Michigan,Thursday,1,No
Michigan,Saturday,2,Yes
Michigan,Thursday,1,Yes
Michigan,Friday,1,No
Michigan,Friday,1,No
Michigan,Tuesday,1,No
Michigan,Friday,1,No
Michigan,Sunday,1,No
Michigan,Wednesday,1,No
Michigan,Monday,1,No
Michigan,Wednesday,2,No
Michigan,Monday,1,No
Michigan,Thursday,1,No
Michigan,Monday,1,Yes
Michigan,Saturday,3,No
Michigan,Monday,1,Yes
Michigan,Friday,2,Yes
Michigan,Tuesday,1,No
Michigan,Wednesday,1,Yes
Michigan,Wednesday,1,No
Michigan,Friday,1,No
Michigan,Wednesday,1,No
Michigan,Wednesday,1,No
Michigan,Sunday,1,Yes
Michigan,Wednesday,1,No
Michigan,Monday,1,No
Michigan,Friday,1,Yes
Michigan,Sunday,1,No
Michigan,Friday,1,No
Michigan,Tuesday,1,No
Michigan,Sunday,1,No
Michigan,Friday,1,Yes
Michigan,Sunday,2,No
Michigan,Monday,1,Yes
Michigan,Saturday,1,Yes
Michigan,Wednesday,1,No
Michigan,Thursday,1,No
Michigan,Thursday,1,No
Michigan,Tuesday,1,No
Michigan,Saturday,1,Yes
Michigan,Thursday,1,No
Michigan,Thursday,2,No
Michigan,Tuesday,1,No
Michigan,Friday,2,No
Michigan,Tuesday,1,No
Michigan,Friday,1,Yes
Michigan,Saturday,1,No
Michigan,Sunday,1,Yes
Michigan,Saturday,1,No
Michigan,Thursday,1,Yes
Michigan,Sunday,1,No
Michigan,Saturday,1,No
Michigan,Sunday,1,No
Michigan,Friday,1,No
Michigan,Monday,1,Yes
Michigan,Tuesday,1,No
Michigan,Monday,1,No
Michigan,Wednesday,1,Yes
Michigan,Sunday,1,No
Michigan,Friday,1,No
Michigan,Friday,1,Yes
Michigan,Friday,2,No
Michigan,Tuesday,1,No
Michigan,Saturday,1,Yes
Michigan,Sunday,1,No
Michigan,Tuesday,2,No
Michigan,Wednesday,1,Yes
Michigan,Thursday,1,No
Michigan,Saturday,1,No
Michigan,Friday,1,No
Michigan,Sunday,1,No
Michigan,Monday,1,No
Michigan,Friday,2,No
Michigan,Saturday,1,No
Michigan,Tuesday,1,No
Michigan,Tuesday,1,No
Michigan,Friday,1,No
Michigan,Friday,1,No
Michigan,Monday,1,No
Michigan,Sunday,1,Yes
Michigan,Tuesday,1,Yes
Michigan,Saturday,1,No
Michigan,Thursday,1,No
Michigan,Sunday,1,No
Michigan,Sunday,1,Yes
Michigan,Wednesday,1,No
Michigan,Thursday,1,No
Michigan,Sunday,1,Yes
Michigan,Saturday,1,No
Michigan,Thursday,1,No
Michigan,Wednesday,1,No
Michigan,Thursday,1,No
Michigan,Wednesday,1,No
Michigan,Friday,1,No
Michigan,Saturday,1,No
Michigan,Sunday,2,Yes
Michigan,Wednesday,1,No
Michigan,Sunday,1,Yes
Michigan,Saturday,1,Yes
Michigan,Friday,1,No
Michigan,Saturday,1,No
Michigan,Tuesday,1,Yes
Michigan,Monday,1,No
Michigan,Tuesday,1,No
Michigan,Saturday,1,No
Michigan,Thursday,1,No
Michigan,Sunday,1,No
Michigan,Wednesday,1,No
Michigan,Thursday,2,Yes
Michigan,Sunday,1,No
Michigan,Saturday,1,No
Michigan,Wednesday,1,No
Michigan,Saturday,1,No
Michigan,Sunday,1,No
Michigan,Saturday,1,No
Michigan,Monday,1,No
Michigan,Wednesday,1,No
Michigan,Friday,1,No
Michigan,Saturday,1,No
Michigan,Thursday,1,No
Michigan,Saturday,1,No
Michigan,Monday,1,Yes
Michigan,Friday,1,No
Michigan,Monday,1,No
Michigan,Monday,1,No
Michigan,Thursday,1,Yes
Michigan,Sunday,1,No
Michigan,Saturday,1,No
Michigan,Saturday,1,No
Michigan,Sunday,1,Yes
Michigan,Monday,1,No
Michigan,Wednesday,1,No
Michigan,Wednesday,1,Yes
Michigan,Thursday,1,Yes
Michigan,Thursday,1,No
Michigan,Wednesday,1,Yes
Michigan,Friday,2,No
Michigan,Saturday,1,No
Michigan,Friday,2,No
Michigan,Friday,1,No
Michigan,Friday,1,No
Michigan,Saturday,1,Yes
Michigan,Sunday,1,Yes
Michigan,Friday,1,Yes
Michigan,Sunday,1,No
Michigan,Monday,1,No
Michigan,Wednesday,1,No
Michigan,Thursday,1,No
Michigan,Thursday,1,No
Michigan,Sunday,1,No
Michigan,Monday,1,No
Michigan,Saturday,1,No
Michigan,Monday,1,No
Michigan,Sunday,1,Yes
Michigan,Monday,1,No
Michigan,Sunday,1,No
Michigan,Sunday,1,Yes
Michigan,Monday,1,No
Michigan,Tuesday,1,No
Michigan,Monday,1,No
Michigan,Saturday,1,Yes
Michigan,Saturday,1,Yes
Michigan,Wednesday,2,No
Michigan,Saturday,1,Yes
Michigan,Monday,2,No
Michigan,Sunday,1,Yes
Michigan,Friday,1,Yes
Michigan,Tuesday,1,No
Michigan,Friday,1,No
Michigan,Thursday,1,Yes
Michigan,Friday,1,No
Michigan,Saturday,2,No
Michigan,Sunday,1,Yes
Michigan,Friday,1,No
Michigan,Monday,1,No
Michigan,Tuesday,1,No
Michigan,Saturday,1,No
Michigan,Friday,1,Yes
Michigan,Saturday,1,Yes
Michigan,Tuesday,1,Yes
Michigan,Friday,1,No
Michigan,Saturday,1,Yes
Michigan,Thursday,1,No
Michigan,Sunday,1,No
Michigan,Monday,1,No
Michigan,Sunday,1,Yes
Michigan,Sunday,2,Yes
Michigan,Tuesday,1,No
Michigan,Saturday,1,Yes
Michigan,Saturday,1,No
Michigan,Tuesday,1,No
Michigan,Tuesday,1,Yes
Michigan,Wednesday,1,No
Michigan,Wednesday,1,No
Michigan,Wednesday,1,No
Michigan,Wednesday,1,No
Michigan,Friday,1,No
Michigan,Monday,1,Yes
Michigan,Wednesday,1,No
Michigan,Saturday,1,No
Michigan,Saturday,1,No
Michigan,Thursday,2,Yes
Michigan,Friday,2,Yes
Michigan,Sunday,2,Yes
Michigan,Sunday,2,Yes
Michigan,Saturday,1,No
Michigan,Sunday,1,No
Michigan,Thursday,1,No
Michigan,Saturday,1,Yes
Michigan,Friday,2,No
Michigan,Sunday,1,No
Michigan,Friday,1,No
Michigan,Wednesday,1,Yes
Michigan,Tuesday,1,No
Michigan,Sunday,2,No
Michigan,Sunday,1,Yes
Michigan,Wednesday,1,No
Michigan,Wednesday,1,Yes
Michigan,Saturday,1,No
Michigan,Wednesday,1,Yes
Michigan,Saturday,1,No
Michigan,Saturday,1,No
Michigan,Friday,1,No
Michigan,Saturday,1,Yes
Michigan,Wednesday,1,No
Michigan,Thursday,1,Yes
Michigan,Tuesday,2,Yes
Michigan,Saturday,1,No
Michigan,Tuesday,1,No
Michigan,Wednesday,1,Yes
Michigan,Wednesday,1,No
Michigan,Monday,1,No
Michigan,Wednesday,1,No
Michigan,Friday,1,Yes
Michigan,Saturday,1,No
Michigan,Friday,1,No
Michigan,Saturday,2,No
Michigan,Sunday,1,No
Michigan,Wednesday,1,No
Michigan,Friday,1,No
Michigan,Wednesday,1,No
Michigan,Friday,1,Yes
Michigan,Tuesday,1,No
Michigan,Saturday,1,No
Michigan,Saturday,1,No
Michigan,Monday,1,No
Michigan,Friday,1,No
Michigan,Saturday,1,Yes
Michigan,Thursday,1,No
Michigan,Sunday,1,No
Michigan,Friday,2,Yes
Michigan,Sunday,1,Yes
Michigan,Sunday,1,No
Michigan,Friday,1,No
Michigan,Friday,1,No
Michigan,Monday,1,Yes
Michigan,Monday,1,No
Michigan,Monday,1,No
Michigan,Thursday,1,No
Michigan,Thursday,1,No
Michigan,Tuesday,1,No
Michigan,Thursday,2,Yes
Michigan,Friday,1,No
Michigan,Wednesday,1,No
Michigan,Friday,1,No
Michigan,Sunday,1,No
Michigan,Monday,1,No
Michigan,Thursday,1,No
Michigan,Sunday,1,Yes
Michigan,Monday,1,No
Michigan,Sunday,1,No
Michigan,Wednesday,1,Yes
Michigan,Thursday,1,Yes
Michigan,Thursday,1,No
Michigan,Sunday,1,No
Michigan,Friday,1,No
Michigan,Sunday,1,No
Michigan,Saturday,1,Yes
Michigan,Wednesday,1,Yes
Michigan,Monday,1,No
Michigan,Monday,1,No
Michigan,Wednesday,1,No
Michigan,Saturday,1,No
Michigan,Sunday,1,No
Michigan,Tuesday,1,No
Michigan,Sunday,1,Yes
Michigan,Thursday,1,No
Michigan,Saturday,1,No
Michigan,Wednesday,1,No
Michigan,Friday,1,No
Michigan,Friday,1,No
Michigan,Thursday,1,Yes
Michigan,Monday,1,No
Michigan,Friday,1,No
Michigan,Wednesday,1,No
Michigan,Wednesday,1,Yes
Michigan,Sunday,1,Yes
Michigan,Monday,1,No
Michigan,Sunday,1,Yes
Michigan,Wednesday,1,No
Michigan,Sunday,1,No
Michigan,Friday,1,No
Michigan,Saturday,1,No
Michigan,Thursday,1,No
Michigan,Tuesday,1,No
Michigan,Saturday,1,Yes
Michigan,Wednesday,1,No
Michigan,Friday,1,Yes
Michigan,Wednesday,1,No
Michigan,Wednesday,1,No
Michigan,Saturday,1,No
Michigan,Thursday,1,No
Michigan,Sunday,1,Yes
Michigan,Thursday,1,No
Michigan,Thursday,1,No
Michigan,Sunday,1,No
Michigan,Friday,1,No
Michigan,Tuesday,1,No
Michigan,Friday,1,No
Michigan,Sunday,1,No
Michigan,Tuesday,1,No
Michigan,Thursday,2,No
Michigan,Sunday,1,No
Michigan,Friday,1,Yes
Michigan,Friday,1,Yes
Michigan,Tuesday,2,Yes
Michigan,Saturday,1,Yes
Michigan,Thursday,1,No
Michigan,Monday,1,No
Michigan,Saturday,1,No
Michigan,Sunday,1,Yes
Michigan,Saturday,1,Yes
Michigan,Tuesday,1,No
Michigan,Saturday,1,No
Michigan,Tuesday,1,No
Michigan,Sunday,1,Yes
Michigan,Monday,1,Yes
Michigan,Tuesday,1,No
Michigan,Wednesday,1,No
Michigan,Friday,1,No
Michigan,Sunday,1,Yes
Michigan,Sunday,1,Yes
Michigan,Monday,1,No
Michigan,Sunday,1,No
Michigan,Sunday,1,Yes
Michigan,Tuesday,1,No
Michigan,Tuesday,1,Yes
Michigan,Saturday,1,Yes
Michigan,Wednesday,1,Yes
Michigan,Saturday,1,Yes
Michigan,Sunday,1,No
Michigan,Wednesday,1,No
Michigan,Saturday,1,No
Michigan,Thursday,1,No
Michigan,Saturday,1,Yes
Michigan,Friday,1,No
Michigan,Saturday,1,No
Michigan,Saturday,1,No
Michigan,Sunday,1,No
Michigan,Tuesday,1,No
Michigan,Friday,1,No
Michigan,Sunday,1,No
Michigan,Sunday,1,No
Michigan,Monday,1,No
Michigan,Saturday,1,Yes
Michigan,Monday,2,No
Michigan,Wednesday,1,Yes
Michigan,Saturday,1,No
Michigan,Thursday,1,No
Michigan,Friday,1,Yes
Michigan,Thursday,1,No
Michigan,Friday,1,No
Michigan,Saturday,1,No
Michigan,Wednesday,1,Yes
Michigan,Tuesday,1,No
Michigan,Sunday,1,No
Michigan,Wednesday,1,No
Michigan,Tuesday,1,No
Michigan,Sunday,1,Yes
Michigan,Sunday,1,Yes
Michigan,Tuesday,1,Yes
Michigan,Wednesday,1,No
Michigan,Friday,1,Yes
Michigan,Sunday,1,No
Michigan,Saturday,1,No
Michigan,Saturday,1,No
Michigan,Thursday,1,Yes
Michigan,Saturday,1,Yes
Michigan,Sunday,1,Yes
Michigan,Wednesday,1,No
Michigan,Sunday,1,Yes
Michigan,Saturday,1,Yes
Michigan,Monday,1,No
Michigan,Tuesday,1,No
Michigan,Wednesday,1,No
Michigan,Saturday,1,No
Michigan,Sunday,1,Yes
Michigan,Monday,1,Yes
Michigan,Thursday,1,Yes
Michigan,Friday,1,No
Michigan,Friday,1,No
Michigan,Sunday,1,Yes
Michigan,Sunday,1,No
Michigan,Wednesday,1,No
Michigan,Tuesday,1,No
Michigan,Tuesday,1,No
Michigan,Thursday,1,Yes
Michigan,Saturday,1,Yes
Michigan,Sunday,1,No
Michigan,Wednesday,1,No
Michigan,Saturday,1,Yes
Michigan,Saturday,1,No
Michigan,Sunday,2,No
Michigan,Tuesday,2,No
Michigan,Tuesday,1,No
Michigan,Saturday,1,No
Michigan,Saturday,1,No
Michigan,Saturday,1,No
Michigan,Sunday,1,No
Michigan,Saturday,1,Yes
Michigan,Thursday,1,No
Michigan,Sunday,1,No
Michigan,Friday,1,No
Michigan,Thursday,1,No
Michigan,Monday,1,No
Michigan,Thursday,1,Yes
Michigan,Friday,1,Yes
Michigan,Wednesday,1,No
Michigan,Saturday,1,Yes
Michigan,Saturday,2,No
Michigan,Sunday,1,Yes
Michigan,Sunday,1,No
Michigan,Sunday,1,No
Michigan,Sunday,1,No
Michigan,Saturday,1,No
Michigan,Sunday,1,No
Michigan,Sunday,2,No
Michigan,Saturday,1,No
Michigan,Saturday,1,Yes
Michigan,Tuesday,1,No
Michigan,Sunday,1,Yes
Michigan,Wednesday,1,Yes
Michigan,Tuesday,1,No
Michigan,Friday,1,No
Michigan,Monday,1,No
Michigan,Monday,1,No
Michigan,Monday,1,No
Michigan,Monday,1,No
Michigan,Saturday,1,Yes
Michigan,Friday,1,No
Michigan,Wednesday,1,Yes
Michigan,Saturday,1,No
Michigan,Sunday,1,No
Michigan,Sunday,1,Yes
Michigan,Tuesday,1,No
Michigan,Saturday,1,Yes
Michigan,Friday,2,No
Michigan,Tuesday,1,No
Michigan,Monday,1,Yes
Michigan,Friday,1,Yes
Michigan,Friday,1,No
Michigan,Tuesday,1,No
Michigan,Wednesday,1,No
Michigan,Thursday,1,No
Michigan,Tuesday,1,Yes
Michigan,Sunday,1,Yes
Michigan,Sunday,1,No
Michigan,Saturday,1,No
Michigan,Sunday,1,No
Michigan,Monday,1,No
Michigan,Wednesday,1,No
Michigan,Sunday,1,Yes
Michigan,Friday,1,No
Michigan,Tuesday,1,No
Michigan,Friday,1,Yes
Michigan,Tuesday,1,No
Michigan,Sunday,1,No
Michigan,Sunday,1,Yes
Michigan,Tuesday,1,No
Michigan,Sunday,1,Yes
Michigan,Friday,1,No
Michigan,Friday,1,No
Michigan,Monday,1,No
Michigan,Wednesday,1,Yes
Michigan,Thursday,1,Yes
Michigan,Friday,1,No
Michigan,Thursday,1,Yes
Michigan,Wednesday,1,No
Michigan,Wednesday,1,No
Michigan,Friday,1,No
Michigan,Thursday,1,No
Michigan,Wednesday,1,Yes
Michigan,Thursday,1,No
Michigan,Friday,1,No
Michigan,Tuesday,1,Yes
Michigan,Wednesday,1,No
Michigan,Sunday,1,No
Michigan,Thursday,1,Yes
Michigan,Tuesday,1,No
Michigan,Thursday,1,No
Michigan,Friday,1,Yes
Michigan,Sunday,1,Yes
Michigan,Sunday,2,Yes
Michigan,Monday,1,No
Michigan,Saturday,1,No
Michigan,Saturday,1,No
Michigan,Tuesday,1,No
Michigan,Tuesday,1,No
Michigan,Thursday,1,No
Michigan,Sunday,1,Yes
Michigan,Saturday,1,No
Michigan,Thursday,1,No
Michigan,Friday,1,No
Michigan,Thursday,1,Yes
Michigan,Friday,1,No
Michigan,Tuesday,1,No
Michigan,Thursday,1,No
Michigan,Saturday,1,No
Michigan,Tuesday,1,No
Michigan,Monday,1,No
Michigan,Thursday,1,No
Michigan,Wednesday,1,No
Michigan,Saturday,1,No
Michigan,Sunday,2,No
Michigan,Saturday,1,No
Michigan,Thursday,1,No
Michigan,Sunday,1,Yes
Michigan,Monday,1,No
Michigan,Saturday,1,No
Michigan,Tuesday,1,No
Michigan,Saturday,1,Yes
Michigan,Wednesday,2,Yes
Michigan,Saturday,1,Yes
Michigan,Friday,1,Yes
Michigan,Sunday,1,No
Michigan,Monday,1,No
Michigan,Thursday,1,No
Michigan,Tuesday,1,No
Michigan,Monday,1,No
Michigan,Friday,1,No
Michigan,Monday,1,No
Michigan,Tuesday,1,Yes
Michigan,Monday,1,No
Michigan,Thursday,1,No
Michigan,Thursday,1,No
Michigan,Monday,1,No
Michigan,Monday,1,No
Michigan,Tuesday,1,No
Michigan,Sunday,2,Yes
Michigan,Tuesday,1,No
Michigan,Sunday,1,No
Michigan,Thursday,1,No
Michigan,Saturday,1,No
Michigan,Wednesday,1,No
Michigan,Thursday,1,No
Michigan,Monday,1,No
Michigan,Tuesday,1,No
Michigan,Tuesday,1,Yes
Michigan,Thursday,1,Yes
Michigan,Friday,1,No
Michigan,Saturday,1,No
Michigan,Monday,1,Yes
Michigan,Saturday,1,No
Michigan,Friday,1,No
Michigan,Friday,1,No
Michigan,Thursday,1,Yes
Michigan,Sunday,1,Yes
Michigan,Wednesday,1,No
Michigan,Tuesday,1,No
Michigan,Wednesday,1,No
Michigan,Tuesday,3,No
Michigan,Monday,1,No
Michigan,Thursday,1,No
Michigan,Monday,1,No
Michigan,Monday,1,Yes
Michigan,Wednesday,1,No
Michigan,Saturday,1,Yes
Michigan,Saturday,1,No
Michigan,Saturday,1,No
Michigan,Tuesday,1,Yes
Michigan,Thursday,1,No
Michigan,Saturday,1,No
Michigan,Sunday,1,No
Michigan,Tuesday,1,No
Michigan,Saturday,1,No
Michigan,Friday,1,No
Michigan,Wednesday,1,No
Michigan,Thursday,1,No
Michigan,Sunday,1,No
Michigan,Tuesday,1,No
Michigan,Wednesday,1,No
Michigan,Sunday,1,Yes
Michigan,Monday,1,No
Michigan,Monday,1,No
Michigan,Tuesday,1,No
Michigan,Thursday,1,No
Michigan,Sunday,1,Yes
Michigan,Wednesday,1,No
Michigan,Sunday,1,Yes
Michigan,Monday,1,No
Michigan,Tuesday,1,No
Michigan,Tuesday,1,No
Michigan,Friday,1,Yes
Michigan,Monday,1,No
Michigan,Friday,1,No
Michigan,Sunday,2,No
Michigan,Tuesday,1,No
Michigan,Thursday,1,No
Michigan,Friday,1,Yes
Michigan,Friday,1,No
Michigan,Monday,2,Yes
Michigan,Saturday,1,No
Michigan,Tuesday,1,Yes
Michigan,Sunday,1,Yes
Michigan,Wednesday,1,No
Michigan,Tuesday,1,No
Michigan,Saturday,1,Yes
Michigan,Tuesday,1,No
Michigan,Monday,1,No
Michigan,Thursday,1,No
Michigan,Saturday,1,Yes
Michigan,Saturday,1,No
Michigan,Monday,1,Yes
Michigan,Friday,1,No
Michigan,Wednesday,1,Yes
Michigan,Saturday,1,No
Michigan,Sunday,1,No
Michigan,Monday,1,No
Michigan,Monday,1,No
Michigan,Friday,1,Yes
Michigan,Friday,1,Yes
Michigan,Sunday,1,Yes
Michigan,Friday,1,No
Michigan,Wednesday,1,No
Michigan,Friday,1,No
Michigan,Thursday,1,No
Michigan,Wednesday,1,No
Michigan,Monday,1,Yes
Michigan,Friday,1,Yes
Michigan,Saturday,1,No
Michigan,Friday,1,No
Michigan,Friday,1,No
Michigan,Monday,1,No
Michigan,Saturday,1,Yes
Michigan,Monday,1,No
Michigan,Thursday,1,No
Michigan,Thursday,1,Yes
Michigan,Tuesday,2,Yes
Michigan,Monday,1,No
Michigan,Tuesday,1,No
Michigan,Friday,1,No
Michigan,Saturday,1,No
Michigan,Tuesday,1,No
Michigan,Monday,1,No
Michigan,Friday,1,Yes
Michigan,Wednesday,1,No
Michigan,Wednesday,1,No
Michigan,Tuesday,1,No
Michigan,Monday,1,No
Michigan,Friday,1,No
Michigan,Friday,1,Yes
Michigan,Thursday,1,No
Michigan,Thursday,1,No
Michigan,Monday,1,No
Michigan,Thursday,1,No
Michigan,Sunday,1,Yes
Michigan,Wednesday,1,No
Michigan,Thursday,1,No
Michigan,Tuesday,1,No
Michigan,Tuesday,1,No
Michigan,Monday,1,No
Michigan,Sunday,1,No
Michigan,Thursday,1,No
Michigan,Thursday,1,No
Michigan,Friday,1,No
Michigan,Friday,1,No
Michigan,Saturday,1,Yes
Minnesota,Thursday,1,No
Minnesota,Friday,1,Yes
Minnesota,Monday,1,No
Minnesota,Friday,1,No
Minnesota,Saturday,1,No
Minnesota,Monday,1,No
Minnesota,Tuesday,1,No
Minnesota,Tuesday,1,No
Minnesota,Saturday,1,No
Minnesota,Thursday,1,Yes
Minnesota,Monday,1,No
Minnesota,Saturday,1,No
Minnesota,Monday,1,No
Minnesota,Monday,1,No
Minnesota,Thursday,1,No
Minnesota,Tuesday,1,No
Minnesota,Wednesday,1,No
Minnesota,Wednesday,1,No
Minnesota,Thursday,1,No
Minnesota,Saturday,1,Yes
Minnesota,Saturday,1,Yes
Minnesota,Saturday,1,No
Minnesota,Wednesday,1,Yes
Minnesota,Saturday,1,Yes
Minnesota,Wednesday,1,No
Minnesota,Thursday,1,Yes
Minnesota,Wednesday,2,No
Minnesota,Wednesday,2,No
Minnesota,Thursday,1,No
Minnesota,Saturday,1,Yes
Minnesota,Monday,1,No
Minnesota,Monday,1,Yes
Minnesota,Monday,1,No
Minnesota,Saturday,1,Yes
Minnesota,Monday,1,No
Minnesota,Tuesday,1,No
Minnesota,Wednesday,1,No
Minnesota,Thursday,1,No
Minnesota,Thursday,1,No
Minnesota,Friday,1,Yes
Minnesota,Saturday,2,No
Minnesota,Friday,1,No
Minnesota,Sunday,1,Yes
Minnesota,Wednesday,1,No
Minnesota,Thursday,1,No
Minnesota,Friday,1,Yes
Minnesota,Sunday,1,Yes
Minnesota,Monday,1,No
Minnesota,Friday,1,Yes
Minnesota,Monday,1,No
Minnesota,Wednesday,1,No
Minnesota,Friday,1,Yes
Minnesota,Wednesday,1,No
Minnesota,Monday,3,Yes
Minnesota,Wednesday,1,No
Minnesota,Friday,1,No
Minnesota,Monday,1,Yes
Minnesota,Tuesday,1,Yes
Minnesota,Tuesday,1,No
Minnesota,Tuesday,1,Yes
Minnesota,Thursday,1,No
Minnesota,Friday,1,No
Minnesota,Sunday,1,No
Minnesota,Friday,1,Yes
Minnesota,Wednesday,1,No
Minnesota,Friday,2,Yes
Minnesota,Wednesday,1,No
Minnesota,Saturday,1,Yes
Minnesota,Tuesday,1,Yes
Minnesota,Tuesday,1,No
Minnesota,Monday,1,No
Minnesota,Sunday,1,No
Minnesota,Saturday,1,Yes
Minnesota,Wednesday,1,No
Minnesota,Monday,1,No
Minnesota,Sunday,1,No
Minnesota,Friday,1,No
Minnesota,Wednesday,1,Yes
Minnesota,Sunday,1,No
Minnesota,Thursday,1,Yes
Minnesota,Friday,1,Yes
Minnesota,Friday,1,Yes
Minnesota,Saturday,1,Yes
Minnesota,Saturday,2,Yes
Minnesota,Tuesday,2,No
Minnesota,Wednesday,1,No
Minnesota,Friday,1,No
Minnesota,Tuesday,1,Yes
Minnesota,Thursday,1,No
Minnesota,Wednesday,1,No
Minnesota,Thursday,1,No
Minnesota,Wednesday,1,No
Minnesota,Wednesday,1,No
Minnesota,Saturday,1,Yes
Minnesota,Sunday,1,No
Minnesota,Tuesday,1,Yes
Minnesota,Thursday,2,No
Minnesota,Friday,1,No
Minnesota,Saturday,1,Yes
Minnesota,Saturday,1,Yes
Minnesota,Saturday,1,No
Minnesota,Saturday,1,Yes
Minnesota,Monday,1,Yes
Minnesota,Friday,1,No
Minnesota,Tuesday,1,No
Minnesota,Thursday,1,No
Minnesota,Monday,1,Yes
Minnesota,Thursday,1,No
Minnesota,Friday,1,No
Minnesota,Monday,1,No
Minnesota,Thursday,1,No
Minnesota,Sunday,1,Yes
Minnesota,Tuesday,1,No
Minnesota,Thursday,1,No
Minnesota,Friday,1,Yes
Minnesota,Monday,1,No
Minnesota,Wednesday,1,Yes
Minnesota,Monday,1,No
Minnesota,Thursday,1,No
Minnesota,Saturday,1,Yes
Minnesota,Friday,2,No
Minnesota,Friday,2,Yes
Minnesota,Friday,1,No
Minnesota,Saturday,1,Yes
Minnesota,Saturday,1,No
Minnesota,Saturday,1,No
Minnesota,Saturday,2,Yes
Minnesota,Monday,1,Yes
Minnesota,Wednesday,1,Yes
Minnesota,Saturday,1,Yes
Minnesota,Tuesday,1,No
Minnesota,Tuesday,1,No
Minnesota,Thursday,1,No
Minnesota,Thursday,1,No
Minnesota,Thursday,1,Yes
Minnesota,Tuesday,1,No
Minnesota,Thursday,1,No
Minnesota,Friday,1,Yes
Minnesota,Saturday,1,No
Minnesota,Tuesday,1,Yes
Minnesota,Wednesday,1,Yes
Minnesota,Friday,1,No
Minnesota,Saturday,2,No
Minnesota,Saturday,1,No
Minnesota,Monday,1,No
Minnesota,Monday,2,No
Minnesota,Monday,2,No
Minnesota,Wednesday,1,No
Minnesota,Tuesday,1,No
Minnesota,Friday,1,No
Minnesota,Saturday,3,No
Minnesota,Saturday,1,No
Minnesota,Monday,1,No
Minnesota,Wednesday,1,No
Minnesota,Saturday,1,Yes
Minnesota,Saturday,1,No
Minnesota,Monday,1,No
Minnesota,Tuesday,1,No
Minnesota,Wednesday,1,Yes
Minnesota,Friday,1,No
Minnesota,Thursday,1,Yes
Minnesota,Thursday,1,Yes
Minnesota,Tuesday,1,No
Minnesota,Tuesday,1,Yes
Minnesota,Friday,1,No
Minnesota,Friday,1,No
Minnesota,Sunday,1,No
Minnesota,Saturday,1,Yes
Minnesota,Wednesday,1,No
Minnesota,Friday,1,No
Minnesota,Saturday,1,No
Minnesota,Tuesday,1,Yes
Minnesota,Sunday,1,Yes
Minnesota,Wednesday,1,Yes
Minnesota,Wednesday,1,Yes
Minnesota,Tuesday,1,No
Minnesota,Sunday,1,No
Minnesota,Friday,1,Yes
Minnesota,Friday,1,Yes
Minnesota,Friday,1,Yes
Minnesota,Saturday,1,No
Minnesota,Sunday,1,No
Minnesota,Tuesday,1,No
Minnesota,Wednesday,1,Yes
Minnesota,Wednesday,1,No
Minnesota,Monday,1,Yes
Minnesota,Thursday,1,No
Minnesota,Thursday,1,No
Minnesota,Saturday,1,No
Minnesota,Saturday,1,No
Minnesota,Sunday,1,No
Minnesota,Wednesday,2,No
Minnesota,Friday,1,No
Minnesota,Sunday,1,No
Minnesota,Friday,1,No
Minnesota,Saturday,1,No
Minnesota,Sunday,1,Yes
Minnesota,Tuesday,1,No
Minnesota,Saturday,1,Yes
Minnesota,Thursday,1,No
Minnesota,Friday,1,No
Minnesota,Sunday,1,Yes
Minnesota,Sunday,1,No
Minnesota,Sunday,1,Yes
Minnesota,Friday,1,Yes
Minnesota,Friday,1,No
Minnesota,Saturday,1,Yes
Minnesota,Sunday,1,Yes
Minnesota,Friday,2,No
Minnesota,Tuesday,1,No
Minnesota,Tuesday,1,No
Minnesota,Tuesday,1,No
Minnesota,Wednesday,1,No
Minnesota,Wednesday,1,No
Minnesota,Thursday,1,No
Minnesota,Saturday,1,Yes
Minnesota,Saturday,1,No
Minnesota,Saturday,1,Yes
Minnesota,Sunday,1,Yes
Minnesota,Sunday,1,No
Minnesota,Monday,1,No
Minnesota,Wednesday,1,No
Minnesota,Monday,1,Yes
Minnesota,Wednesday,1,Yes
Minnesota,Wednesday,1,No
Minnesota,Thursday,1,No
Minnesota,Thursday,1,No
Minnesota,Thursday,1,Yes
Minnesota,Friday,1,No
Minnesota,Friday,1,No
Minnesota,Saturday,1,Yes
Minnesota,Tuesday,1,Yes
Minnesota,Sunday,3,No
Minnesota,Friday,1,No
Minnesota,Saturday,1,No
Minnesota,Tuesday,1,No
Minnesota,Tuesday,1,No
Minnesota,Wednesday,1,No
Minnesota,Wednesday,1,No
Minnesota,Thursday,1,No
Minnesota,Tuesday,1,No
Minnesota,Saturday,1,No
Minnesota,Sunday,1,No
Minnesota,Wednesday,1,No
Minnesota,Wednesday,3,No
Minnesota,Wednesday,1,No
Minnesota,Friday,1,Yes
Minnesota,Thursday,1,No
Minnesota,Saturday,1,Yes
Minnesota,Monday,1,Yes
Minnesota,Sunday,1,No
Minnesota,Thursday,1,No
Minnesota,Thursday,1,No
Minnesota,Thursday,2,No
Minnesota,Thursday,1,No
Minnesota,Friday,1,No
Minnesota,Saturday,1,No
Minnesota,Sunday,1,Yes
Minnesota,Sunday,1,Yes
Minnesota,Thursday,1,No
Minnesota,Sunday,1,No
Minnesota,Monday,1,No
Minnesota,Wednesday,1,Yes
Minnesota,Wednesday,1,No
Minnesota,Wednesday,1,No
Minnesota,Wednesday,1,No
Minnesota,Thursday,1,No
Minnesota,Thursday,1,No
Minnesota,Saturday,2,No
Minnesota,Saturday,1,No
Minnesota,Tuesday,1,No
Minnesota,Tuesday,1,Yes
Minnesota,Wednesday,1,No
Minnesota,Friday,2,No
Minnesota,Friday,1,No
Minnesota,Saturday,1,Yes
Minnesota,Monday,1,No
Minnesota,Wednesday,1,No
Minnesota,Thursday,1,No
Minnesota,Saturday,1,No
Minnesota,Saturday,1,No
Minnesota,Sunday,1,No
Minnesota,Monday,1,No
Minnesota,Monday,1,No
Minnesota,Thursday,1,No
Minnesota,Saturday,1,Yes
Minnesota,Sunday,1,No
Minnesota,Friday,1,No
Minnesota,Sunday,1,No
Minnesota,Tuesday,1,Yes
Minnesota,Tuesday,1,Yes
Minnesota,Saturday,1,No
Minnesota,Sunday,1,No
Minnesota,Sunday,1,No
Minnesota,Tuesday,2,Yes
Minnesota,Saturday,1,No
Minnesota,Tuesday,1,No
Minnesota,Wednesday,1,No
Minnesota,Wednesday,1,No
Minnesota,Thursday,1,Yes
Minnesota,Thursday,1,No
Minnesota,Friday,1,No
Minnesota,Friday,1,No
Minnesota,Sunday,1,No
Minnesota,Sunday,1,Yes
Minnesota,Tuesday,1,Yes
Minnesota,Thursday,1,Yes
Minnesota,Thursday,1,Yes
Minnesota,Sunday,1,Yes
Minnesota,Monday,1,No
Minnesota,Wednesday,1,No
Minnesota,Friday,1,No
Minnesota,Tuesday,1,No
Minnesota,Thursday,1,No
Minnesota,Saturday,1,Yes
Minnesota,Sunday,2,No
Minnesota,Tuesday,1,Yes
Minnesota,Thursday,1,No
Minnesota,Thursday,1,No
Minnesota,Thursday,1,No
Minnesota,Monday,1,No
Minnesota,Tuesday,1,No
Minnesota,Saturday,1,No
Minnesota,Saturday,1,No
Minnesota,Friday,1,Yes
Minnesota,Saturday,1,No
Minnesota,Tuesday,1,No
Minnesota,Monday,1,No
Minnesota,Wednesday,1,Yes
Minnesota,Wednesday,2,No
Minnesota,Thursday,1,No
Minnesota,Thursday,1,No
Minnesota,Sunday,2,No
Minnesota,Monday,3,Yes
Minnesota,Sunday,1,Yes
Minnesota,Friday,1,Yes
Minnesota,Saturday,1,Yes
Minnesota,Friday,1,No
Minnesota,Wednesday,1,No
Minnesota,Sunday,1,No
Minnesota,Thursday,1,No
Minnesota,Friday,1,No
Minnesota,Saturday,1,No
Minnesota,Sunday,1,Yes
Minnesota,Monday,1,No
Minnesota,Thursday,1,No
Minnesota,Friday,1,No
Minnesota,Monday,1,No
Minnesota,Sunday,1,No
Mississippi,Monday,1,No
Mississippi,Wednesday,1,No
Mississippi,Wednesday,3,No
Mississippi,Wednesday,1,Yes
Mississippi,Thursday,1,No
Mississippi,Thursday,1,No
Mississippi,Friday,1,No
Mississippi,Saturday,1,No
Mississippi,Sunday,2,No
Mississippi,Monday,1,No
Mississippi,Monday,1,Yes
Mississippi,Tuesday,1,No
Mississippi,Wednesday,1,No
Mississippi,Wednesday,1,No
Mississippi,Thursday,1,Yes
Mississippi,Saturday,1,No
Mississippi,Saturday,2,Yes
Mississippi,Sunday,1,Yes
Mississippi,Sunday,1,Yes
Mississippi,Sunday,3,No
Mississippi,Sunday,1,No
Mississippi,Tuesday,1,No
Mississippi,Wednesday,2,No
Mississippi,Thursday,1,No
Mississippi,Friday,2,Yes
Mississippi,Saturday,1,No
Mississippi,Saturday,1,No
Mississippi,Sunday,1,Yes
Mississippi,Monday,1,No
Mississippi,Tuesday,1,No
Mississippi,Tuesday,1,No
Mississippi,Tuesday,1,No
Mississippi,Wednesday,1,No
Mississippi,Thursday,1,No
Mississippi,Thursday,1,No
Mississippi,Thursday,1,No
Mississippi,Thursday,1,No
Mississippi,Sunday,1,Yes
Mississippi,Sunday,1,No
Mississippi,Sunday,2,No
Mississippi,Monday,1,No
Mississippi,Tuesday,1,No
Mississippi,Tuesday,1,No
Mississippi,Wednesday,1,No
Mississippi,Wednesday,1,No
Mississippi,Wednesday,1,Yes
Mississippi,Tuesday,1,No
Mississippi,Thursday,1,No
Mississippi,Thursday,2,No
Mississippi,Friday,1,No
Mississippi,Friday,2,No
Mississippi,Friday,1,No
Mississippi,Friday,1,Yes
Mississippi,Saturday,1,No
Mississippi,Sunday,1,Yes
Mississippi,Tuesday,1,No
Mississippi,Tuesday,1,Yes
Mississippi,Thursday,1,No
Mississippi,Thursday,1,No
Mississippi,Sunday,1,No
Mississippi,Sunday,1,No
Mississippi,Monday,1,No
Mississippi,Thursday,1,Yes
Mississippi,Friday,1,No
Mississippi,Friday,1,No
Mississippi,Friday,2,No
Mississippi,Wednesday,1,No
Mississippi,Friday,1,No
Mississippi,Friday,1,No
Mississippi,Friday,1,No
Mississippi,Friday,1,Yes
Mississippi,Sunday,1,Yes
Mississippi,Sunday,1,No
Mississippi,Tuesday,1,No
Mississippi,Tuesday,1,No
Mississippi,Wednesday,1,No
Mississippi,Tuesday,1,No
Mississippi,Thursday,1,Yes
Mississippi,Friday,1,No
Mississippi,Friday,1,No
Mississippi,Friday,2,No
Mississippi,Friday,1,No
Mississippi,Saturday,1,No
Mississippi,Sunday,1,Yes
Mississippi,Tuesday,1,No
Mississippi,Thursday,1,No
Mississippi,Thursday,1,Yes
Mississippi,Friday,1,No
Mississippi,Friday,1,No
Mississippi,Sunday,1,No
Mississippi,Monday,1,No
Mississippi,Thursday,1,No
Mississippi,Thursday,1,No
Mississippi,Thursday,1,No
Mississippi,Saturday,1,No
Mississippi,Saturday,1,No
Mississippi,Saturday,1,No
Mississippi,Sunday,1,No
Mississippi,Sunday,2,No
Mississippi,Sunday,1,No
Mississippi,Monday,1,No
Mississippi,Monday,1,No
Mississippi,Tuesday,1,Yes
Mississippi,Tuesday,1,Yes
Mississippi,Wednesday,1,No
Mississippi,Thursday,1,No
Mississippi,Thursday,1,Yes
Mississippi,Friday,1,No
Mississippi,Sunday,1,No
Mississippi,Sunday,1,No
Mississippi,Sunday,1,Yes
Mississippi,Monday,1,No
Mississippi,Tuesday,1,Yes
Mississippi,Tuesday,1,No
Mississippi,Tuesday,1,No
Mississippi,Wednesday,1,No
Mississippi,Wednesday,1,No
Mississippi,Thursday,2,No
Mississippi,Friday,1,Yes
Mississippi,Friday,1,No
Mississippi,Sunday,1,Yes
Mississippi,Sunday,1,No
Mississippi,Monday,1,No
Mississippi,Wednesday,1,No
Mississippi,Wednesday,1,No
Mississippi,Tuesday,1,No
Mississippi,Sunday,1,Yes
Mississippi,Tuesday,2,No
Mississippi,Monday,1,No
Mississippi,Tuesday,1,No
Mississippi,Thursday,1,No
Mississippi,Thursday,1,No
Mississippi,Thursday,1,No
Mississippi,Thursday,2,Yes
Mississippi,Friday,1,Yes
Mississippi,Friday,1,No
Mississippi,Saturday,1,Yes
Mississippi,Sunday,1,No
Mississippi,Sunday,1,Yes
Mississippi,Sunday,1,No
Mississippi,Monday,3,No
Mississippi,Friday,2,Yes
Mississippi,Friday,1,No
Mississippi,Saturday,1,Yes
Mississippi,Friday,1,No
Mississippi,Friday,1,No
Mississippi,Friday,1,No
Mississippi,Friday,1,No
Mississippi,Saturday,1,No
Mississippi,Sunday,1,No
Mississippi,Sunday,1,No
Mississippi,Monday,1,No
Mississippi,Monday,1,No
Mississippi,Tuesday,1,No
Mississippi,Thursday,1,No
Mississippi,Thursday,2,No
Mississippi,Friday,1,No
Mississippi,Friday,1,No
Mississippi,Saturday,1,No
Mississippi,Saturday,1,Yes
Mississippi,Monday,1,Yes
Mississippi,Monday,1,No
Mississippi,Tuesday,1,No
Mississippi,Tuesday,3,Yes
Mississippi,Wednesday,1,No
Mississippi,Thursday,1,No
Mississippi,Thursday,1,No
Mississippi,Friday,1,Yes
Mississippi,Saturday,1,Yes
Mississippi,Saturday,3,No
Mississippi,Sunday,1,No
Mississippi,Monday,1,Yes
Mississippi,Wednesday,1,No
Mississippi,Thursday,1,No
Mississippi,Friday,1,No
Mississippi,Friday,1,No
Mississippi,Friday,1,Yes
Mississippi,Saturday,1,No
Mississippi,Monday,1,No
Mississippi,Monday,1,No
Mississippi,Monday,1,No
Mississippi,Tuesday,1,No
Mississippi,Tuesday,1,No
Mississippi,Tuesday,1,No
Mississippi,Thursday,1,No
Mississippi,Thursday,1,No
Mississippi,Friday,1,No
Mississippi,Friday,1,No
Mississippi,Saturday,1,No
Mississippi,Saturday,1,No
Mississippi,Saturday,1,No
Mississippi,Monday,1,Yes
Mississippi,Monday,1,No
Mississippi,Wednesday,1,No
Mississippi,Thursday,1,No
Mississippi,Friday,1,Yes
Mississippi,Friday,1,No
Mississippi,Thursday,1,No
Mississippi,Thursday,1,No
Mississippi,Friday,1,No
Mississippi,Friday,1,No
Mississippi,Saturday,1,No
Mississippi,Saturday,1,Yes
Mississippi,Monday,1,No
Mississippi,Monday,1,No
Mississippi,Monday,1,No
Mississippi,Tuesday,1,No
Mississippi,Tuesday,1,No
Mississippi,Wednesday,1,No
Mississippi,Wednesday,2,Yes
Mississippi,Thursday,1,No
Mississippi,Thursday,1,No
Mississippi,Friday,1,No
Mississippi,Friday,1,No
Mississippi,Friday,1,No
Mississippi,Saturday,1,No
Mississippi,Wednesday,1,No
Mississippi,Wednesday,1,No
Mississippi,Wednesday,1,No
Mississippi,Wednesday,1,No
Mississippi,Wednesday,1,No
Mississippi,Thursday,1,No
Mississippi,Thursday,1,No
Mississippi,Friday,1,No
Mississippi,Sunday,1,No
Mississippi,Monday,1,No
Mississippi,Tuesday,1,No
Mississippi,Tuesday,1,No
Mississippi,Tuesday,1,No
Mississippi,Tuesday,1,No
Mississippi,Wednesday,1,No
Mississippi,Wednesday,1,No
Mississippi,Thursday,1,No
Mississippi,Friday,1,No
Mississippi,Friday,1,No
Mississippi,Friday,1,Yes
Mississippi,Saturday,2,No
Mississippi,Saturday,1,Yes
Mississippi,Saturday,1,No
Mississippi,Sunday,1,No
Mississippi,Sunday,1,No
Mississippi,Sunday,1,No
Mississippi,Sunday,1,No
Mississippi,Monday,1,No
Mississippi,Monday,1,No
Mississippi,Tuesday,1,No
Mississippi,Wednesday,1,No
Mississippi,Wednesday,1,Yes
Mississippi,Wednesday,1,No
Mississippi,Wednesday,1,No
Mississippi,Thursday,1,No
Mississippi,Thursday,1,No
Mississippi,Friday,1,No
Mississippi,Friday,1,No
Mississippi,Friday,1,No
Mississippi,Saturday,1,Yes
Mississippi,Saturday,1,No
Mississippi,Monday,1,No
Mississippi,Monday,1,No
Mississippi,Saturday,1,No
Mississippi,Tuesday,1,No
Mississippi,Monday,1,No
Mississippi,Tuesday,1,No
Mississippi,Friday,1,No
Mississippi,Friday,1,No
Mississippi,Saturday,1,Yes
Mississippi,Saturday,1,No
Mississippi,Sunday,1,No
Mississippi,Monday,1,No
Mississippi,Wednesday,1,Yes
Mississippi,Wednesday,1,No
Mississippi,Thursday,1,No
Mississippi,Thursday,1,No
Mississippi,Thursday,1,No
Mississippi,Thursday,1,No
Mississippi,Thursday,1,No
Mississippi,Saturday,1,Yes
Mississippi,Wednesday,1,Yes
Mississippi,Wednesday,1,No
Mississippi,Thursday,1,No
Mississippi,Friday,1,No
Mississippi,Sunday,1,No
Mississippi,Thursday,2,Yes
Mississippi,Saturday,1,No
Mississippi,Saturday,1,No
Mississippi,Sunday,1,No
Mississippi,Sunday,1,No
Mississippi,Monday,1,No
Mississippi,Monday,1,No
Mississippi,Tuesday,1,Yes
Mississippi,Tuesday,2,No
Mississippi,Thursday,1,No
Mississippi,Friday,1,No
Mississippi,Monday,1,No
Mississippi,Tuesday,1,No
Mississippi,Saturday,1,No
Mississippi,Wednesday,1,No
Mississippi,Saturday,2,No
Mississippi,Thursday,1,No
Mississippi,Sunday,1,No
Mississippi,Friday,1,No
Mississippi,Sunday,1,No
Mississippi,Saturday,1,No
Mississippi,Monday,1,No
Mississippi,Monday,1,No
Mississippi,Tuesday,1,No
Mississippi,Tuesday,1,No
Mississippi,Wednesday,1,No
Mississippi,Thursday,1,No
Mississippi,Thursday,1,No
Mississippi,Thursday,1,No
Mississippi,Friday,1,Yes
Mississippi,Friday,1,No
Mississippi,Saturday,4,Yes
Mississippi,Saturday,1,No
Mississippi,Sunday,1,No
Mississippi,Sunday,1,Yes
Mississippi,Sunday,1,No
Mississippi,Monday,2,No
Mississippi,Monday,1,No
Mississippi,Tuesday,1,Yes
Mississippi,Wednesday,1,No
Mississippi,Friday,1,No
Mississippi,Friday,1,No
Mississippi,Saturday,2,No
Mississippi,Sunday,1,No
Mississippi,Sunday,1,Yes
Mississippi,Sunday,1,No
Mississippi,Sunday,1,Yes
Mississippi,Monday,1,Yes
Mississippi,Monday,1,No
Mississippi,Tuesday,1,No
Mississippi,Tuesday,1,No
Mississippi,Monday,1,No
Mississippi,Wednesday,1,No
Mississippi,Wednesday,2,Yes
Mississippi,Thursday,2,No
Mississippi,Friday,1,No
Mississippi,Friday,1,No
Mississippi,Sunday,1,No
Mississippi,Monday,1,No
Mississippi,Monday,2,No
Mississippi,Tuesday,2,No
Mississippi,Tuesday,1,No
Mississippi,Tuesday,1,No
Mississippi,Tuesday,1,No
Mississippi,Thursday,1,No
Mississippi,Thursday,1,No
Mississippi,Friday,1,No
Mississippi,Friday,1,No
Mississippi,Monday,1,No
Mississippi,Monday,2,No
Mississippi,Tuesday,1,No
Mississippi,Wednesday,1,No
Mississippi,Thursday,1,No
Mississippi,Thursday,1,No
Mississippi,Friday,1,No
Mississippi,Saturday,1,No
Mississippi,Monday,1,No
Mississippi,Monday,1,No
Mississippi,Wednesday,1,No
Mississippi,Wednesday,1,Yes
Mississippi,Wednesday,1,No
Mississippi,Thursday,1,No
Mississippi,Thursday,1,No
Mississippi,Friday,1,No
Mississippi,Friday,1,No
Mississippi,Friday,1,No
Mississippi,Friday,1,No
Mississippi,Saturday,2,No
Mississippi,Saturday,1,No
Mississippi,Sunday,1,Yes
Mississippi,Monday,1,No
Mississippi,Monday,1,No
Mississippi,Tuesday,1,Yes
Mississippi,Wednesday,2,No
Mississippi,Thursday,1,No
Mississippi,Friday,2,No
Mississippi,Friday,1,No
Mississippi,Friday,1,No
Mississippi,Friday,1,No
Mississippi,Tuesday,1,No
Mississippi,Saturday,1,No
Mississippi,Saturday,1,No
Mississippi,Saturday,2,Yes
Mississippi,Saturday,1,Yes
Mississippi,Sunday,1,No
Mississippi,Sunday,1,No
Mississippi,Wednesday,1,No
Mississippi,Thursday,1,No
Mississippi,Thursday,1,No
Mississippi,Friday,1,No
Mississippi,Saturday,1,No
Mississippi,Saturday,1,No
Mississippi,Saturday,1,No
Mississippi,Sunday,1,No
Mississippi,Sunday,1,Yes
Mississippi,Wednesday,2,No
Mississippi,Wednesday,1,No
Mississippi,Thursday,3,No
Mississippi,Friday,1,No
Mississippi,Saturday,1,Yes
Mississippi,Saturday,1,No
Mississippi,Saturday,1,No
Mississippi,Sunday,1,Yes
Mississippi,Sunday,1,No
Mississippi,Tuesday,1,No
Mississippi,Tuesday,1,No
Mississippi,Tuesday,1,No
Mississippi,Thursday,1,No
Mississippi,Friday,2,No
Mississippi,Saturday,1,No
Mississippi,Monday,1,Yes
Mississippi,Monday,1,No
Mississippi,Tuesday,1,No
Mississippi,Wednesday,1,No
Mississippi,Thursday,1,No
Mississippi,Friday,1,No
Mississippi,Tuesday,1,No
Mississippi,Thursday,1,No
Mississippi,Saturday,1,No
Mississippi,Monday,1,Yes
Mississippi,Monday,1,No
Mississippi,Tuesday,1,No
Mississippi,Wednesday,1,No
Mississippi,Wednesday,2,No
Mississippi,Thursday,1,Yes
Mississippi,Thursday,1,No
Mississippi,Friday,1,Yes
Mississippi,Friday,1,No
Mississippi,Friday,1,No
Mississippi,Friday,1,No
Mississippi,Saturday,1,Yes
Mississippi,Saturday,1,No
Mississippi,Sunday,1,No
Mississippi,Sunday,1,No
Mississippi,Sunday,1,No
Mississippi,Sunday,1,Yes
Mississippi,Monday,1,No
Mississippi,Tuesday,1,No
Mississippi,Tuesday,1,No
Mississippi,Wednesday,1,No
Mississippi,Wednesday,2,No
Mississippi,Wednesday,1,No
Mississippi,Thursday,2,No
Mississippi,Thursday,1,Yes
Mississippi,Thursday,1,No
Mississippi,Friday,1,No
Mississippi,Friday,1,No
Mississippi,Friday,1,No
Mississippi,Sunday,1,No
Mississippi,Sunday,1,No
Mississippi,Monday,1,No
Mississippi,Monday,1,No
Mississippi,Monday,1,No
Mississippi,Tuesday,1,No
Mississippi,Tuesday,1,No
Mississippi,Tuesday,1,No
Mississippi,Tuesday,2,No
Mississippi,Wednesday,2,No
Mississippi,Wednesday,1,No
Mississippi,Thursday,1,No
Mississippi,Thursday,1,Yes
Mississippi,Thursday,1,Yes
Mississippi,Thursday,1,No
Mississippi,Thursday,1,No
Mississippi,Friday,1,No
Mississippi,Friday,1,No
Mississippi,Saturday,1,Yes
Mississippi,Friday,1,No
Mississippi,Sunday,1,Yes
Mississippi,Sunday,1,Yes
Mississippi,Sunday,1,Yes
Mississippi,Monday,1,No
Mississippi,Monday,1,No
Mississippi,Monday,1,No
Mississippi,Monday,1,No
Mississippi,Thursday,1,No
Mississippi,Thursday,1,No
Mississippi,Friday,1,No
Mississippi,Friday,1,No
Mississippi,Friday,1,No
Mississippi,Saturday,1,Yes
Mississippi,Saturday,1,No
Mississippi,Sunday,2,No
Mississippi,Saturday,1,No
Mississippi,Tuesday,1,No
Mississippi,Wednesday,1,No
Mississippi,Thursday,1,No
Mississippi,Friday,1,No
Mississippi,Saturday,1,Yes
Mississippi,Saturday,1,No
Mississippi,Saturday,1,No
Mississippi,Saturday,1,No
Mississippi,Sunday,1,No
Mississippi,Sunday,1,Yes
Mississippi,Sunday,1,No
Mississippi,Monday,1,No
Mississippi,Tuesday,1,No
Mississippi,Wednesday,1,No
Mississippi,Wednesday,1,No
Mississippi,Wednesday,1,Yes
Mississippi,Thursday,1,No
Mississippi,Thursday,1,No
Mississippi,Friday,1,Yes
Mississippi,Friday,1,No
Mississippi,Monday,1,No
Mississippi,Sunday,2,Yes
Mississippi,Monday,1,No
Mississippi,Friday,1,No
Mississippi,Tuesday,1,No
Mississippi,Tuesday,1,No
Mississippi,Tuesday,1,No
Mississippi,Tuesday,1,Yes
Mississippi,Wednesday,2,No
Mississippi,Friday,1,No
Mississippi,Friday,1,No
Mississippi,Friday,1,No
Mississippi,Friday,2,Yes
Mississippi,Tuesday,1,Yes
Mississippi,Saturday,1,No
Mississippi,Saturday,1,No
Mississippi,Sunday,2,No
Mississippi,Monday,1,Yes
Mississippi,Monday,1,No
Mississippi,Tuesday,1,No
Mississippi,Thursday,1,No
Mississippi,Wednesday,1,No
Mississippi,Thursday,3,Yes
Mississippi,Thursday,1,No
Mississippi,Friday,1,No
Mississippi,Friday,1,No
Mississippi,Saturday,1,Yes
Mississippi,Saturday,1,No
Mississippi,Saturday,1,No
Mississippi,Saturday,1,No
Mississippi,Monday,1,No
Mississippi,Tuesday,1,No
Mississippi,Tuesday,2,No
Mississippi,Thursday,1,Yes
Mississippi,Thursday,1,No
Mississippi,Thursday,1,No
Mississippi,Wednesday,1,No
Mississippi,Friday,1,Yes
Mississippi,Saturday,1,No
Mississippi,Tuesday,1,No
Mississippi,Thursday,1,Yes
Mississippi,Sunday,1,No
Mississippi,Thursday,1,No
Mississippi,Thursday,1,No
Mississippi,Saturday,1,Yes
Mississippi,Sunday,1,No
Mississippi,Monday,1,No
Mississippi,Monday,1,No
Mississippi,Friday,1,No
Mississippi,Tuesday,2,No
Mississippi,Wednesday,1,No
Mississippi,Thursday,1,No
Mississippi,Thursday,1,Yes
Mississippi,Friday,1,No
Mississippi,Saturday,1,No
Mississippi,Tuesday,2,No
Mississippi,Tuesday,1,No
Mississippi,Wednesday,1,No
Mississippi,Wednesday,1,No
Mississippi,Thursday,2,No
Mississippi,Friday,1,No
Mississippi,Friday,1,No
Mississippi,Friday,1,No
Mississippi,Monday,1,No
Mississippi,Monday,1,No
Mississippi,Wednesday,1,No
Mississippi,Thursday,1,No
Mississippi,Thursday,1,No
Mississippi,Friday,1,No
Mississippi,Saturday,1,No
Mississippi,Sunday,1,No
Mississippi,Saturday,1,No
Mississippi,Friday,1,No
Mississippi,Saturday,1,No
Mississippi,Sunday,1,No
Mississippi,Tuesday,1,No
Mississippi,Wednesday,2,No
Mississippi,Wednesday,1,No
Mississippi,Thursday,1,No
Mississippi,Saturday,1,No
Mississippi,Saturday,2,Yes
Mississippi,Monday,1,No
Mississippi,Monday,1,No
Mississippi,Monday,1,No
Mississippi,Sunday,2,No
Mississippi,Tuesday,1,No
Mississippi,Monday,1,No
Mississippi,Friday,1,No
Mississippi,Sunday,1,Yes
Mississippi,Monday,1,No
Mississippi,Thursday,1,No
Missouri,Monday,1,Yes
Missouri,Monday,1,Yes
Missouri,Monday,1,No
Missouri,Tuesday,1,No
Missouri,Thursday,1,Yes
Missouri,Friday,1,No
Missouri,Friday,2,Yes
Missouri,Friday,1,Yes
Missouri,Saturday,1,No
Missouri,Sunday,1,Yes
Missouri,Sunday,1,Yes
Missouri,Sunday,1,No
Missouri,Monday,2,No
Missouri,Tuesday,2,No
Missouri,Tuesday,1,No
Missouri,Wednesday,1,Yes
Missouri,Wednesday,2,No
Missouri,Wednesday,1,No
Missouri,Wednesday,1,No
Missouri,Wednesday,1,Yes
Missouri,Thursday,1,No
Missouri,Thursday,1,Yes
Missouri,Saturday,1,No
Missouri,Sunday,1,No
Missouri,Saturday,2,No
Missouri,Sunday,1,Yes
Missouri,Sunday,1,No
Missouri,Monday,1,No
Missouri,Monday,1,No
Missouri,Monday,1,No
Missouri,Tuesday,1,Yes
Missouri,Tuesday,1,No
Missouri,Tuesday,1,No
Missouri,Wednesday,1,No
Missouri,Wednesday,1,No
Missouri,Friday,1,No
Missouri,Friday,2,No
Missouri,Saturday,1,No
Missouri,Saturday,1,No
Missouri,Sunday,1,No
Missouri,Thursday,1,No
Missouri,Friday,1,No
Missouri,Saturday,1,No
Missouri,Saturday,1,No
Missouri,Saturday,1,Yes
Missouri,Saturday,1,Yes
Missouri,Saturday,1,Yes
Missouri,Saturday,1,No
Missouri,Sunday,1,No
Missouri,Sunday,1,No
Missouri,Monday,1,No
Missouri,Wednesday,1,No
Missouri,Sunday,1,No
Missouri,Sunday,1,No
Missouri,Sunday,1,No
Missouri,Sunday,1,No
Missouri,Sunday,1,No
Missouri,Sunday,1,No
Missouri,Monday,1,Yes
Missouri,Sunday,1,Yes
Missouri,Monday,1,No
Missouri,Tuesday,2,No
Missouri,Tuesday,1,No
Missouri,Wednesday,1,Yes
Missouri,Thursday,1,No
Missouri,Thursday,1,No
Missouri,Thursday,1,No
Missouri,Friday,1,No
Missouri,Friday,1,No
Missouri,Friday,1,No
Missouri,Saturday,1,No
Missouri,Saturday,1,No
Missouri,Monday,1,No
Missouri,Monday,1,Yes
Missouri,Tuesday,1,No
Missouri,Thursday,1,No
Missouri,Friday,1,No
Missouri,Friday,1,No
Missouri,Friday,1,Yes
Missouri,Monday,1,No
Missouri,Monday,1,No
Missouri,Wednesday,1,No
Missouri,Saturday,1,Yes
Missouri,Sunday,1,No
Missouri,Saturday,2,No
Missouri,Sunday,1,No
Missouri,Monday,1,No
Missouri,Tuesday,1,No
Missouri,Wednesday,1,No
Missouri,Monday,1,No
Missouri,Sunday,1,Yes
Missouri,Saturday,1,No
Missouri,Saturday,1,No
Missouri,Sunday,1,Yes
Missouri,Tuesday,1,No
Missouri,Thursday,2,Yes
Missouri,Monday,1,Yes
Missouri,Tuesday,1,No
Missouri,Friday,1,No
Missouri,Tuesday,1,Yes
Missouri,Tuesday,1,No
Missouri,Wednesday,1,No
Missouri,Saturday,1,No
Missouri,Friday,2,No
Missouri,Friday,1,No
Missouri,Friday,1,Yes
Missouri,Saturday,1,Yes
Missouri,Sunday,1,No
Missouri,Monday,1,No
Missouri,Monday,1,No
Missouri,Monday,1,No
Missouri,Monday,1,Yes
Missouri,Wednesday,1,No
Missouri,Wednesday,1,No
Missouri,Thursday,1,No
Missouri,Thursday,2,No
Missouri,Friday,3,No
Missouri,Saturday,1,Yes
Missouri,Sunday,1,Yes
Missouri,Wednesday,1,Yes
Missouri,Thursday,1,No
Missouri,Sunday,1,No
Missouri,Monday,1,No
Missouri,Tuesday,1,No
Missouri,Tuesday,1,No
Missouri,Tuesday,1,No
Missouri,Friday,1,No
Missouri,Tuesday,1,No
Missouri,Tuesday,1,No
Missouri,Friday,1,No
Missouri,Friday,1,No
Missouri,Friday,1,Yes
Missouri,Sunday,1,Yes
Missouri,Sunday,1,No
Missouri,Tuesday,1,Yes
Missouri,Thursday,1,No
Missouri,Saturday,1,No
Missouri,Sunday,1,No
Missouri,Sunday,1,Yes
Missouri,Sunday,1,No
Missouri,Monday,1,No
Missouri,Wednesday,1,No
Missouri,Thursday,1,No
Missouri,Wednesday,1,No
Missouri,Saturday,1,No
Missouri,Saturday,1,No
Missouri,Wednesday,1,No
Missouri,Wednesday,1,No
Missouri,Sunday,1,No
Missouri,Saturday,1,Yes
Missouri,Sunday,1,No
Missouri,Sunday,1,No
Missouri,Monday,1,No
Missouri,Monday,1,No
Missouri,Tuesday,1,No
Missouri,Friday,1,Yes
Missouri,Friday,1,No
Missouri,Saturday,1,No
Missouri,Wednesday,1,No
Missouri,Wednesday,1,No
Missouri,Thursday,3,No
Missouri,Monday,1,Yes
Missouri,Friday,1,Yes
Missouri,Friday,2,No
Missouri,Saturday,1,No
Missouri,Monday,1,Yes
Missouri,Monday,1,No
Missouri,Monday,1,No
Missouri,Tuesday,1,No
Missouri,Thursday,1,Yes
Missouri,Thursday,2,No
Missouri,Thursday,1,Yes
Missouri,Friday,1,No
Missouri,Friday,1,No
Missouri,Friday,1,No
Missouri,Saturday,1,No
Missouri,Saturday,1,Yes
Missouri,Sunday,1,No
Missouri,Sunday,1,No
Missouri,Sunday,1,No
Missouri,Wednesday,1,No
Missouri,Thursday,1,No
Missouri,Thursday,2,No
Missouri,Friday,1,No
Missouri,Friday,1,No
Missouri,Saturday,1,No
Missouri,Sunday,1,Yes
Missouri,Friday,1,No
Missouri,Monday,1,No
Missouri,Monday,1,No
Missouri,Tuesday,1,No
Missouri,Tuesday,1,No
Missouri,Tuesday,1,No
Missouri,Tuesday,1,Yes
Missouri,Tuesday,1,No
Missouri,Wednesday,1,No
Missouri,Wednesday,1,Yes
Missouri,Thursday,1,No
Missouri,Thursday,1,No
Missouri,Thursday,1,No
Missouri,Thursday,1,Yes
Missouri,Friday,1,Yes
Missouri,Saturday,1,Yes
Missouri,Sunday,1,Yes
Missouri,Sunday,2,Yes
Missouri,Monday,1,Yes
Missouri,Monday,1,No
Missouri,Tuesday,1,No
Missouri,Sunday,1,No
Missouri,Sunday,1,No
Missouri,Sunday,1,No
Missouri,Saturday,1,No
Missouri,Wednesday,1,No
Missouri,Thursday,1,No
Missouri,Thursday,1,No
Missouri,Thursday,1,No
Missouri,Friday,1,No
Missouri,Friday,1,No
Missouri,Friday,1,No
Missouri,Saturday,1,No
Missouri,Wednesday,1,No
Missouri,Tuesday,1,No
Missouri,Saturday,1,No
Missouri,Monday,1,No
Missouri,Monday,1,No
Missouri,Tuesday,1,No
Missouri,Tuesday,1,No
Missouri,Tuesday,1,No
Missouri,Saturday,1,No
Missouri,Tuesday,2,No
Missouri,Friday,1,No
Missouri,Saturday,1,Yes
Missouri,Saturday,1,Yes
Missouri,Sunday,1,Yes
Missouri,Sunday,1,Yes
Missouri,Monday,1,No
Missouri,Monday,1,Yes
Missouri,Wednesday,1,Yes
Missouri,Wednesday,1,No
Missouri,Thursday,1,No
Missouri,Friday,1,No
Missouri,Tuesday,1,No
Missouri,Friday,1,No
Missouri,Saturday,1,No
Missouri,Saturday,1,Yes
Missouri,Saturday,1,Yes
Missouri,Saturday,1,No
Missouri,Saturday,1,Yes
Missouri,Saturday,1,No
Missouri,Sunday,1,No
Missouri,Sunday,1,No
Missouri,Sunday,1,No
Missouri,Sunday,1,No
Missouri,Monday,1,No
Missouri,Monday,1,No
Missouri,Monday,1,No
Missouri,Wednesday,1,No
Missouri,Wednesday,1,No
Missouri,Thursday,1,No
Missouri,Friday,1,No
Missouri,Saturday,1,Yes
Missouri,Monday,1,No
Missouri,Monday,1,No
Missouri,Thursday,1,No
Missouri,Thursday,1,No
Missouri,Monday,1,No
Missouri,Tuesday,2,Yes
Missouri,Saturday,2,Yes
Missouri,Sunday,1,Yes
Missouri,Sunday,1,Yes
Missouri,Tuesday,1,No
Missouri,Wednesday,1,No
Missouri,Saturday,1,No
Missouri,Sunday,1,No
Missouri,Sunday,1,No
Missouri,Friday,1,Yes
Missouri,Tuesday,1,No
Missouri,Tuesday,1,No
Missouri,Wednesday,1,Yes
Missouri,Wednesday,1,No
Missouri,Thursday,1,No
Missouri,Thursday,1,No
Missouri,Friday,1,No
Missouri,Saturday,1,No
Missouri,Saturday,1,No
Missouri,Saturday,1,No
Missouri,Saturday,1,No
Missouri,Saturday,1,Yes
Missouri,Saturday,1,Yes
Missouri,Sunday,1,Yes
Missouri,Sunday,1,No
Missouri,Sunday,1,No
Missouri,Sunday,1,No
Missouri,Tuesday,1,No
Missouri,Wednesday,1,No
Missouri,Wednesday,1,No
Missouri,Thursday,1,Yes
Missouri,Tuesday,1,No
Missouri,Wednesday,1,No
Missouri,Saturday,1,No
Missouri,Thursday,1,Yes
Missouri,Wednesday,1,No
Missouri,Wednesday,1,Yes
Missouri,Wednesday,1,Yes
Missouri,Thursday,1,No
Missouri,Friday,1,No
Missouri,Saturday,1,Yes
Missouri,Saturday,1,No
Missouri,Saturday,2,No
Missouri,Sunday,1,Yes
Missouri,Wednesday,1,No
Missouri,Friday,4,Yes
Missouri,Friday,1,No
Missouri,Friday,2,No
Missouri,Saturday,1,Yes
Missouri,Monday,1,No
Missouri,Monday,1,No
Missouri,Tuesday,1,No
Missouri,Wednesday,1,Yes
Missouri,Thursday,1,No
Missouri,Sunday,1,No
Missouri,Monday,1,No
Missouri,Tuesday,1,No
Missouri,Tuesday,1,Yes
Missouri,Wednesday,1,No
Missouri,Wednesday,1,No
Missouri,Thursday,1,No
Missouri,Friday,1,No
Missouri,Friday,1,No
Missouri,Tuesday,1,No
Missouri,Thursday,1,No
Missouri,Friday,1,No
Missouri,Friday,1,No
Missouri,Friday,1,No
Missouri,Saturday,2,No
Missouri,Sunday,1,No
Missouri,Sunday,1,No
Missouri,Monday,1,No
Missouri,Monday,1,Yes
Missouri,Tuesday,1,Yes
Missouri,Tuesday,1,No
Missouri,Wednesday,1,No
Missouri,Saturday,1,Yes
Missouri,Sunday,1,Yes
Missouri,Sunday,1,No
Missouri,Sunday,1,No
Missouri,Sunday,1,No
Missouri,Sunday,1,Yes
Missouri,Sunday,1,No
Missouri,Friday,1,Yes
Missouri,Monday,1,Yes
Missouri,Wednesday,1,No
Missouri,Wednesday,1,No
Missouri,Wednesday,1,Yes
Missouri,Wednesday,1,No
Missouri,Thursday,2,No
Missouri,Thursday,1,Yes
Missouri,Thursday,1,No
Missouri,Friday,1,No
Missouri,Saturday,1,Yes
Missouri,Friday,1,No
Missouri,Saturday,1,No
Missouri,Saturday,1,Yes
Missouri,Saturday,1,No
Missouri,Saturday,1,Yes
Missouri,Saturday,1,Yes
Missouri,Saturday,1,No
Missouri,Sunday,1,No
Missouri,Sunday,1,Yes
Missouri,Monday,1,No
Missouri,Sunday,1,No
Missouri,Monday,1,No
Missouri,Wednesday,1,No
Missouri,Wednesday,1,Yes
Missouri,Thursday,2,Yes
Missouri,Thursday,1,Yes
Missouri,Friday,1,Yes
Missouri,Friday,1,Yes
Missouri,Saturday,1,Yes
Missouri,Saturday,1,Yes
Missouri,Sunday,1,No
Missouri,Monday,1,No
Missouri,Tuesday,1,No
Missouri,Wednesday,1,No
Missouri,Wednesday,1,No
Missouri,Friday,1,Yes
Missouri,Friday,1,No
Missouri,Wednesday,1,Yes
Missouri,Wednesday,1,Yes
Missouri,Thursday,1,Yes
Missouri,Thursday,1,No
Missouri,Thursday,1,Yes
Missouri,Thursday,2,No
Missouri,Friday,1,No
Missouri,Friday,1,Yes
Missouri,Wednesday,1,Yes
Missouri,Friday,1,No
Missouri,Friday,1,Yes
Missouri,Thursday,1,No
Missouri,Friday,1,No
Missouri,Sunday,1,No
Missouri,Sunday,1,No
Missouri,Sunday,1,No
Missouri,Monday,1,No
Missouri,Monday,1,No
Missouri,Monday,1,No
Missouri,Monday,1,No
Missouri,Wednesday,1,No
Missouri,Wednesday,1,No
Missouri,Thursday,1,No
Missouri,Thursday,3,No
Missouri,Friday,1,No
Missouri,Saturday,1,Yes
Missouri,Saturday,1,No
Missouri,Sunday,1,No
Missouri,Sunday,1,No
Missouri,Sunday,1,No
Missouri,Monday,1,No
Missouri,Monday,1,No
Missouri,Monday,1,No
Missouri,Wednesday,1,No
Missouri,Thursday,1,No
Missouri,Thursday,1,Yes
Missouri,Thursday,1,No
Missouri,Friday,1,No
Missouri,Saturday,1,No
Missouri,Saturday,1,No
Missouri,Wednesday,1,No
Missouri,Sunday,1,No
Missouri,Saturday,1,Yes
Missouri,Monday,2,Yes
Missouri,Monday,1,No
Missouri,Wednesday,2,No
Missouri,Wednesday,1,No
Missouri,Saturday,1,Yes
Missouri,Saturday,1,No
Missouri,Sunday,1,Yes
Missouri,Sunday,1,No
Missouri,Sunday,1,No
Missouri,Thursday,1,No
Missouri,Monday,1,No
Missouri,Tuesday,2,No
Missouri,Wednesday,1,No
Missouri,Thursday,1,No
Missouri,Sunday,1,Yes
Missouri,Monday,1,No
Missouri,Tuesday,1,No
Missouri,Tuesday,1,No
Missouri,Tuesday,1,No
Missouri,Sunday,1,No
Missouri,Sunday,1,Yes
Missouri,Friday,1,No
Missouri,Monday,1,Yes
Missouri,Tuesday,1,No
Missouri,Friday,1,No
Missouri,Saturday,1,Yes
Missouri,Saturday,1,No
Missouri,Sunday,1,Yes
Missouri,Monday,1,No
Missouri,Wednesday,1,No
Missouri,Sunday,1,No
Missouri,Monday,1,No
Missouri,Wednesday,1,Yes
Missouri,Tuesday,1,Yes
Missouri,Wednesday,1,No
Missouri,Wednesday,1,No
Missouri,Thursday,1,No
Missouri,Thursday,1,Yes
Missouri,Thursday,1,No
Missouri,Thursday,1,No
Missouri,Friday,2,No
Missouri,Friday,1,No
Missouri,Sunday,1,No
Missouri,Sunday,1,No
Missouri,Friday,1,No
Missouri,Friday,1,No
Missouri,Friday,1,No
Missouri,Friday,1,No
Missouri,Friday,1,No
Missouri,Saturday,1,No
Missouri,Saturday,1,Yes
Missouri,Saturday,1,No
Missouri,Saturday,1,Yes
Missouri,Sunday,1,No
Missouri,Sunday,1,No
Missouri,Sunday,1,No
Missouri,Sunday,1,Yes
Missouri,Wednesday,1,No
Missouri,Wednesday,1,Yes
Missouri,Saturday,1,No
Missouri,Monday,1,No
Missouri,Monday,1,Yes
Missouri,Monday,1,Yes
Missouri,Tuesday,1,No
Missouri,Tuesday,1,No
Missouri,Tuesday,1,No
Missouri,Wednesday,1,No
Missouri,Wednesday,1,No
Missouri,Wednesday,1,Yes
Missouri,Wednesday,2,Yes
Missouri,Thursday,1,No
Missouri,Friday,3,No
Missouri,Friday,1,No
Missouri,Friday,1,No
Missouri,Saturday,1,No
Missouri,Saturday,1,Yes
Missouri,Sunday,1,Yes
Missouri,Sunday,1,Yes
Missouri,Monday,1,No
Missouri,Tuesday,1,No
Missouri,Tuesday,1,No
Missouri,Tuesday,1,No
Missouri,Wednesday,1,No
Missouri,Saturday,1,Yes
Missouri,Friday,1,Yes
Missouri,Wednesday,2,No
Missouri,Wednesday,1,No
Missouri,Thursday,1,No
Missouri,Thursday,1,No
Missouri,Thursday,1,No
Missouri,Saturday,1,Yes
Missouri,Saturday,1,No
Missouri,Sunday,1,Yes
Missouri,Sunday,1,No
Missouri,Sunday,1,No
Missouri,Sunday,2,No
Missouri,Monday,1,No
Missouri,Saturday,1,No
Missouri,Friday,2,No
Missouri,Saturday,1,No
Missouri,Saturday,1,No
Missouri,Tuesday,1,No
Missouri,Friday,1,No
Missouri,Saturday,1,No
Missouri,Monday,1,No
Missouri,Tuesday,1,No
Missouri,Wednesday,1,Yes
Missouri,Wednesday,1,No
Missouri,Saturday,1,No
Missouri,Wednesday,1,No
Missouri,Thursday,1,No
Missouri,Thursday,1,Yes
Missouri,Thursday,1,No
Missouri,Thursday,1,Yes
Missouri,Friday,2,Yes
Missouri,Friday,1,No
Missouri,Friday,1,No
Missouri,Friday,1,No
Missouri,Saturday,1,No
Missouri,Saturday,2,No
Missouri,Sunday,1,No
Missouri,Sunday,1,Yes
Missouri,Monday,1,No
Missouri,Monday,1,No
Missouri,Wednesday,1,No
Missouri,Wednesday,1,No
Missouri,Thursday,2,Yes
Missouri,Thursday,1,No
Missouri,Friday,1,No
Missouri,Friday,1,Yes
Missouri,Saturday,1,No
Missouri,Saturday,1,No
Missouri,Saturday,1,No
Missouri,Saturday,1,Yes
Missouri,Saturday,1,No
Missouri,Sunday,1,No
Missouri,Monday,1,No
Missouri,Monday,1,No
Missouri,Monday,1,No
Missouri,Wednesday,1,No
Missouri,Wednesday,2,No
Missouri,Thursday,1,No
Missouri,Monday,1,No
Missouri,Sunday,1,No
Missouri,Thursday,1,No
Missouri,Friday,1,No
Missouri,Saturday,1,No
Missouri,Sunday,1,Yes
Missouri,Sunday,1,No
Missouri,Monday,1,Yes
Missouri,Monday,1,No
Missouri,Monday,1,No
Missouri,Sunday,1,No
Missouri,Tuesday,1,No
Missouri,Sunday,1,No
Missouri,Tuesday,1,Yes
Missouri,Wednesday,1,No
Missouri,Wednesday,1,Yes
Missouri,Wednesday,1,Yes
Missouri,Wednesday,1,No
Missouri,Thursday,1,No
Missouri,Thursday,1,No
Missouri,Friday,1,Yes
Missouri,Friday,1,Yes
Missouri,Saturday,1,No
Missouri,Saturday,1,Yes
Missouri,Sunday,1,No
Missouri,Sunday,1,No
Missouri,Sunday,1,No
Missouri,Sunday,1,No
Missouri,Sunday,1,No
Missouri,Monday,1,No
Missouri,Monday,1,No
Missouri,Tuesday,1,No
Missouri,Tuesday,2,No
Missouri,Tuesday,1,No
Missouri,Tuesday,1,No
Missouri,Tuesday,1,No
Missouri,Friday,1,Yes
Missouri,Friday,1,No
Missouri,Saturday,1,Yes
Missouri,Saturday,1,No
Missouri,Saturday,1,Yes
Missouri,Saturday,1,Yes
Missouri,Sunday,1,Yes
Missouri,Sunday,1,Yes
Missouri,Monday,1,No
Missouri,Monday,1,No
Missouri,Monday,1,No
Missouri,Tuesday,1,No
Missouri,Tuesday,1,No
Missouri,Wednesday,1,No
Missouri,Wednesday,1,Yes
Missouri,Thursday,1,No
Missouri,Tuesday,1,No
Missouri,Tuesday,1,Yes
Missouri,Wednesday,1,No
Missouri,Wednesday,1,No
Missouri,Thursday,1,No
Missouri,Thursday,1,No
Missouri,Friday,2,No
Missouri,Friday,1,No
Missouri,Friday,2,No
Missouri,Friday,1,No
Missouri,Friday,1,No
Missouri,Saturday,1,No
Missouri,Saturday,1,No
Missouri,Sunday,1,No
Missouri,Thursday,1,No
Missouri,Friday,2,Yes
Missouri,Thursday,1,No
Missouri,Sunday,1,Yes
Missouri,Sunday,1,Yes
Missouri,Sunday,1,No
Missouri,Monday,1,No
Missouri,Wednesday,3,No
Missouri,Wednesday,1,No
Missouri,Wednesday,1,Yes
Missouri,Wednesday,1,Yes
Missouri,Tuesday,1,No
Missouri,Wednesday,1,No
Missouri,Thursday,1,No
Missouri,Thursday,1,No
Missouri,Monday,1,No
Missouri,Thursday,1,No
Missouri,Saturday,1,No
Missouri,Tuesday,1,No
Missouri,Tuesday,1,No
Missouri,Thursday,1,No
Missouri,Thursday,1,No
Missouri,Friday,1,No
Missouri,Friday,1,No
Missouri,Thursday,1,No
Missouri,Friday,1,No
Missouri,Friday,1,Yes
Missouri,Friday,1,No
Missouri,Saturday,1,No
Missouri,Saturday,1,Yes
Missouri,Saturday,1,No
Missouri,Saturday,1,No
Missouri,Saturday,1,No
Missouri,Saturday,1,No
Missouri,Saturday,1,Yes
Missouri,Sunday,1,Yes
Missouri,Monday,1,No
Missouri,Sunday,1,No
Missouri,Wednesday,1,No
Missouri,Monday,1,Yes
Missouri,Thursday,1,No
Missouri,Friday,1,No
Missouri,Saturday,1,No
Missouri,Saturday,1,No
Missouri,Sunday,1,No
Missouri,Sunday,1,No
Missouri,Monday,1,No
Missouri,Monday,1,No
Missouri,Tuesday,2,Yes
Missouri,Tuesday,2,No
Missouri,Friday,2,No
Missouri,Friday,1,Yes
Missouri,Saturday,1,Yes
Missouri,Wednesday,1,No
Missouri,Tuesday,1,No
Missouri,Wednesday,1,Yes
Missouri,Saturday,1,Yes
Missouri,Saturday,1,No
Missouri,Saturday,1,No
Missouri,Sunday,1,No
Missouri,Sunday,1,No
Missouri,Thursday,1,No
Missouri,Friday,1,No
Missouri,Friday,1,No
Missouri,Saturday,1,Yes
Missouri,Sunday,2,No
Missouri,Sunday,1,Yes
Missouri,Sunday,1,Yes
Missouri,Tuesday,1,Yes
Missouri,Saturday,1,No
Missouri,Monday,1,No
Missouri,Saturday,1,Yes
Missouri,Monday,1,No
Missouri,Tuesday,1,No
Missouri,Sunday,1,No
Missouri,Monday,1,No
Missouri,Saturday,1,Yes
Missouri,Saturday,1,No
Missouri,Saturday,1,No
Missouri,Sunday,4,Yes
Missouri,Sunday,1,Yes
Missouri,Monday,1,No
Missouri,Wednesday,1,No
Missouri,Wednesday,1,No
Missouri,Wednesday,1,Yes
Missouri,Friday,1,No
Missouri,Friday,1,Yes
Missouri,Friday,1,No
Missouri,Saturday,1,No
Missouri,Tuesday,1,No
Missouri,Thursday,1,No
Missouri,Friday,1,No
Missouri,Friday,1,No
Missouri,Monday,1,No
Missouri,Monday,1,No
Missouri,Monday,1,No
Missouri,Tuesday,1,No
Missouri,Tuesday,1,No
Missouri,Wednesday,1,No
Missouri,Thursday,1,No
Missouri,Thursday,1,No
Missouri,Friday,1,No
Missouri,Friday,1,No
Missouri,Saturday,1,No
Missouri,Monday,1,No
Missouri,Monday,1,No
Missouri,Wednesday,4,Yes
Missouri,Saturday,1,No
Missouri,Sunday,1,Yes
Missouri,Tuesday,1,No
Missouri,Thursday,1,No
Missouri,Friday,1,Yes
Missouri,Saturday,1,No
Missouri,Monday,1,No
Missouri,Monday,1,No
Missouri,Tuesday,1,No
Missouri,Tuesday,1,No
Missouri,Thursday,1,Yes
Missouri,Friday,1,No
Missouri,Friday,1,No
Missouri,Wednesday,1,No
Missouri,Friday,1,No
Missouri,Tuesday,1,No
Missouri,Thursday,1,Yes
Missouri,Thursday,1,No
Missouri,Saturday,1,No
Missouri,Friday,1,No
Missouri,Friday,1,Yes
Missouri,Friday,1,No
Missouri,Saturday,1,No
Missouri,Saturday,1,Yes
Missouri,Monday,1,No
Missouri,Monday,1,Yes
Missouri,Monday,1,No
Missouri,Monday,1,No
Missouri,Monday,1,No
Missouri,Tuesday,1,No
Missouri,Tuesday,1,No
Missouri,Tuesday,1,No
Missouri,Tuesday,1,Yes
Missouri,Tuesday,1,No
Missouri,Tuesday,1,No
Missouri,Wednesday,3,No
Missouri,Friday,1,No
Missouri,Friday,1,No
Missouri,Saturday,1,Yes
Missouri,Tuesday,1,No
Missouri,Tuesday,2,No
Missouri,Wednesday,1,Yes
Missouri,Friday,2,No
Missouri,Monday,1,No
Missouri,Friday,2,No
Missouri,Sunday,1,No
Missouri,Saturday,1,No
Missouri,Friday,1,Yes
Missouri,Tuesday,1,No
Missouri,Wednesday,1,No
Missouri,Monday,1,No
Missouri,Saturday,1,Yes
Missouri,Sunday,1,Yes
Missouri,Sunday,1,Yes
Missouri,Monday,1,No
Missouri,Tuesday,1,No
Missouri,Tuesday,1,No
Missouri,Thursday,1,No
Missouri,Friday,1,No
Missouri,Friday,1,No
Missouri,Friday,2,Yes
Missouri,Friday,1,No
Missouri,Monday,1,No
Missouri,Saturday,1,Yes
Missouri,Thursday,1,No
Missouri,Sunday,1,Yes
Missouri,Monday,1,No
Missouri,Monday,1,No
Missouri,Monday,1,No
Missouri,Thursday,1,No
Missouri,Saturday,3,No
Missouri,Saturday,1,Yes
Missouri,Saturday,1,No
Missouri,Sunday,1,No
Missouri,Monday,1,Yes
Missouri,Tuesday,1,No
Missouri,Tuesday,1,No
Missouri,Wednesday,1,Yes
Missouri,Wednesday,1,No
Missouri,Wednesday,1,No
Missouri,Wednesday,1,No
Missouri,Wednesday,1,No
Missouri,Thursday,1,No
Missouri,Thursday,1,No
Missouri,Friday,1,Yes
Missouri,Sunday,1,No
Missouri,Sunday,1,No
Missouri,Sunday,1,No
Missouri,Monday,1,No
Missouri,Monday,1,No
Missouri,Monday,1,No
Missouri,Tuesday,2,Yes
Missouri,Monday,1,No
Missouri,Saturday,1,No
Missouri,Tuesday,2,No
Missouri,Friday,1,No
Missouri,Sunday,1,No
Missouri,Tuesday,1,No
Missouri,Monday,1,No
Missouri,Monday,1,No
Missouri,Sunday,1,No
Missouri,Tuesday,1,No
Missouri,Sunday,1,No
Montana,Saturday,1,No
Montana,Thursday,1,No
Montana,Saturday,1,No
Montana,Sunday,1,Yes
Montana,Wednesday,1,No
Montana,Friday,1,No
Montana,Saturday,1,No
Montana,Tuesday,1,Yes
Montana,Wednesday,1,No
Montana,Sunday,1,Yes
Montana,Monday,1,Yes
Montana,Monday,1,No
Montana,Monday,1,Yes
Montana,Saturday,1,Yes
Montana,Monday,1,No
Montana,Thursday,1,No
Montana,Friday,1,No
Montana,Thursday,1,Yes
Montana,Monday,1,Yes
Montana,Friday,1,Yes
Montana,Monday,1,No
Montana,Monday,1,Yes
Montana,Saturday,1,No
Montana,Friday,1,Yes
Montana,Sunday,1,Yes
Montana,Thursday,1,No
Montana,Sunday,1,No
Montana,Monday,1,No
Montana,Sunday,1,No
Montana,Wednesday,1,No
Montana,Saturday,1,Yes
Montana,Saturday,1,Yes
Montana,Saturday,1,Yes
Montana,Monday,1,No
Montana,Thursday,1,No
Montana,Wednesday,1,No
Montana,Saturday,1,No
Montana,Saturday,1,Yes
Montana,Saturday,1,Yes
Montana,Monday,1,Yes
Montana,Monday,1,Yes
Montana,Monday,2,Yes
Montana,Saturday,1,Yes
Montana,Sunday,1,No
Montana,Monday,1,No
Montana,Saturday,1,Yes
Montana,Tuesday,1,Yes
Montana,Monday,1,No
Montana,Tuesday,3,Yes
Montana,Tuesday,1,No
Montana,Wednesday,1,No
Montana,Friday,1,Yes
Montana,Friday,1,Yes
Montana,Tuesday,1,No
Montana,Friday,1,No
Montana,Friday,1,Yes
Montana,Sunday,1,Yes
Montana,Sunday,1,Yes
Montana,Saturday,1,Yes
Montana,Tuesday,1,Yes
Montana,Friday,1,Yes
Montana,Saturday,1,Yes
Montana,Sunday,1,No
Montana,Monday,1,Yes
Montana,Wednesday,1,Yes
Montana,Wednesday,1,No
Montana,Thursday,1,Yes
Montana,Thursday,1,No
Montana,Thursday,1,Yes
Montana,Thursday,1,Yes
Montana,Friday,1,No
Montana,Saturday,2,Yes
Montana,Saturday,1,Yes
Montana,Sunday,1,Yes
Montana,Monday,1,No
Montana,Thursday,1,No
Montana,Friday,1,No
Montana,Sunday,1,Yes
Montana,Thursday,1,No
Montana,Sunday,1,No
Montana,Monday,2,Yes
Montana,Thursday,2,No
Montana,Thursday,1,No
Montana,Friday,1,No
Montana,Friday,1,Yes
Montana,Saturday,1,No
Montana,Sunday,1,No
Montana,Saturday,1,No
Montana,Wednesday,1,Yes
Montana,Thursday,1,No
Montana,Thursday,1,No
Montana,Saturday,1,No
Montana,Tuesday,1,Yes
Montana,Thursday,1,No
Montana,Thursday,1,No
Montana,Thursday,1,No
Montana,Friday,1,Yes
Montana,Friday,1,Yes
Montana,Tuesday,1,No
Montana,Saturday,1,Yes
Montana,Tuesday,1,Yes
Montana,Thursday,1,Yes
Montana,Friday,1,No
Montana,Saturday,1,Yes
Montana,Monday,2,No
Montana,Tuesday,1,No
Montana,Monday,1,Yes
Montana,Monday,1,Yes
Montana,Wednesday,1,Yes
Montana,Thursday,1,Yes
Montana,Sunday,1,No
Montana,Monday,1,No
Montana,Monday,1,Yes
Montana,Wednesday,1,No
Montana,Saturday,1,No
Montana,Sunday,1,Yes
Montana,Sunday,1,Yes
Montana,Wednesday,1,No
Montana,Wednesday,1,Yes
Montana,Thursday,1,Yes
Montana,Monday,1,No
Montana,Monday,1,Yes
Montana,Friday,1,No
Montana,Thursday,1,Yes
Montana,Monday,1,Yes
Montana,Thursday,1,No
Montana,Tuesday,1,Yes
Montana,Friday,1,No
Montana,Wednesday,1,No
Montana,Thursday,2,No
Montana,Wednesday,1,No
Montana,Sunday,1,Yes
Montana,Saturday,1,Yes
Montana,Sunday,1,Yes
Montana,Tuesday,1,No
Montana,Monday,1,Yes
Montana,Thursday,1,No
Montana,Saturday,1,No
Montana,Wednesday,1,No
Montana,Friday,1,No
Montana,Sunday,1,Yes
Montana,Thursday,1,No
Montana,Wednesday,1,Yes
Montana,Friday,2,No
Montana,Thursday,4,No
Montana,Sunday,1,Yes
Montana,Saturday,1,No
Montana,Saturday,1,No
Montana,Tuesday,1,No
Montana,Friday,1,No
Montana,Thursday,1,No
Montana,Friday,1,Yes
Montana,Saturday,1,No
Montana,Friday,1,Yes
Montana,Saturday,2,Yes
Montana,Tuesday,1,No
Montana,Wednesday,1,Yes
Montana,Saturday,1,Yes
Montana,Friday,1,No
Montana,Monday,1,No
Montana,Wednesday,1,No
Montana,Thursday,1,Yes
Montana,Thursday,1,Yes
Montana,Friday,1,No
Montana,Monday,2,Yes
Montana,Thursday,1,No
Montana,Monday,1,Yes
Montana,Saturday,1,No
Nebraska,Monday,1,Yes
Nebraska,Sunday,1,Yes
Nebraska,Wednesday,1,Yes
Nebraska,Wednesday,1,No
Nebraska,Wednesday,1,No
Nebraska,Thursday,1,No
Nebraska,Thursday,1,No
Nebraska,Thursday,1,Yes
Nebraska,Friday,2,No
Nebraska,Saturday,1,Yes
Nebraska,Monday,2,No
Nebraska,Thursday,1,No
Nebraska,Friday,1,No
Nebraska,Saturday,1,Yes
Nebraska,Saturday,1,Yes
Nebraska,Monday,1,Yes
Nebraska,Monday,2,No
Nebraska,Tuesday,1,No
Nebraska,Wednesday,1,No
Nebraska,Friday,1,No
Nebraska,Thursday,1,No
Nebraska,Tuesday,4,No
Nebraska,Friday,2,Yes
Nebraska,Sunday,1,No
Nebraska,Monday,1,No
Nebraska,Thursday,1,No
Nebraska,Thursday,1,No
Nebraska,Tuesday,1,No
Nebraska,Thursday,2,Yes
Nebraska,Wednesday,2,No
Nebraska,Saturday,1,Yes
Nebraska,Monday,1,No
Nebraska,Tuesday,1,No
Nebraska,Thursday,1,No
Nebraska,Friday,1,No
Nebraska,Sunday,1,No
Nebraska,Monday,1,No
Nebraska,Monday,1,No
Nebraska,Sunday,1,No
Nebraska,Friday,1,No
Nebraska,Friday,1,No
Nebraska,Tuesday,1,Yes
Nebraska,Monday,1,No
Nebraska,Sunday,1,No
Nebraska,Tuesday,1,No
Nebraska,Wednesday,1,No
Nebraska,Friday,1,No
Nebraska,Thursday,1,Yes
Nebraska,Monday,1,No
Nebraska,Tuesday,1,No
Nebraska,Thursday,1,No
Nebraska,Friday,1,Yes
Nebraska,Friday,1,No
Nebraska,Sunday,1,No
Nebraska,Friday,1,Yes
Nebraska,Saturday,1,Yes
Nebraska,Wednesday,1,No
Nebraska,Friday,1,No
Nebraska,Saturday,1,No
Nebraska,Saturday,1,No
Nebraska,Monday,1,Yes
Nebraska,Thursday,1,No
Nebraska,Thursday,1,No
Nebraska,Sunday,4,No
Nebraska,Tuesday,2,No
Nebraska,Friday,1,No
Nebraska,Wednesday,1,Yes
Nebraska,Monday,1,No
Nebraska,Tuesday,1,No
Nebraska,Thursday,1,No
Nebraska,Thursday,1,No
Nebraska,Monday,1,No
Nebraska,Wednesday,1,No
Nebraska,Thursday,1,No
Nebraska,Sunday,1,Yes
Nebraska,Wednesday,1,No
Nebraska,Sunday,1,No
Nebraska,Wednesday,1,No
Nebraska,Sunday,1,Yes
Nebraska,Saturday,1,No
Nebraska,Wednesday,1,No
Nebraska,Friday,1,No
Nebraska,Sunday,1,Yes
Nebraska,Tuesday,1,No
Nebraska,Tuesday,1,No
Nebraska,Friday,2,No
Nebraska,Sunday,1,Yes
Nebraska,Monday,1,Yes
Nebraska,Thursday,1,No
Nebraska,Thursday,1,No
Nebraska,Friday,1,No
Nebraska,Saturday,1,No
Nebraska,Sunday,1,No
Nebraska,Monday,1,No
Nebraska,Thursday,1,No
Nebraska,Sunday,1,No
Nebraska,Tuesday,1,Yes
Nebraska,Tuesday,1,No
Nebraska,Friday,1,Yes
Nebraska,Thursday,1,Yes
Nebraska,Thursday,1,No
Nebraska,Sunday,1,No
Nebraska,Monday,1,No
Nebraska,Sunday,1,Yes
Nebraska,Monday,1,No
Nebraska,Friday,2,Yes
Nebraska,Saturday,1,Yes
Nebraska,Sunday,1,Yes
Nebraska,Thursday,2,No
Nebraska,Saturday,1,No
Nebraska,Sunday,1,No
Nebraska,Thursday,1,No
Nebraska,Saturday,1,No
Nebraska,Friday,1,Yes
Nebraska,Friday,1,No
Nebraska,Tuesday,1,No
Nebraska,Friday,1,No
Nebraska,Sunday,1,No
Nebraska,Monday,2,No
Nebraska,Friday,1,No
Nebraska,Thursday,1,Yes
Nebraska,Thursday,1,No
Nebraska,Tuesday,1,No
Nebraska,Wednesday,1,Yes
Nebraska,Thursday,1,Yes
Nebraska,Friday,1,No
Nebraska,Saturday,1,No
Nebraska,Wednesday,1,No
Nebraska,Wednesday,1,No
Nebraska,Thursday,1,Yes
Nebraska,Friday,1,Yes
Nebraska,Friday,2,No
Nebraska,Wednesday,2,No
Nebraska,Thursday,1,No
Nebraska,Friday,1,No
Nebraska,Saturday,1,No
Nebraska,Sunday,1,Yes
Nebraska,Sunday,1,Yes
Nebraska,Sunday,1,No
Nebraska,Wednesday,1,No
Nebraska,Thursday,1,No
Nebraska,Friday,2,No
Nebraska,Sunday,2,No
Nebraska,Saturday,1,No
Nebraska,Monday,1,No
Nebraska,Tuesday,1,No
Nebraska,Tuesday,2,Yes
Nebraska,Friday,1,Yes
Nebraska,Tuesday,1,No
Nebraska,Sunday,1,Yes
Nebraska,Saturday,1,Yes
Nebraska,Saturday,1,Yes
Nebraska,Sunday,1,Yes
Nebraska,Wednesday,2,Yes
Nebraska,Tuesday,1,Yes
Nebraska,Tuesday,3,Yes
Nebraska,Sunday,1,No
Nebraska,Wednesday,1,No
Nebraska,Monday,1,No
Nebraska,Saturday,2,Yes
Nebraska,Monday,1,No
Nebraska,Monday,1,No
Nebraska,Sunday,2,Yes
Nebraska,Monday,1,No
Nebraska,Tuesday,1,No
Nebraska,Friday,1,No
Nebraska,Sunday,1,Yes
Nebraska,Wednesday,1,No
Nebraska,Sunday,1,Yes
Nebraska,Wednesday,1,No
Nebraska,Saturday,1,Yes
Nebraska,Thursday,1,Yes
Nebraska,Thursday,1,No
Nebraska,Friday,1,Yes
Nebraska,Sunday,1,Yes
Nebraska,Tuesday,1,No
Nebraska,Friday,1,Yes
Nebraska,Friday,1,No
Nebraska,Tuesday,1,No
Nebraska,Wednesday,1,No
Nebraska,Wednesday,2,Yes
Nebraska,Tuesday,1,Yes
Nebraska,Tuesday,1,No
Nebraska,Friday,1,No
Nebraska,Monday,1,No
Nebraska,Friday,1,No
Nebraska,Saturday,1,Yes
Nebraska,Friday,1,Yes
Nebraska,Wednesday,1,No
Nebraska,Sunday,1,Yes
Nebraska,Saturday,1,No
Nebraska,Friday,1,No
Nebraska,Tuesday,1,No
Nebraska,Saturday,1,No
Nebraska,Saturday,1,No
Nebraska,Friday,1,No
Nebraska,Sunday,1,No
Nebraska,Monday,1,No
Nebraska,Tuesday,1,No
Nebraska,Friday,2,No
Nebraska,Wednesday,1,No
Nevada,Thursday,1,Yes
Nevada,Saturday,2,No
Nevada,Monday,1,Yes
Nevada,Sunday,1,No
Nevada,Saturday,1,No
Nevada,Monday,1,No
Nevada,Wednesday,1,Yes
Nevada,Monday,1,No
Nevada,Saturday,1,No
Nevada,Thursday,1,No
Nevada,Sunday,1,No
Nevada,Tuesday,1,Yes
Nevada,Friday,1,Yes
Nevada,Wednesday,1,No
Nevada,Wednesday,1,No
Nevada,Wednesday,1,No
Nevada,Wednesday,1,No
Nevada,Sunday,2,No
Nevada,Tuesday,1,Yes
Nevada,Wednesday,1,No
Nevada,Monday,1,No
Nevada,Tuesday,1,No
Nevada,Tuesday,1,No
Nevada,Saturday,1,Yes
Nevada,Monday,1,No
Nevada,Wednesday,1,Yes
Nevada,Sunday,2,No
Nevada,Tuesday,1,No
Nevada,Friday,1,No
Nevada,Thursday,1,Yes
Nevada,Thursday,1,No
Nevada,Friday,1,No
Nevada,Thursday,1,Yes
Nevada,Monday,1,No
Nevada,Saturday,1,Yes
Nevada,Monday,1,No
Nevada,Thursday,1,No
Nevada,Friday,1,No
Nevada,Monday,1,No
Nevada,Saturday,1,No
Nevada,Monday,1,Yes
Nevada,Monday,1,Yes
Nevada,Tuesday,1,No
Nevada,Thursday,1,No
Nevada,Friday,1,No
Nevada,Wednesday,1,No
Nevada,Wednesday,1,No
Nevada,Friday,1,No
Nevada,Saturday,1,Yes
Nevada,Monday,1,No
Nevada,Sunday,1,Yes
Nevada,Sunday,1,No
Nevada,Thursday,1,Yes
Nevada,Friday,1,No
Nevada,Friday,1,No
Nevada,Wednesday,1,No
Nevada,Tuesday,2,No
Nevada,Friday,1,Yes
Nevada,Thursday,1,Yes
Nevada,Saturday,1,No
Nevada,Saturday,1,No
Nevada,Tuesday,1,No
Nevada,Sunday,2,No
Nevada,Wednesday,1,No
Nevada,Thursday,1,No
Nevada,Thursday,1,No
Nevada,Friday,1,No
Nevada,Sunday,1,No
Nevada,Monday,1,No
Nevada,Tuesday,2,Yes
Nevada,Friday,1,No
Nevada,Friday,2,Yes
Nevada,Friday,1,Yes
Nevada,Friday,1,No
Nevada,Tuesday,1,No
Nevada,Thursday,1,No
Nevada,Thursday,2,No
Nevada,Thursday,1,Yes
Nevada,Tuesday,1,No
Nevada,Wednesday,1,Yes
Nevada,Saturday,1,No
Nevada,Saturday,1,No
Nevada,Thursday,1,Yes
Nevada,Thursday,1,No
Nevada,Saturday,1,No
Nevada,Tuesday,1,No
Nevada,Wednesday,1,No
Nevada,Sunday,1,Yes
Nevada,Monday,1,No
Nevada,Saturday,1,Yes
Nevada,Friday,1,No
Nevada,Friday,1,No
Nevada,Friday,1,No
Nevada,Monday,1,No
Nevada,Saturday,1,Yes
Nevada,Friday,1,No
Nevada,Monday,1,Yes
Nevada,Wednesday,2,No
Nevada,Tuesday,1,No
Nevada,Wednesday,1,No
Nevada,Sunday,1,No
Nevada,Saturday,1,No
Nevada,Friday,1,No
Nevada,Saturday,1,Yes
Nevada,Sunday,1,Yes
Nevada,Sunday,1,No
Nevada,Saturday,1,Yes
Nevada,Saturday,1,Yes
Nevada,Tuesday,1,No
Nevada,Sunday,1,No
Nevada,Friday,2,No
Nevada,Saturday,1,No
Nevada,Thursday,1,No
Nevada,Friday,1,No
Nevada,Friday,1,Yes
Nevada,Monday,1,No
Nevada,Monday,1,Yes
Nevada,Monday,2,No
Nevada,Saturday,1,No
Nevada,Wednesday,2,Yes
Nevada,Monday,1,No
Nevada,Saturday,1,No
Nevada,Wednesday,1,No
Nevada,Friday,1,No
Nevada,Sunday,1,Yes
Nevada,Tuesday,2,No
Nevada,Monday,1,No
Nevada,Saturday,1,No
Nevada,Wednesday,1,No
Nevada,Tuesday,1,No
Nevada,Monday,1,No
Nevada,Thursday,1,No
Nevada,Wednesday,1,Yes
Nevada,Friday,1,No
Nevada,Sunday,1,Yes
Nevada,Sunday,1,No
Nevada,Tuesday,1,No
Nevada,Thursday,1,No
Nevada,Sunday,1,Yes
Nevada,Tuesday,2,Yes
Nevada,Friday,1,No
Nevada,Saturday,2,No
Nevada,Sunday,1,No
Nevada,Sunday,1,No
Nevada,Monday,1,Yes
Nevada,Monday,1,Yes
Nevada,Friday,1,Yes
Nevada,Friday,1,No
Nevada,Tuesday,1,No
Nevada,Wednesday,1,No
Nevada,Wednesday,1,No
Nevada,Monday,1,No
Nevada,Sunday,1,Yes
Nevada,Wednesday,1,No
Nevada,Thursday,2,No
Nevada,Saturday,1,No
Nevada,Sunday,1,No
Nevada,Wednesday,1,No
Nevada,Tuesday,1,No
Nevada,Thursday,1,No
Nevada,Saturday,1,Yes
Nevada,Saturday,1,Yes
Nevada,Tuesday,1,Yes
Nevada,Thursday,1,Yes
Nevada,Wednesday,1,No
Nevada,Tuesday,1,No
Nevada,Saturday,1,Yes
Nevada,Friday,1,No
Nevada,Sunday,1,No
Nevada,Wednesday,1,Yes
Nevada,Friday,1,No
Nevada,Thursday,1,Yes
Nevada,Monday,1,No
Nevada,Sunday,1,No
Nevada,Monday,1,No
Nevada,Sunday,1,Yes
Nevada,Thursday,1,No
Nevada,Sunday,1,No
Nevada,Sunday,1,No
Nevada,Tuesday,1,No
Nevada,Wednesday,1,No
Nevada,Thursday,1,No
Nevada,Wednesday,1,No
Nevada,Friday,1,No
Nevada,Thursday,1,No
Nevada,Tuesday,1,No
Nevada,Saturday,1,No
Nevada,Friday,1,No
Nevada,Sunday,5,No
Nevada,Thursday,1,No
Nevada,Monday,1,No
Nevada,Monday,2,No
Nevada,Monday,1,Yes
Nevada,Tuesday,1,No
Nevada,Saturday,1,Yes
Nevada,Friday,1,No
Nevada,Tuesday,1,No
Nevada,Friday,1,No
Nevada,Friday,1,No
Nevada,Wednesday,1,Yes
Nevada,Sunday,1,Yes
Nevada,Monday,2,No
Nevada,Tuesday,1,No
Nevada,Friday,1,Yes
Nevada,Monday,1,Yes
Nevada,Thursday,1,No
Nevada,Monday,2,No
Nevada,Monday,1,No
Nevada,Sunday,1,No
Nevada,Tuesday,1,No
Nevada,Monday,1,No
Nevada,Wednesday,1,Yes
Nevada,Tuesday,1,Yes
Nevada,Sunday,1,Yes
Nevada,Saturday,1,No
Nevada,Thursday,1,No
Nevada,Wednesday,1,No
Nevada,Monday,2,No
Nevada,Thursday,1,No
Nevada,Saturday,1,No
Nevada,Friday,1,Yes
Nevada,Wednesday,1,No
Nevada,Saturday,1,No
Nevada,Sunday,1,No
Nevada,Thursday,1,No
Nevada,Tuesday,2,Yes
Nevada,Friday,1,No
Nevada,Sunday,1,No
Nevada,Thursday,1,No
Nevada,Tuesday,1,Yes
Nevada,Wednesday,1,Yes
Nevada,Friday,1,No
Nevada,Monday,1,No
Nevada,Sunday,1,Yes
Nevada,Saturday,1,No
Nevada,Tuesday,1,No
Nevada,Friday,1,No
Nevada,Wednesday,1,Yes
Nevada,Monday,1,No
Nevada,Monday,1,No
Nevada,Sunday,1,Yes
Nevada,Thursday,1,No
Nevada,Sunday,1,No
Nevada,Saturday,1,No
Nevada,Monday,1,No
Nevada,Thursday,1,No
Nevada,Thursday,1,No
Nevada,Thursday,1,No
Nevada,Tuesday,1,No
Nevada,Friday,1,No
Nevada,Sunday,1,No
Nevada,Sunday,1,No
Nevada,Wednesday,1,Yes
Nevada,Thursday,1,No
Nevada,Sunday,1,Yes
Nevada,Thursday,1,No
Nevada,Thursday,1,No
Nevada,Tuesday,1,No
Nevada,Monday,1,Yes
Nevada,Monday,1,No
Nevada,Saturday,1,No
Nevada,Saturday,1,No
Nevada,Sunday,1,Yes
Nevada,Sunday,1,No
Nevada,Friday,1,No
Nevada,Sunday,1,No
Nevada,Monday,1,No
Nevada,Monday,1,No
Nevada,Tuesday,1,No
Nevada,Sunday,1,No
Nevada,Saturday,1,Yes
Nevada,Friday,1,No
Nevada,Friday,1,No
Nevada,Friday,1,No
Nevada,Monday,1,No
Nevada,Wednesday,1,No
Nevada,Saturday,1,No
Nevada,Wednesday,1,No
Nevada,Monday,1,No
Nevada,Thursday,1,No
Nevada,Friday,1,No
Nevada,Monday,1,No
Nevada,Saturday,4,Yes
Nevada,Monday,1,No
Nevada,Sunday,1,No
Nevada,Wednesday,1,No
Nevada,Friday,1,No
Nevada,Saturday,1,No
Nevada,Tuesday,1,No
Nevada,Saturday,1,No
Nevada,Sunday,1,No
Nevada,Thursday,1,No
Nevada,Saturday,1,No
Nevada,Friday,1,No
Nevada,Tuesday,1,No
Nevada,Tuesday,1,No
Nevada,Saturday,3,No
Nevada,Saturday,1,No
Nevada,Thursday,1,No
Nevada,Thursday,1,Yes
New Hampshire,Tuesday,1,No
New Hampshire,Wednesday,1,No
New Hampshire,Sunday,1,No
New Hampshire,Monday,1,No
New Hampshire,Saturday,1,No
New Hampshire,Tuesday,1,No
New Hampshire,Wednesday,1,No
New Hampshire,Saturday,1,No
New Hampshire,Wednesday,1,Yes
New Hampshire,Tuesday,1,Yes
New Hampshire,Monday,1,No
New Hampshire,Tuesday,1,No
New Hampshire,Sunday,1,No
New Hampshire,Thursday,1,No
New Hampshire,Friday,1,No
New Hampshire,Sunday,1,No
New Hampshire,Friday,1,No
New Hampshire,Friday,2,No
New Hampshire,Friday,1,No
New Hampshire,Wednesday,1,Yes
New Hampshire,Tuesday,1,Yes
New Hampshire,Wednesday,1,No
New Hampshire,Wednesday,1,No
New Hampshire,Friday,1,Yes
New Hampshire,Thursday,1,No
New Hampshire,Friday,1,No
New Hampshire,Monday,1,Yes
New Hampshire,Saturday,1,Yes
New Hampshire,Thursday,3,No
New Hampshire,Wednesday,1,No
New Hampshire,Wednesday,1,No
New Hampshire,Friday,1,Yes
New Hampshire,Sunday,1,Yes
New Hampshire,Saturday,1,No
New Hampshire,Wednesday,1,No
New Hampshire,Saturday,1,No
New Hampshire,Thursday,1,Yes
New Hampshire,Friday,1,Yes
New Hampshire,Tuesday,1,No
New Hampshire,Saturday,1,Yes
New Hampshire,Friday,1,Yes
New Hampshire,Tuesday,1,Yes
New Hampshire,Thursday,1,Yes
New Hampshire,Tuesday,1,Yes
New Hampshire,Friday,1,No
New Hampshire,Wednesday,1,No
New Hampshire,Friday,1,Yes
New Hampshire,Wednesday,1,No
New Hampshire,Friday,1,Yes
New Hampshire,Wednesday,1,No
New Hampshire,Wednesday,2,No
New Hampshire,Wednesday,1,No
New Hampshire,Monday,2,Yes
New Hampshire,Monday,1,No
New Hampshire,Tuesday,1,No
New Hampshire,Wednesday,1,Yes
New Hampshire,Wednesday,2,Yes
New Hampshire,Tuesday,1,No
New Hampshire,Wednesday,1,No
New Hampshire,Friday,1,Yes
New Hampshire,Saturday,1,No
New Hampshire,Sunday,1,No
New Hampshire,Sunday,4,Yes
New Hampshire,Saturday,1,No
New Hampshire,Wednesday,1,Yes
New Hampshire,Friday,1,No
New Hampshire,Monday,1,No
New Hampshire,Thursday,1,No
New Hampshire,Saturday,1,Yes
New Hampshire,Monday,1,No
New Hampshire,Monday,1,Yes
New Hampshire,Friday,1,No
New Hampshire,Tuesday,1,No
New Hampshire,Tuesday,1,No
New Hampshire,Sunday,1,No
New Hampshire,Friday,1,No
New Hampshire,Tuesday,1,Yes
New Hampshire,Wednesday,1,Yes
New Hampshire,Wednesday,1,No
New Hampshire,Saturday,1,No
New Hampshire,Monday,1,No
New Hampshire,Thursday,2,No
New Hampshire,Thursday,1,No
New Hampshire,Friday,1,No
New Hampshire,Monday,2,No
New Hampshire,Wednesday,1,No
New Hampshire,Tuesday,1,No
New Hampshire,Monday,1,No
New Hampshire,Tuesday,1,No
New Hampshire,Monday,1,No
New Hampshire,Sunday,1,Yes
New Hampshire,Sunday,1,No
New Hampshire,Saturday,1,Yes
New Hampshire,Sunday,1,No
New Hampshire,Monday,1,No
New Hampshire,Wednesday,1,No
New Hampshire,Saturday,1,Yes
New Hampshire,Sunday,1,Yes
New Hampshire,Sunday,1,Yes
New Hampshire,Monday,1,No
New Hampshire,Monday,1,No
New Hampshire,Sunday,1,Yes
New Hampshire,Saturday,1,No
New Hampshire,Monday,1,No
New Hampshire,Saturday,1,Yes
New Hampshire,Wednesday,1,No
New Hampshire,Friday,2,No
New Hampshire,Wednesday,1,No
New Hampshire,Sunday,2,Yes
New Hampshire,Thursday,1,No
New Hampshire,Wednesday,1,No
New Hampshire,Monday,1,No
New Hampshire,Monday,1,Yes
New Hampshire,Friday,1,No
New Hampshire,Friday,1,No
New Hampshire,Friday,1,No
New Hampshire,Monday,1,No
New Hampshire,Monday,1,No
New Hampshire,Monday,1,Yes
New Hampshire,Saturday,1,No
New Hampshire,Friday,1,Yes
New Hampshire,Thursday,1,No
New Hampshire,Tuesday,1,No
New Hampshire,Wednesday,1,No
New Hampshire,Thursday,1,No
New Hampshire,Wednesday,1,No
New Hampshire,Wednesday,1,No
New Hampshire,Wednesday,1,No
New Hampshire,Wednesday,1,No
New Hampshire,Friday,1,No
New Hampshire,Monday,1,No
New Hampshire,Friday,1,No
New Hampshire,Monday,1,Yes
New Hampshire,Tuesday,1,Yes
New Jersey,Saturday,1,No
New Jersey,Tuesday,1,No
New Jersey,Saturday,1,No
New Jersey,Sunday,1,Yes
New Jersey,Wednesday,1,No
New Jersey,Saturday,1,No
New Jersey,Tuesday,1,No
New Jersey,Thursday,1,No
New Jersey,Friday,1,No
New Jersey,Tuesday,1,No
New Jersey,Wednesday,1,No
New Jersey,Saturday,1,Yes
New Jersey,Saturday,2,Yes
New Jersey,Wednesday,1,No
New Jersey,Wednesday,1,No
New Jersey,Wednesday,1,Yes
New Jersey,Monday,1,No
New Jersey,Monday,1,Yes
New Jersey,Sunday,1,No
New Jersey,Friday,1,Yes
New Jersey,Monday,1,No
New Jersey,Thursday,1,No
New Jersey,Wednesday,1,No
New Jersey,Saturday,1,No
New Jersey,Saturday,1,No
New Jersey,Thursday,1,No
New Jersey,Saturday,1,No
New Jersey,Thursday,1,No
New Jersey,Monday,1,No
New Jersey,Monday,1,No
New Jersey,Tuesday,1,Yes
New Jersey,Tuesday,1,No
New Jersey,Thursday,1,No
New Jersey,Monday,1,No
New Jersey,Wednesday,1,No
New Jersey,Wednesday,1,No
New Jersey,Thursday,1,No
New Jersey,Thursday,1,No
New Jersey,Sunday,1,No
New Jersey,Thursday,1,No
New Jersey,Friday,1,No
New Jersey,Wednesday,1,No
New Jersey,Wednesday,1,No
New Jersey,Wednesday,1,No
New Jersey,Thursday,1,No
New Jersey,Monday,2,No
New Jersey,Saturday,1,No
New Jersey,Friday,1,No
New Jersey,Sunday,1,No
New Jersey,Wednesday,1,No
New Jersey,Saturday,1,No
New Jersey,Wednesday,1,No
New Jersey,Sunday,1,No
New Jersey,Thursday,1,No
New Jersey,Saturday,1,No
New Jersey,Tuesday,1,No
New Jersey,Monday,1,No
New Jersey,Wednesday,1,No
New Jersey,Saturday,2,Yes
New Jersey,Sunday,1,No
New Jersey,Monday,1,No
New Jersey,Saturday,1,No
New Jersey,Sunday,1,No
New Jersey,Tuesday,1,No
New Jersey,Monday,1,No
New Jersey,Friday,1,No
New Jersey,Sunday,1,No
New Jersey,Sunday,1,Yes
New Jersey,Sunday,1,No
New Jersey,Wednesday,1,No
New Jersey,Wednesday,1,No
New Jersey,Monday,1,No
New Jersey,Wednesday,1,No
New Jersey,Monday,1,No
New Jersey,Friday,1,No
New Jersey,Friday,1,No
New Jersey,Wednesday,2,No
New Jersey,Thursday,1,No
New Jersey,Wednesday,2,Yes
New Jersey,Sunday,1,Yes
New Jersey,Tuesday,1,No
New Jersey,Friday,1,No
New Jersey,Tuesday,3,No
New Jersey,Tuesday,1,No
New Jersey,Monday,1,No
New Jersey,Saturday,1,No
New Jersey,Tuesday,1,No
New Jersey,Wednesday,1,No
New Jersey,Sunday,1,Yes
New Jersey,Monday,1,Yes
New Jersey,Friday,1,No
New Jersey,Tuesday,1,No
New Jersey,Monday,1,Yes
New Jersey,Wednesday,1,No
New Jersey,Monday,1,No
New Jersey,Saturday,1,Yes
New Jersey,Thursday,1,No
New Jersey,Monday,2,Yes
New Jersey,Monday,1,No
New Jersey,Sunday,1,No
New Jersey,Saturday,2,No
New Jersey,Monday,1,No
New Jersey,Friday,1,Yes
New Jersey,Tuesday,1,No
New Jersey,Friday,1,Yes
New Jersey,Thursday,1,Yes
New Jersey,Wednesday,1,No
New Jersey,Tuesday,1,No
New Jersey,Friday,1,No
New Jersey,Tuesday,1,No
New Jersey,Saturday,1,No
New Jersey,Sunday,1,Yes
New Jersey,Sunday,1,No
New Jersey,Thursday,1,No
New Jersey,Wednesday,1,No
New Jersey,Tuesday,1,No
New Jersey,Friday,1,Yes
New Jersey,Friday,1,No
New Jersey,Sunday,1,Yes
New Jersey,Tuesday,1,No
New Jersey,Thursday,1,No
New Jersey,Wednesday,1,No
New Jersey,Thursday,1,No
New Jersey,Wednesday,1,No
New Jersey,Sunday,1,No
New Jersey,Sunday,1,No
New Jersey,Thursday,1,No
New Jersey,Sunday,2,No
New Jersey,Sunday,2,No
New Jersey,Monday,1,No
New Jersey,Thursday,1,No
New Jersey,Saturday,1,No
New Jersey,Thursday,1,No
New Jersey,Monday,1,No
New Jersey,Saturday,1,No
New Jersey,Friday,1,No
New Jersey,Saturday,3,No
New Jersey,Thursday,1,No
New Jersey,Saturday,1,No
New Jersey,Sunday,1,No
New Jersey,Sunday,1,No
New Jersey,Thursday,1,No
New Jersey,Friday,1,No
New Jersey,Thursday,1,No
New Jersey,Tuesday,1,No
New Jersey,Thursday,1,No
New Jersey,Monday,2,No
New Jersey,Tuesday,1,No
New Jersey,Monday,1,No
New Jersey,Tuesday,1,No
New Jersey,Thursday,1,Yes
New Jersey,Thursday,1,No
New Jersey,Monday,1,No
New Jersey,Sunday,1,Yes
New Jersey,Thursday,1,No
New Jersey,Saturday,1,Yes
New Jersey,Wednesday,1,Yes
New Jersey,Wednesday,1,No
New Jersey,Saturday,1,Yes
New Jersey,Monday,1,Yes
New Jersey,Saturday,1,No
New Jersey,Saturday,1,No
New Jersey,Tuesday,1,No
New Jersey,Friday,1,No
New Jersey,Sunday,1,Yes
New Jersey,Sunday,1,Yes
New Jersey,Friday,1,No
New Jersey,Tuesday,1,No
New Jersey,Sunday,1,Yes
New Jersey,Tuesday,1,No
New Jersey,Monday,1,No
New Jersey,Tuesday,1,No
New Jersey,Friday,1,No
New Jersey,Wednesday,1,No
New Jersey,Friday,1,No
New Jersey,Monday,1,No
New Jersey,Monday,2,No
New Jersey,Thursday,1,No
New Jersey,Saturday,1,Yes
New Jersey,Tuesday,1,No
New Jersey,Saturday,1,Yes
New Jersey,Thursday,1,No
New Jersey,Sunday,1,Yes
New Jersey,Friday,1,Yes
New Jersey,Monday,1,No
New Jersey,Friday,1,No
New Jersey,Tuesday,1,No
New Jersey,Monday,1,Yes
New Jersey,Thursday,1,No
New Jersey,Friday,1,No
New Jersey,Sunday,1,Yes
New Jersey,Thursday,1,No
New Jersey,Wednesday,1,No
New Jersey,Tuesday,1,No
New Jersey,Friday,1,No
New Jersey,Sunday,1,No
New Jersey,Friday,1,No
New Jersey,Saturday,1,No
New Jersey,Saturday,2,No
New Jersey,Friday,1,No
New Jersey,Thursday,1,Yes
New Jersey,Friday,1,Yes
New Jersey,Sunday,1,Yes
New Jersey,Tuesday,1,No
New Jersey,Sunday,2,No
New Jersey,Monday,1,No
New Jersey,Tuesday,1,Yes
New Jersey,Tuesday,1,No
New Jersey,Sunday,1,No
New Jersey,Friday,1,No
New Jersey,Sunday,1,No
New Jersey,Friday,1,No
New Jersey,Saturday,1,Yes
New Jersey,Friday,2,No
New Jersey,Wednesday,1,No
New Jersey,Monday,1,Yes
New Jersey,Tuesday,1,No
New Jersey,Wednesday,1,No
New Jersey,Friday,1,Yes
New Jersey,Monday,1,No
New Jersey,Thursday,1,No
New Jersey,Sunday,1,Yes
New Jersey,Tuesday,1,No
New Jersey,Saturday,2,No
New Jersey,Sunday,1,Yes
New Jersey,Wednesday,1,No
New Jersey,Wednesday,1,No
New Jersey,Sunday,1,No
New Jersey,Wednesday,1,No
New Jersey,Sunday,1,No
New Jersey,Thursday,1,No
New Jersey,Friday,1,No
New Jersey,Monday,1,No
New Jersey,Tuesday,1,No
New Jersey,Wednesday,2,Yes
New Jersey,Saturday,1,Yes
New Jersey,Tuesday,2,No
New Jersey,Wednesday,1,No
New Jersey,Wednesday,1,No
New Jersey,Sunday,1,No
New Jersey,Saturday,1,Yes
New Jersey,Sunday,1,No
New Jersey,Friday,1,Yes
New Jersey,Wednesday,1,No
New Jersey,Monday,1,No
New Jersey,Wednesday,1,No
New Jersey,Friday,1,No
New Jersey,Sunday,1,Yes
New Jersey,Sunday,1,No
New Jersey,Thursday,1,Yes
New Jersey,Thursday,1,Yes
New Jersey,Thursday,1,No
New Jersey,Thursday,1,No
New Jersey,Thursday,1,No
New Jersey,Sunday,1,No
New Jersey,Saturday,1,No
New Jersey,Friday,1,No
New Jersey,Saturday,1,No
New Jersey,Sunday,1,No
New Jersey,Tuesday,1,No
New Jersey,Saturday,1,No
New Jersey,Monday,1,No
New Jersey,Sunday,1,No
New Jersey,Friday,1,No
New Jersey,Saturday,1,Yes
New Jersey,Monday,1,No
New Jersey,Tuesday,1,No
New Jersey,Tuesday,1,No
New Jersey,Friday,1,No
New Jersey,Saturday,1,No
New Jersey,Friday,1,Yes
New Jersey,Thursday,1,No
New Jersey,Sunday,1,No
New Jersey,Tuesday,1,No
New Jersey,Wednesday,1,No
New Jersey,Sunday,1,Yes
New Jersey,Saturday,1,No
New Jersey,Tuesday,1,No
New Jersey,Sunday,1,No
New Jersey,Monday,1,No
New Jersey,Thursday,1,No
New Jersey,Tuesday,1,No
New Jersey,Friday,1,No
New Jersey,Monday,1,No
New Jersey,Tuesday,1,Yes
New Jersey,Thursday,1,No
New Jersey,Monday,1,No
New Jersey,Monday,1,No
New Jersey,Sunday,1,No
New Jersey,Sunday,1,No
New Jersey,Monday,1,No
New Jersey,Thursday,1,No
New Jersey,Monday,1,No
New Jersey,Saturday,1,No
New Jersey,Wednesday,1,No
New Jersey,Saturday,1,Yes
New Jersey,Friday,1,Yes
New Jersey,Wednesday,1,No
New Jersey,Friday,1,No
New Jersey,Wednesday,1,Yes
New Jersey,Wednesday,1,No
New Jersey,Saturday,1,No
New Jersey,Monday,1,No
New Jersey,Saturday,1,Yes
New Jersey,Tuesday,1,Yes
New Jersey,Thursday,1,Yes
New Jersey,Wednesday,1,No
New Jersey,Sunday,1,No
New Jersey,Friday,1,No
New Jersey,Saturday,1,No
New Jersey,Friday,1,No
New Jersey,Monday,1,Yes
New Jersey,Friday,1,No
New Jersey,Thursday,1,No
New Jersey,Wednesday,1,No
New Jersey,Saturday,1,No
New Jersey,Saturday,1,No
New Jersey,Thursday,1,No
New Jersey,Wednesday,1,No
New Jersey,Friday,1,No
New Jersey,Sunday,1,No
New Jersey,Thursday,1,Yes
New Jersey,Wednesday,1,No
New Jersey,Thursday,1,Yes
New Jersey,Monday,1,No
New Jersey,Friday,1,No
New Jersey,Tuesday,1,No
New Jersey,Wednesday,1,Yes
New Jersey,Friday,1,No
New Jersey,Sunday,1,No
New Jersey,Friday,3,No
New Jersey,Thursday,2,No
New Jersey,Monday,1,No
New Jersey,Thursday,2,No
New Jersey,Thursday,1,Yes
New Jersey,Tuesday,1,No
New Jersey,Tuesday,1,No
New Jersey,Monday,1,No
New Jersey,Thursday,1,No
New Jersey,Saturday,1,No
New Jersey,Wednesday,1,No
New Jersey,Monday,1,No
New Jersey,Saturday,1,No
New Jersey,Tuesday,1,No
New Jersey,Monday,1,No
New Jersey,Monday,1,No
New Jersey,Saturday,1,No
New Jersey,Sunday,1,Yes
New Jersey,Sunday,1,No
New Jersey,Saturday,1,No
New Jersey,Sunday,2,Yes
New Jersey,Thursday,1,Yes
New Jersey,Saturday,1,Yes
New Jersey,Tuesday,1,Yes
New Jersey,Monday,1,No
New Jersey,Monday,1,Yes
New Jersey,Friday,1,No
New Jersey,Sunday,1,No
New Jersey,Friday,1,No
New Jersey,Sunday,1,No
New Jersey,Friday,1,No
New Jersey,Tuesday,1,No
New Jersey,Thursday,2,No
New Jersey,Friday,1,No
New Jersey,Saturday,1,No
New Jersey,Monday,1,No
New Jersey,Sunday,1,No
New Jersey,Tuesday,1,Yes
New Jersey,Monday,1,No
New Jersey,Wednesday,1,No
New Jersey,Thursday,1,No
New Jersey,Monday,1,No
New Jersey,Saturday,1,No
New Jersey,Sunday,2,No
New Jersey,Sunday,1,Yes
New Jersey,Sunday,1,No
New Jersey,Wednesday,1,No
New Jersey,Thursday,1,Yes
New Jersey,Friday,1,No
New Jersey,Monday,1,No
New Jersey,Thursday,1,No
New Jersey,Tuesday,1,No
New Jersey,Wednesday,1,Yes
New Jersey,Monday,1,No
New Jersey,Sunday,1,No
New Jersey,Thursday,1,No
New Jersey,Tuesday,1,No
New Jersey,Saturday,1,Yes
New Jersey,Tuesday,1,No
New Jersey,Sunday,3,No
New Jersey,Thursday,1,No
New Jersey,Saturday,2,Yes
New Jersey,Wednesday,1,No
New Jersey,Sunday,1,Yes
New Jersey,Friday,1,No
New Jersey,Thursday,1,No
New Jersey,Saturday,1,Yes
New Jersey,Friday,1,No
New Jersey,Thursday,1,No
New Jersey,Thursday,1,Yes
New Jersey,Sunday,1,No
New Jersey,Friday,1,No
New Jersey,Sunday,1,Yes
New Jersey,Sunday,2,Yes
New Jersey,Monday,1,No
New Jersey,Tuesday,1,No
New Jersey,Saturday,1,No
New Jersey,Tuesday,1,No
New Jersey,Tuesday,1,No
New Jersey,Sunday,1,Yes
New Jersey,Friday,1,No
New Jersey,Monday,1,No
New Jersey,Saturday,1,No
New Jersey,Thursday,2,No
New Jersey,Wednesday,1,Yes
New Jersey,Monday,1,No
New Jersey,Sunday,1,No
New Jersey,Saturday,1,No
New Jersey,Friday,1,Yes
New Jersey,Friday,1,No
New Jersey,Friday,1,No
New Jersey,Saturday,1,No
New Jersey,Sunday,1,No
New Jersey,Saturday,2,No
New Jersey,Tuesday,1,No
New Jersey,Monday,1,No
New Jersey,Monday,1,No
New Jersey,Wednesday,1,No
New Jersey,Monday,1,No
New Jersey,Sunday,1,No
New Jersey,Saturday,1,No
New Jersey,Monday,1,Yes
New Jersey,Monday,1,Yes
New Jersey,Monday,1,No
New Jersey,Tuesday,1,No
New Jersey,Monday,1,No
New Jersey,Sunday,1,Yes
New Jersey,Tuesday,1,Yes
New Jersey,Sunday,1,No
New Jersey,Friday,1,No
New Jersey,Sunday,1,No
New Jersey,Tuesday,1,No
New Jersey,Sunday,1,No
New Jersey,Tuesday,1,No
New Jersey,Saturday,1,No
New Jersey,Friday,1,No
New Jersey,Monday,1,No
New Jersey,Monday,1,No
New Jersey,Tuesday,1,No
New Jersey,Friday,1,No
New Jersey,Monday,1,No
New Jersey,Sunday,2,No
New Jersey,Monday,2,No
New Jersey,Sunday,1,No
New Jersey,Saturday,1,No
New Jersey,Monday,1,No
New Jersey,Sunday,1,No
New Jersey,Saturday,1,No
New Jersey,Thursday,1,No
New Jersey,Saturday,1,Yes
New Jersey,Wednesday,1,No
New Jersey,Saturday,1,No
New Jersey,Saturday,1,No
New Jersey,Tuesday,1,No
New Jersey,Thursday,1,No
New Jersey,Wednesday,1,No
New Jersey,Saturday,1,Yes
New Jersey,Sunday,1,No
New Jersey,Monday,1,No
New Jersey,Tuesday,1,No
New Jersey,Wednesday,1,No
New Jersey,Monday,1,Yes
New Jersey,Thursday,1,No
New Jersey,Monday,1,No
New Jersey,Thursday,1,Yes
New Jersey,Friday,1,No
New Jersey,Sunday,1,Yes
New Jersey,Sunday,1,No
New Jersey,Thursday,1,Yes
New Jersey,Monday,1,No
New Jersey,Friday,1,No
New Jersey,Saturday,1,No
New Jersey,Thursday,1,No
New Jersey,Tuesday,1,No
New Jersey,Tuesday,1,No
New Jersey,Saturday,1,No
New Jersey,Wednesday,1,No
New Jersey,Friday,1,No
New Jersey,Wednesday,1,Yes
New Jersey,Wednesday,1,No
New Jersey,Sunday,1,Yes
New Jersey,Saturday,1,Yes
New Jersey,Friday,1,No
New Jersey,Friday,1,No
New Jersey,Saturday,1,No
New Jersey,Tuesday,1,No
New Jersey,Thursday,1,No
New Jersey,Thursday,1,No
New Jersey,Thursday,1,No
New Jersey,Thursday,1,Yes
New Jersey,Tuesday,1,No
New Jersey,Wednesday,1,No
New Jersey,Thursday,1,No
New Jersey,Thursday,1,No
New Jersey,Friday,1,No
New Jersey,Thursday,1,No
New Jersey,Saturday,1,No
New Jersey,Wednesday,1,Yes
New Jersey,Wednesday,1,No
New Jersey,Tuesday,1,No
New Jersey,Wednesday,1,No
New Jersey,Sunday,1,Yes
New Jersey,Saturday,1,Yes
New Jersey,Thursday,1,Yes
New Jersey,Wednesday,4,Yes
New Jersey,Thursday,1,No
New Jersey,Friday,1,Yes
New Jersey,Monday,1,Yes
New Jersey,Monday,1,No
New Jersey,Monday,1,No
New Jersey,Tuesday,1,No
New Jersey,Thursday,1,No
New Jersey,Tuesday,1,No
New Jersey,Thursday,1,No
New Jersey,Wednesday,1,No
New Mexico,Wednesday,1,No
New Mexico,Sunday,1,Yes
New Mexico,Friday,1,No
New Mexico,Friday,1,Yes
New Mexico,Sunday,1,Yes
New Mexico,Wednesday,1,No
New Mexico,Saturday,1,No
New Mexico,Wednesday,1,Yes
New Mexico,Monday,1,No
New Mexico,Friday,1,No
New Mexico,Wednesday,1,No
New Mexico,Sunday,2,No
New Mexico,Monday,1,No
New Mexico,Friday,1,No
New Mexico,Friday,1,No
New Mexico,Wednesday,1,Yes
New Mexico,Saturday,1,Yes
New Mexico,Saturday,1,Yes
New Mexico,Monday,1,No
New Mexico,Monday,1,No
New Mexico,Monday,1,No
New Mexico,Thursday,1,Yes
New Mexico,Friday,1,No
New Mexico,Sunday,1,No
New Mexico,Monday,1,Yes
New Mexico,Friday,1,Yes
New Mexico,Thursday,1,No
New Mexico,Sunday,1,No
New Mexico,Wednesday,1,No
New Mexico,Saturday,1,No
New Mexico,Wednesday,1,No
New Mexico,Monday,1,Yes
New Mexico,Saturday,1,No
New Mexico,Saturday,1,No
New Mexico,Friday,1,No
New Mexico,Wednesday,1,No
New Mexico,Friday,2,No
New Mexico,Sunday,1,Yes
New Mexico,Thursday,1,No
New Mexico,Monday,1,No
New Mexico,Tuesday,1,No
New Mexico,Monday,2,No
New Mexico,Sunday,1,No
New Mexico,Thursday,1,Yes
New Mexico,Thursday,1,No
New Mexico,Thursday,1,No
New Mexico,Wednesday,1,No
New Mexico,Saturday,2,No
New Mexico,Friday,1,No
New Mexico,Tuesday,1,Yes
New Mexico,Thursday,1,No
New Mexico,Friday,2,No
New Mexico,Thursday,1,No
New Mexico,Monday,1,No
New Mexico,Tuesday,1,Yes
New Mexico,Wednesday,1,No
New Mexico,Friday,1,Yes
New Mexico,Thursday,1,No
New Mexico,Wednesday,1,Yes
New Mexico,Thursday,1,No
New Mexico,Friday,1,Yes
New Mexico,Saturday,1,Yes
New Mexico,Wednesday,1,No
New Mexico,Tuesday,1,No
New Mexico,Wednesday,1,No
New Mexico,Friday,1,No
New Mexico,Saturday,1,No
New Mexico,Sunday,1,Yes
New Mexico,Thursday,1,No
New Mexico,Tuesday,2,Yes
New Mexico,Wednesday,1,Yes
New Mexico,Monday,1,No
New Mexico,Wednesday,1,Yes
New Mexico,Wednesday,1,No
New Mexico,Thursday,1,No
New Mexico,Thursday,1,No
New Mexico,Friday,1,Yes
New Mexico,Monday,1,Yes
New Mexico,Saturday,1,No
New Mexico,Sunday,1,Yes
New Mexico,Saturday,1,No
New Mexico,Monday,1,No
New Mexico,Thursday,1,No
New Mexico,Monday,1,No
New Mexico,Saturday,1,No
New Mexico,Saturday,1,No
New Mexico,Saturday,1,No
New Mexico,Sunday,1,Yes
New Mexico,Sunday,1,No
New Mexico,Wednesday,1,No
New Mexico,Friday,1,Yes
New Mexico,Saturday,1,No
New Mexico,Thursday,1,Yes
New Mexico,Monday,1,No
New Mexico,Tuesday,1,No
New Mexico,Wednesday,1,No
New Mexico,Tuesday,1,No
New Mexico,Tuesday,2,No
New Mexico,Monday,3,Yes
New Mexico,Saturday,1,No
New Mexico,Sunday,1,No
New Mexico,Friday,1,Yes
New Mexico,Monday,1,No
New Mexico,Sunday,1,No
New Mexico,Thursday,1,No
New Mexico,Friday,1,No
New Mexico,Monday,1,No
New Mexico,Monday,1,No
New Mexico,Monday,1,No
New Mexico,Tuesday,2,No
New Mexico,Tuesday,1,No
New Mexico,Saturday,1,Yes
New Mexico,Friday,1,No
New Mexico,Thursday,1,No
New Mexico,Saturday,1,No
New Mexico,Saturday,2,Yes
New Mexico,Saturday,1,Yes
New Mexico,Saturday,1,No
New Mexico,Saturday,1,Yes
New Mexico,Saturday,1,No
New Mexico,Sunday,1,No
New Mexico,Thursday,1,Yes
New Mexico,Thursday,1,No
New Mexico,Thursday,1,No
New Mexico,Saturday,1,Yes
New Mexico,Tuesday,1,No
New Mexico,Wednesday,1,Yes
New Mexico,Saturday,1,Yes
New Mexico,Friday,1,No
New Mexico,Sunday,1,Yes
New Mexico,Monday,1,No
New Mexico,Saturday,1,Yes
New Mexico,Friday,1,No
New Mexico,Thursday,1,No
New Mexico,Sunday,2,No
New Mexico,Saturday,1,No
New Mexico,Sunday,1,Yes
New Mexico,Thursday,3,No
New Mexico,Sunday,1,Yes
New Mexico,Friday,1,No
New Mexico,Monday,2,No
New Mexico,Tuesday,1,Yes
New Mexico,Friday,1,No
New Mexico,Monday,1,Yes
New Mexico,Wednesday,1,No
New Mexico,Wednesday,1,No
New Mexico,Saturday,1,Yes
New Mexico,Wednesday,1,No
New Mexico,Friday,1,No
New Mexico,Sunday,1,No
New Mexico,Friday,1,No
New Mexico,Sunday,1,Yes
New Mexico,Thursday,1,No
New Mexico,Sunday,1,Yes
New Mexico,Saturday,1,No
New Mexico,Wednesday,1,No
New Mexico,Wednesday,1,No
New Mexico,Wednesday,1,No
New Mexico,Monday,1,No
New Mexico,Saturday,1,No
New Mexico,Saturday,1,No
New Mexico,Sunday,1,Yes
New Mexico,Monday,2,No
New Mexico,Monday,1,Yes
New Mexico,Sunday,1,Yes
New Mexico,Sunday,1,No
New Mexico,Sunday,1,No
New Mexico,Sunday,1,No
New Mexico,Sunday,1,No
New Mexico,Sunday,1,No
New Mexico,Monday,1,Yes
New Mexico,Saturday,1,No
New Mexico,Sunday,1,No
New Mexico,Monday,1,Yes
New Mexico,Saturday,1,Yes
New Mexico,Tuesday,1,No
New Mexico,Friday,1,No
New Mexico,Tuesday,1,Yes
New Mexico,Wednesday,1,Yes
New Mexico,Sunday,1,No
New Mexico,Friday,1,No
New Mexico,Sunday,1,Yes
New Mexico,Friday,1,Yes
New Mexico,Friday,2,No
New Mexico,Tuesday,1,Yes
New Mexico,Friday,1,No
New Mexico,Friday,1,Yes
New Mexico,Monday,2,No
New Mexico,Friday,1,No
New Mexico,Saturday,2,No
New Mexico,Monday,1,No
New Mexico,Friday,1,Yes
New Mexico,Tuesday,2,No
New Mexico,Wednesday,1,Yes
New Mexico,Thursday,1,Yes
New Mexico,Tuesday,1,No
New Mexico,Friday,1,Yes
New Mexico,Sunday,1,No
New Mexico,Saturday,1,No
New Mexico,Wednesday,1,No
New Mexico,Wednesday,1,No
New Mexico,Friday,1,No
New Mexico,Thursday,1,No
New Mexico,Saturday,1,No
New Mexico,Friday,1,No
New Mexico,Saturday,2,Yes
New Mexico,Wednesday,1,No
New Mexico,Saturday,1,Yes
New Mexico,Friday,1,No
New Mexico,Thursday,1,No
New Mexico,Friday,1,No
New Mexico,Monday,1,No
New Mexico,Thursday,1,No
New Mexico,Friday,1,Yes
New Mexico,Tuesday,1,Yes
New Mexico,Friday,1,No
New Mexico,Thursday,1,No
New Mexico,Sunday,1,No
New Mexico,Tuesday,1,No
New Mexico,Sunday,1,No
New Mexico,Monday,1,No
New Mexico,Monday,1,No
New Mexico,Sunday,1,Yes
New Mexico,Friday,1,Yes
New Mexico,Wednesday,1,No
New Mexico,Saturday,1,No
New Mexico,Wednesday,1,No
New Mexico,Thursday,1,Yes
New Mexico,Wednesday,1,No
New Mexico,Friday,2,No
New Mexico,Sunday,1,No
New Mexico,Friday,1,No
New Mexico,Sunday,1,No
New Mexico,Tuesday,1,No
New Mexico,Sunday,2,Yes
New Mexico,Monday,1,No
New Mexico,Saturday,1,No
New Mexico,Sunday,1,No
New Mexico,Monday,1,No
New Mexico,Thursday,1,No
New Mexico,Saturday,1,No
New Mexico,Saturday,1,No
New Mexico,Monday,1,No
New Mexico,Tuesday,1,No
New Mexico,Saturday,1,Yes
New Mexico,Sunday,1,No
New Mexico,Sunday,3,No
New Mexico,Sunday,1,No
New Mexico,Saturday,1,Yes
New Mexico,Monday,2,No
New Mexico,Wednesday,1,No
New Mexico,Monday,1,No
New Mexico,Monday,1,No
New Mexico,Tuesday,1,No
New Mexico,Tuesday,2,No
New Mexico,Saturday,1,No
New Mexico,Friday,1,No
New Mexico,Saturday,1,No
New Mexico,Friday,1,No
New Mexico,Saturday,1,Yes
New Mexico,Saturday,1,No
New Mexico,Monday,1,Yes
New Mexico,Tuesday,1,No
New Mexico,Friday,1,No
New Mexico,Thursday,1,No
New Mexico,Saturday,1,No
New Mexico,Saturday,1,No
New Mexico,Saturday,1,No
New Mexico,Saturday,2,No
New Mexico,Sunday,2,Yes
New Mexico,Wednesday,1,No
New Mexico,Monday,1,No
New Mexico,Sunday,1,Yes
New Mexico,Sunday,1,No
New Mexico,Friday,1,Yes
New Mexico,Sunday,2,Yes
New Mexico,Saturday,1,No
New Mexico,Thursday,1,Yes
New Mexico,Friday,1,No
New Mexico,Thursday,1,No
New Mexico,Saturday,1,No
New Mexico,Wednesday,1,Yes
New Mexico,Tuesday,1,No
New Mexico,Wednesday,1,No
New Mexico,Thursday,1,No
New Mexico,Thursday,1,No
New Mexico,Monday,1,Yes
New Mexico,Tuesday,1,No
New Mexico,Thursday,1,No
New Mexico,Sunday,1,No
New Mexico,Thursday,1,No
New Mexico,Wednesday,2,Yes
New Mexico,Saturday,1,No
New Mexico,Wednesday,1,No
New Mexico,Wednesday,1,No
New Mexico,Saturday,1,No
New Mexico,Monday,1,No
New Mexico,Tuesday,1,Yes
New Mexico,Thursday,1,Yes
New Mexico,Tuesday,1,Yes
New Mexico,Sunday,1,No
New Mexico,Thursday,1,Yes
New Mexico,Friday,1,No
New Mexico,Friday,1,No
New Mexico,Sunday,1,Yes
New Mexico,Sunday,1,No
New Mexico,Friday,2,Yes
New Mexico,Monday,1,No
New Mexico,Saturday,1,No
New Mexico,Tuesday,1,No
New Mexico,Tuesday,1,No
New Mexico,Friday,1,No
New Mexico,Saturday,1,No
New Mexico,Monday,1,No
New Mexico,Saturday,1,No
New Mexico,Monday,1,No
New Mexico,Thursday,1,No
New Mexico,Monday,1,No
New Mexico,Tuesday,1,Yes
New Mexico,Wednesday,1,No
New Mexico,Saturday,1,No
New Mexico,Thursday,1,Yes
New Mexico,Thursday,2,No
New Mexico,Monday,1,No
New Mexico,Friday,1,Yes
New Mexico,Saturday,1,No
New Mexico,Saturday,1,Yes
New Mexico,Tuesday,1,No
New Mexico,Saturday,1,No
New Mexico,Tuesday,1,No
New Mexico,Wednesday,1,Yes
New Mexico,Friday,1,No
New Mexico,Sunday,1,Yes
New Mexico,Sunday,1,No
New Mexico,Monday,1,Yes
New Mexico,Friday,1,Yes
New Mexico,Saturday,1,No
New Mexico,Tuesday,1,No
New Mexico,Friday,1,No
New Mexico,Saturday,1,No
New Mexico,Thursday,8,No
New Mexico,Wednesday,1,No
New Mexico,Thursday,2,Yes
New Mexico,Sunday,1,No
New Mexico,Friday,1,No
New Mexico,Saturday,1,No
New Mexico,Saturday,1,No
New Mexico,Thursday,1,No
New Mexico,Saturday,1,No
New Mexico,Saturday,1,No
New York,Monday,1,Yes
New York,Saturday,1,Yes
New York,Wednesday,1,No
New York,Monday,1,No
New York,Wednesday,1,No
New York,Friday,1,No
New York,Wednesday,1,No
New York,Sunday,1,Yes
New York,Sunday,1,No
New York,Monday,1,No
New York,Saturday,1,Yes
New York,Friday,1,No
New York,Wednesday,1,No
New York,Sunday,1,No
New York,Tuesday,1,No
New York,Monday,1,No
New York,Thursday,1,No
New York,Thursday,1,Yes
New York,Sunday,1,No
New York,Sunday,1,No
New York,Friday,1,No
New York,Wednesday,1,No
New York,Friday,1,Yes
New York,Friday,1,No
New York,Friday,1,No
New York,Sunday,1,No
New York,Friday,1,No
New York,Wednesday,2,Yes
New York,Tuesday,1,No
New York,Tuesday,1,No
New York,Thursday,1,No
New York,Tuesday,1,No
New York,Wednesday,1,No
New York,Monday,1,No
New York,Friday,1,No
New York,Friday,1,No
New York,Thursday,1,No
New York,Saturday,1,Yes
New York,Monday,1,No
New York,Saturday,1,No
New York,Monday,1,No
New York,Wednesday,1,No
New York,Wednesday,1,No
New York,Saturday,1,Yes
New York,Wednesday,1,No
New York,Friday,1,No
New York,Monday,1,No
New York,Saturday,1,Yes
New York,Wednesday,1,Yes
New York,Wednesday,1,No
New York,Wednesday,1,No
New York,Saturday,1,No
New York,Sunday,1,No
New York,Saturday,1,No
New York,Sunday,1,No
New York,Wednesday,1,No
New York,Tuesday,1,Yes
New York,Tuesday,1,No
New York,Wednesday,1,No
New York,Saturday,1,Yes
New York,Thursday,1,No
New York,Tuesday,1,No
New York,Monday,1,No
New York,Tuesday,1,Yes
New York,Tuesday,1,No
New York,Tuesday,1,No
New York,Wednesday,3,No
New York,Friday,1,No
New York,Thursday,1,No
New York,Thursday,1,No
New York,Friday,1,No
New York,Friday,1,No
New York,Thursday,1,Yes
New York,Saturday,1,Yes
New York,Monday,2,No
New York,Tuesday,1,Yes
New York,Saturday,1,No
New York,Saturday,1,Yes
New York,Saturday,1,Yes
New York,Thursday,1,No
New York,Monday,1,No
New York,Saturday,1,Yes
New York,Tuesday,1,No
New York,Saturday,1,No
New York,Wednesday,1,No
New York,Thursday,1,No
New York,Thursday,1,Yes
New York,Saturday,1,No
New York,Thursday,1,No
New York,Tuesday,1,No
New York,Monday,1,No
New York,Wednesday,1,No
New York,Saturday,1,No
New York,Wednesday,1,No
New York,Friday,3,Yes
New York,Friday,1,No
New York,Tuesday,1,No
New York,Saturday,1,No
New York,Tuesday,1,No
New York,Thursday,1,Yes
New York,Friday,1,No
New York,Thursday,1,No
New York,Thursday,1,No
New York,Monday,1,No
New York,Friday,1,No
New York,Saturday,1,Yes
New York,Saturday,1,No
New York,Monday,1,Yes
New York,Tuesday,1,No
New York,Saturday,1,Yes
New York,Tuesday,1,No
New York,Friday,1,No
New York,Friday,1,No
New York,Friday,1,No
New York,Saturday,1,No
New York,Tuesday,1,No
New York,Friday,1,No
New York,Saturday,1,No
New York,Thursday,1,No
New York,Tuesday,1,No
New York,Saturday,1,No
New York,Tuesday,1,No
New York,Saturday,2,Yes
New York,Thursday,1,No
New York,Friday,1,Yes
New York,Sunday,1,Yes
New York,Sunday,2,No
New York,Tuesday,1,No
New York,Tuesday,1,No
New York,Sunday,1,No
New York,Monday,1,No
New York,Wednesday,1,No
New York,Friday,1,No
New York,Tuesday,1,No
New York,Tuesday,1,No
New York,Tuesday,1,Yes
New York,Friday,1,No
New York,Monday,1,Yes
New York,Tuesday,1,No
New York,Sunday,1,No
New York,Saturday,1,Yes
New York,Wednesday,5,No
New York,Tuesday,1,No
New York,Thursday,1,No
New York,Saturday,1,No
New York,Tuesday,1,Yes
New York,Wednesday,1,No
New York,Wednesday,1,No
New York,Monday,1,No
New York,Monday,1,No
New York,Wednesday,1,No
New York,Tuesday,1,No
New York,Monday,1,Yes
New York,Thursday,1,No
New York,Sunday,1,No
New York,Monday,1,No
New York,Monday,1,No
New York,Monday,1,No
New York,Monday,2,Yes
New York,Monday,1,No
New York,Saturday,1,Yes
New York,Friday,1,Yes
New York,Saturday,1,Yes
New York,Wednesday,1,No
New York,Wednesday,1,No
New York,Wednesday,1,No
New York,Saturday,1,No
New York,Friday,1,No
New York,Monday,1,No
New York,Thursday,1,No
New York,Tuesday,1,No
New York,Friday,1,No
New York,Saturday,1,No
New York,Wednesday,1,No
New York,Sunday,1,No
New York,Saturday,1,No
New York,Friday,1,No
New York,Monday,1,Yes
New York,Friday,1,Yes
New York,Monday,1,No
New York,Thursday,1,No
New York,Tuesday,1,No
New York,Saturday,1,No
New York,Wednesday,1,No
New York,Friday,1,Yes
New York,Sunday,1,No
New York,Wednesday,2,Yes
New York,Wednesday,1,No
New York,Sunday,1,No
New York,Saturday,1,No
New York,Monday,1,No
New York,Tuesday,1,No
New York,Saturday,1,No
New York,Sunday,1,Yes
New York,Wednesday,1,No
New York,Monday,1,No
New York,Monday,1,No
New York,Friday,1,No
New York,Wednesday,1,No
New York,Friday,1,No
New York,Saturday,1,No
New York,Tuesday,1,No
New York,Thursday,1,Yes
New York,Friday,1,No
New York,Friday,1,Yes
New York,Monday,1,No
New York,Monday,1,No
New York,Thursday,1,No
New York,Wednesday,1,No
New York,Saturday,1,No
New York,Saturday,1,Yes
New York,Saturday,1,No
New York,Wednesday,1,Yes
New York,Wednesday,1,No
New York,Thursday,1,No
New York,Wednesday,1,No
New York,Saturday,1,Yes
New York,Tuesday,1,No
New York,Sunday,1,No
New York,Wednesday,1,No
New York,Friday,1,Yes
New York,Sunday,1,Yes
New York,Sunday,1,No
New York,Friday,1,Yes
New York,Tuesday,1,Yes
New York,Thursday,1,No
New York,Saturday,1,No
New York,Tuesday,1,No
New York,Thursday,1,No
New York,Wednesday,1,No
New York,Friday,1,No
New York,Wednesday,1,No
New York,Monday,1,No
New York,Sunday,2,Yes
New York,Wednesday,1,No
New York,Monday,1,No
New York,Tuesday,1,No
New York,Tuesday,1,Yes
New York,Friday,1,No
New York,Saturday,1,No
New York,Thursday,1,No
New York,Tuesday,1,No
New York,Saturday,1,Yes
New York,Friday,1,No
New York,Saturday,1,No
New York,Sunday,1,Yes
New York,Sunday,1,Yes
New York,Sunday,1,No
New York,Monday,1,Yes
New York,Sunday,1,Yes
New York,Tuesday,1,No
New York,Tuesday,1,No
New York,Wednesday,1,No
New York,Thursday,1,No
New York,Wednesday,1,No
New York,Friday,1,Yes
New York,Friday,1,Yes
New York,Saturday,1,Yes
New York,Tuesday,1,No
New York,Friday,1,No
New York,Friday,1,No
New York,Friday,1,Yes
New York,Saturday,1,Yes
New York,Friday,1,Yes
New York,Monday,1,No
New York,Saturday,1,No
New York,Thursday,1,No
New York,Friday,1,No
New York,Saturday,1,No
New York,Sunday,1,Yes
New York,Sunday,1,No
New York,Saturday,1,Yes
New York,Saturday,1,No
New York,Sunday,1,Yes
New York,Tuesday,1,No
New York,Monday,1,No
New York,Saturday,1,No
New York,Tuesday,1,No
New York,Sunday,1,No
New York,Wednesday,1,No
New York,Wednesday,1,No
New York,Tuesday,2,Yes
New York,Monday,1,No
New York,Thursday,1,Yes
New York,Friday,1,No
New York,Tuesday,1,No
New York,Friday,1,Yes
New York,Wednesday,1,Yes
New York,Wednesday,1,No
New York,Thursday,1,No
New York,Saturday,1,Yes
New York,Monday,1,No
New York,Monday,1,No
New York,Saturday,1,Yes
New York,Saturday,1,No
New York,Friday,1,No
New York,Monday,1,No
New York,Monday,3,Yes
New York,Saturday,1,No
New York,Saturday,2,Yes
New York,Thursday,1,No
New York,Thursday,1,No
New York,Friday,1,No
New York,Sunday,1,Yes
New York,Tuesday,1,No
New York,Thursday,1,No
New York,Sunday,1,No
New York,Saturday,2,No
New York,Sunday,1,No
New York,Monday,1,No
New York,Sunday,1,Yes
New York,Wednesday,1,No
New York,Friday,1,Yes
New York,Friday,1,No
New York,Friday,1,No
New York,Saturday,1,No
New York,Sunday,1,No
New York,Friday,1,No
New York,Sunday,1,No
New York,Thursday,1,No
New York,Saturday,1,No
New York,Sunday,1,No
New York,Tuesday,1,No
New York,Monday,1,No
New York,Monday,1,No
New York,Monday,1,Yes
New York,Tuesday,1,No
New York,Wednesday,1,Yes
New York,Tuesday,1,No
New York,Tuesday,1,No
New York,Wednesday,1,No
New York,Saturday,1,No
New York,Wednesday,1,No
New York,Thursday,1,No
New York,Friday,1,No
New York,Friday,1,No
New York,Saturday,1,No
New York,Tuesday,1,Yes
New York,Saturday,1,Yes
New York,Monday,1,No
New York,Sunday,1,No
New York,Sunday,1,No
New York,Tuesday,1,No
New York,Wednesday,1,No
New York,Friday,1,No
New York,Sunday,1,Yes
New York,Tuesday,1,Yes
New York,Sunday,1,No
New York,Wednesday,1,No
New York,Thursday,1,No
New York,Friday,1,No
New York,Saturday,1,No
New York,Sunday,3,Yes
New York,Sunday,1,No
New York,Tuesday,2,No
New York,Sunday,1,No
New York,Wednesday,1,No
New York,Sunday,1,No
New York,Thursday,1,Yes
New York,Saturday,1,No
New York,Sunday,1,No
New York,Wednesday,1,No
New York,Sunday,1,Yes
New York,Wednesday,1,No
New York,Monday,1,Yes
New York,Sunday,1,Yes
New York,Thursday,1,No
New York,Thursday,1,Yes
New York,Saturday,1,Yes
New York,Saturday,1,No
New York,Thursday,1,No
New York,Monday,1,Yes
New York,Monday,1,No
New York,Wednesday,1,No
New York,Saturday,1,Yes
New York,Wednesday,1,No
New York,Saturday,1,No
New York,Wednesday,1,No
New York,Wednesday,1,Yes
New York,Thursday,1,No
New York,Friday,1,No
New York,Monday,2,No
New York,Saturday,1,Yes
New York,Monday,1,No
New York,Monday,1,No
New York,Saturday,1,No
New York,Thursday,1,No
New York,Saturday,1,No
New York,Friday,1,No
New York,Monday,1,No
New York,Saturday,1,Yes
New York,Tuesday,1,No
New York,Saturday,1,Yes
New York,Friday,1,No
New York,Friday,1,No
New York,Sunday,1,No
New York,Tuesday,1,No
New York,Thursday,1,No
New York,Sunday,1,No
New York,Friday,1,No
New York,Tuesday,1,Yes
New York,Friday,1,No
New York,Friday,1,No
New York,Saturday,1,No
New York,Sunday,1,No
New York,Monday,1,No
New York,Tuesday,1,No
New York,Tuesday,1,Yes
New York,Saturday,1,No
New York,Monday,1,No
New York,Sunday,1,Yes
New York,Monday,1,No
New York,Sunday,1,No
New York,Wednesday,1,Yes
New York,Wednesday,1,Yes
New York,Wednesday,1,No
New York,Thursday,1,No
New York,Thursday,1,No
New York,Saturday,1,No
New York,Tuesday,1,Yes
New York,Tuesday,1,No
New York,Monday,1,No
New York,Thursday,2,No
New York,Friday,1,No
New York,Thursday,1,No
New York,Thursday,1,No
New York,Sunday,1,No
New York,Friday,1,No
New York,Sunday,1,Yes
New York,Saturday,1,Yes
New York,Tuesday,1,No
New York,Sunday,1,No
New York,Thursday,1,No
New York,Sunday,1,No
New York,Monday,1,No
New York,Thursday,1,No
New York,Thursday,1,Yes
New York,Thursday,1,No
New York,Friday,1,Yes
New York,Monday,1,No
New York,Thursday,1,No
New York,Saturday,1,No
New York,Friday,3,No
New York,Tuesday,1,No
New York,Friday,1,No
New York,Saturday,1,No
New York,Sunday,1,Yes
New York,Saturday,1,No
New York,Wednesday,1,No
New York,Saturday,1,No
New York,Wednesday,1,No
New York,Thursday,1,No
New York,Friday,1,No
New York,Thursday,1,No
New York,Friday,1,No
New York,Sunday,1,No
New York,Tuesday,1,No
New York,Monday,1,No
New York,Saturday,1,No
New York,Thursday,1,No
New York,Friday,1,Yes
New York,Saturday,1,Yes
New York,Friday,1,No
New York,Saturday,1,Yes
New York,Tuesday,1,No
New York,Saturday,1,No
New York,Saturday,1,Yes
New York,Tuesday,1,No
New York,Wednesday,1,No
New York,Wednesday,1,No
New York,Tuesday,1,Yes
New York,Wednesday,1,Yes
New York,Wednesday,1,Yes
New York,Thursday,1,No
New York,Friday,1,Yes
New York,Wednesday,1,No
New York,Thursday,1,No
New York,Friday,1,No
New York,Friday,1,No
New York,Saturday,1,No
New York,Thursday,1,No
New York,Sunday,1,No
New York,Sunday,1,Yes
New York,Sunday,1,No
New York,Sunday,1,No
New York,Sunday,1,Yes
New York,Sunday,1,No
New York,Saturday,1,Yes
New York,Monday,1,Yes
New York,Monday,1,No
New York,Tuesday,1,Yes
New York,Wednesday,1,No
New York,Wednesday,1,No
New York,Wednesday,1,No
New York,Wednesday,1,No
New York,Wednesday,2,No
New York,Thursday,1,Yes
New York,Friday,1,No
New York,Wednesday,1,Yes
New York,Saturday,1,No
New York,Saturday,1,Yes
New York,Saturday,1,Yes
New York,Thursday,1,No
New York,Sunday,1,Yes
New York,Friday,1,No
New York,Sunday,1,Yes
New York,Wednesday,1,No
New York,Wednesday,1,Yes
New York,Thursday,1,No
New York,Saturday,1,No
New York,Sunday,1,Yes
New York,Tuesday,1,No
New York,Saturday,1,No
New York,Monday,1,No
New York,Monday,1,No
New York,Monday,1,No
New York,Sunday,1,No
New York,Monday,1,No
New York,Sunday,2,Yes
New York,Saturday,2,Yes
New York,Monday,1,No
New York,Tuesday,1,No
New York,Tuesday,1,Yes
New York,Wednesday,1,No
New York,Sunday,1,No
New York,Thursday,1,No
New York,Friday,1,No
New York,Sunday,1,No
New York,Monday,1,No
New York,Monday,1,No
New York,Friday,1,Yes
New York,Wednesday,1,No
New York,Thursday,1,Yes
New York,Tuesday,1,No
New York,Saturday,1,No
New York,Friday,1,No
New York,Friday,1,No
New York,Wednesday,1,No
New York,Thursday,1,Yes
New York,Thursday,1,No
New York,Thursday,1,No
New York,Monday,1,No
New York,Thursday,1,Yes
New York,Thursday,1,Yes
New York,Friday,1,Yes
New York,Friday,1,No
New York,Friday,1,No
New York,Saturday,1,No
New York,Friday,1,No
New York,Saturday,1,No
New York,Friday,1,No
New York,Saturday,1,No
New York,Thursday,1,No
New York,Monday,1,No
New York,Thursday,1,No
New York,Saturday,1,No
New York,Sunday,1,No
New York,Thursday,1,No
New York,Sunday,1,No
New York,Saturday,1,No
New York,Tuesday,1,No
New York,Tuesday,1,No
New York,Friday,1,No
New York,Sunday,1,No
New York,Friday,1,No
New York,Thursday,1,Yes
New York,Sunday,1,No
New York,Friday,1,No
New York,Tuesday,1,No
New York,Sunday,1,No
New York,Wednesday,1,No
New York,Thursday,1,Yes
New York,Tuesday,1,No
New York,Thursday,1,No
New York,Wednesday,1,No
New York,Monday,1,No
New York,Monday,1,No
New York,Thursday,1,No
New York,Monday,1,No
New York,Tuesday,1,No
New York,Saturday,1,No
New York,Sunday,1,Yes
New York,Wednesday,1,No
New York,Friday,1,No
New York,Friday,1,No
New York,Friday,1,No
New York,Monday,1,No
New York,Monday,1,No
New York,Friday,1,No
New York,Tuesday,1,Yes
New York,Thursday,1,Yes
New York,Monday,1,No
New York,Sunday,1,Yes
New York,Saturday,1,No
New York,Wednesday,2,Yes
New York,Saturday,1,No
New York,Friday,1,Yes
New York,Thursday,1,No
New York,Sunday,1,No
New York,Friday,1,No
New York,Sunday,1,No
New York,Wednesday,1,No
New York,Thursday,1,No
New York,Tuesday,1,No
New York,Sunday,1,Yes
New York,Monday,1,No
New York,Friday,1,No
New York,Saturday,1,No
New York,Sunday,1,No
New York,Monday,1,No
New York,Saturday,1,Yes
New York,Sunday,1,No
New York,Friday,1,No
New York,Saturday,1,No
New York,Saturday,1,No
New York,Friday,1,No
New York,Saturday,1,No
New York,Saturday,1,No
New York,Wednesday,1,No
New York,Thursday,1,No
New York,Sunday,1,No
New York,Thursday,1,No
New York,Wednesday,1,No
New York,Monday,1,No
New York,Saturday,1,Yes
New York,Saturday,1,Yes
New York,Tuesday,1,No
New York,Sunday,1,Yes
New York,Thursday,1,No
New York,Thursday,1,Yes
New York,Thursday,1,No
New York,Saturday,1,Yes
New York,Thursday,1,No
New York,Sunday,1,Yes
New York,Saturday,1,No
New York,Wednesday,1,Yes
New York,Monday,1,No
New York,Wednesday,1,No
New York,Monday,1,Yes
New York,Friday,1,No
New York,Sunday,1,No
New York,Wednesday,1,No
New York,Thursday,1,No
New York,Monday,1,No
New York,Thursday,1,No
New York,Wednesday,1,No
New York,Friday,1,No
New York,Tuesday,1,No
New York,Friday,1,No
New York,Saturday,1,No
New York,Tuesday,1,No
New York,Sunday,1,No
New York,Sunday,1,Yes
New York,Sunday,1,No
New York,Tuesday,1,No
New York,Thursday,1,No
New York,Saturday,1,No
New York,Saturday,1,No
New York,Wednesday,1,No
New York,Sunday,1,Yes
New York,Thursday,1,No
New York,Wednesday,1,No
New York,Friday,1,No
New York,Wednesday,1,No
New York,Saturday,1,Yes
New York,Saturday,1,No
New York,Thursday,1,Yes
New York,Thursday,1,Yes
New York,Thursday,1,No
New York,Sunday,1,Yes
New York,Wednesday,1,No
New York,Friday,1,Yes
New York,Wednesday,1,No
New York,Friday,1,No
New York,Monday,1,Yes
New York,Wednesday,1,No
New York,Wednesday,1,No
New York,Thursday,1,No
New York,Friday,1,Yes
New York,Friday,1,No
New York,Monday,1,Yes
New York,Tuesday,1,No
New York,Wednesday,1,No
New York,Saturday,1,No
New York,Saturday,1,No
New York,Friday,1,No
New York,Monday,1,No
New York,Saturday,1,No
New York,Thursday,1,No
New York,Sunday,1,No
New York,Saturday,1,Yes
New York,Saturday,2,No
New York,Monday,1,No
New York,Sunday,1,Yes
New York,Monday,1,Yes
New York,Friday,1,No
New York,Friday,1,Yes
New York,Saturday,1,No
New York,Saturday,1,No
New York,Saturday,1,No
New York,Sunday,1,Yes
New York,Friday,1,No
New York,Saturday,1,No
New York,Tuesday,1,No
New York,Tuesday,1,No
New York,Monday,1,Yes
New York,Wednesday,1,No
New York,Tuesday,1,No
New York,Friday,1,No
New York,Monday,1,No
New York,Monday,1,No
New York,Saturday,1,No
New York,Sunday,1,Yes
New York,Wednesday,1,No
New York,Wednesday,1,No
New York,Friday,1,Yes
New York,Saturday,1,Yes
New York,Tuesday,1,No
New York,Sunday,1,No
New York,Monday,1,No
New York,Monday,1,No
New York,Thursday,1,No
New York,Thursday,1,No
New York,Wednesday,1,No
New York,Monday,1,No
New York,Friday,1,No
New York,Wednesday,1,No
New York,Wednesday,1,No
New York,Wednesday,1,Yes
New York,Friday,1,No
New York,Monday,1,Yes
New York,Thursday,1,No
New York,Thursday,1,No
New York,Saturday,1,No
New York,Friday,1,Yes
New York,Saturday,1,No
New York,Saturday,20,No
New York,Wednesday,1,No
New York,Tuesday,1,No
New York,Thursday,1,No
New York,Monday,1,No
New York,Thursday,1,No
New York,Sunday,1,No
New York,Monday,1,No
New York,Tuesday,1,Yes
New York,Saturday,1,No
New York,Sunday,1,No
New York,Tuesday,1,No
New York,Saturday,1,No
New York,Wednesday,1,No
New York,Saturday,1,No
New York,Saturday,1,No
New York,Wednesday,1,No
New York,Friday,1,Yes
New York,Monday,1,No
New York,Sunday,1,No
New York,Friday,1,Yes
New York,Thursday,1,No
New York,Monday,1,No
New York,Tuesday,1,No
New York,Saturday,1,No
New York,Wednesday,1,No
New York,Sunday,1,No
New York,Wednesday,1,No
New York,Monday,1,No
New York,Thursday,1,No
New York,Tuesday,1,No
New York,Monday,1,No
New York,Friday,1,No
New York,Saturday,1,No
New York,Saturday,1,Yes
New York,Tuesday,1,No
New York,Thursday,1,No
New York,Monday,1,No
New York,Thursday,1,No
New York,Thursday,1,No
New York,Thursday,1,No
New York,Monday,1,No
New York,Thursday,1,No
New York,Friday,1,No
New York,Monday,1,No
New York,Tuesday,1,No
New York,Friday,1,No
New York,Wednesday,1,No
New York,Sunday,1,No
New York,Monday,1,Yes
New York,Monday,1,Yes
New York,Tuesday,1,No
New York,Wednesday,1,No
New York,Tuesday,1,Yes
New York,Sunday,1,No
New York,Saturday,1,Yes
New York,Wednesday,1,No
New York,Tuesday,1,No
New York,Wednesday,1,No
New York,Friday,1,No
New York,Thursday,1,No
New York,Saturday,1,No
New York,Monday,1,No
New York,Monday,1,No
New York,Monday,1,No
New York,Friday,1,No
New York,Monday,1,No
New York,Saturday,1,No
New York,Monday,1,No
New York,Thursday,1,No
New York,Saturday,1,Yes
New York,Friday,1,No
New York,Sunday,1,Yes
New York,Tuesday,1,No
New York,Thursday,1,No
New York,Thursday,1,No
New York,Saturday,1,No
New York,Saturday,1,No
New York,Wednesday,1,No
New York,Tuesday,1,No
New York,Monday,1,No
New York,Tuesday,1,No
New York,Thursday,1,No
New York,Saturday,1,No
New York,Thursday,1,No
New York,Thursday,1,No
New York,Sunday,1,No
New York,Monday,1,No
New York,Tuesday,1,No
New York,Saturday,1,No
New York,Sunday,1,No
New York,Saturday,1,No
New York,Tuesday,1,No
New York,Thursday,1,No
New York,Sunday,1,No
New York,Thursday,1,No
New York,Tuesday,1,No
New York,Tuesday,1,No
New York,Tuesday,1,No
New York,Wednesday,1,No
New York,Friday,1,No
New York,Saturday,1,No
New York,Thursday,1,No
New York,Saturday,1,No
New York,Saturday,1,Yes
New York,Wednesday,1,No
New York,Monday,1,No
New York,Saturday,1,No
New York,Saturday,1,No
New York,Monday,1,No
New York,Sunday,2,No
New York,Friday,1,No
New York,Friday,1,No
New York,Friday,1,Yes
New York,Wednesday,1,No
New York,Saturday,1,No
New York,Friday,1,Yes
New York,Tuesday,1,No
New York,Saturday,2,Yes
New York,Saturday,1,Yes
New York,Friday,1,No
New York,Monday,1,No
New York,Thursday,1,No
New York,Friday,1,No
New York,Tuesday,1,Yes
New York,Saturday,1,No
New York,Thursday,1,No
New York,Sunday,1,No
New York,Friday,1,Yes
New York,Saturday,1,No
New York,Tuesday,1,No
New York,Saturday,1,No
New York,Sunday,1,No
New York,Saturday,1,Yes
New York,Thursday,1,No
New York,Sunday,1,Yes
New York,Wednesday,1,No
New York,Wednesday,1,No
New York,Wednesday,1,No
New York,Sunday,1,No
New York,Thursday,1,No
New York,Tuesday,1,No
New York,Tuesday,1,No
New York,Sunday,1,No
New York,Monday,2,Yes
New York,Wednesday,1,No
New York,Thursday,1,No
New York,Thursday,1,No
New York,Thursday,1,No
New York,Thursday,1,No
New York,Saturday,1,No
New York,Thursday,1,No
New York,Saturday,1,No
North Carolina,Monday,1,No
North Carolina,Sunday,2,Yes
North Carolina,Monday,1,No
North Carolina,Friday,1,No
North Carolina,Saturday,1,No
North Carolina,Friday,1,No
North Carolina,Saturday,1,No
North Carolina,Saturday,1,No
North Carolina,Wednesday,1,No
North Carolina,Wednesday,1,No
North Carolina,Tuesday,1,No
North Carolina,Wednesday,1,No
North Carolina,Wednesday,1,No
North Carolina,Wednesday,1,No
North Carolina,Wednesday,1,No
North Carolina,Sunday,1,No
North Carolina,Wednesday,1,Yes
North Carolina,Tuesday,1,No
North Carolina,Saturday,2,No
North Carolina,Thursday,1,No
North Carolina,Saturday,1,No
North Carolina,Wednesday,1,No
North Carolina,Wednesday,1,Yes
North Carolina,Saturday,1,Yes
North Carolina,Wednesday,1,No
North Carolina,Thursday,1,No
North Carolina,Friday,1,No
North Carolina,Saturday,1,No
North Carolina,Tuesday,1,Yes
North Carolina,Friday,1,No
North Carolina,Tuesday,1,No
North Carolina,Monday,1,Yes
North Carolina,Saturday,1,Yes
North Carolina,Saturday,1,No
North Carolina,Saturday,1,No
North Carolina,Saturday,1,No
North Carolina,Monday,1,No
North Carolina,Wednesday,1,No
North Carolina,Saturday,1,Yes
North Carolina,Saturday,1,No
North Carolina,Saturday,1,Yes
North Carolina,Monday,1,No
North Carolina,Tuesday,1,No
North Carolina,Saturday,1,No
North Carolina,Friday,1,No
North Carolina,Monday,1,No
North Carolina,Tuesday,1,No
North Carolina,Wednesday,1,Yes
North Carolina,Friday,1,No
North Carolina,Tuesday,1,Yes
North Carolina,Saturday,1,No
North Carolina,Wednesday,1,Yes
North Carolina,Friday,1,No
North Carolina,Tuesday,1,No
North Carolina,Tuesday,1,No
North Carolina,Monday,1,No
North Carolina,Thursday,1,No
North Carolina,Wednesday,1,No
North Carolina,Wednesday,1,No
North Carolina,Saturday,1,No
North Carolina,Saturday,1,No
North Carolina,Tuesday,2,Yes
North Carolina,Saturday,1,Yes
North Carolina,Tuesday,1,No
North Carolina,Saturday,1,Yes
North Carolina,Tuesday,1,Yes
North Carolina,Tuesday,1,Yes
North Carolina,Sunday,2,Yes
North Carolina,Saturday,1,Yes
North Carolina,Friday,1,No
North Carolina,Monday,1,No
North Carolina,Tuesday,1,No
North Carolina,Saturday,2,Yes
North Carolina,Tuesday,1,No
North Carolina,Wednesday,2,No
North Carolina,Tuesday,1,Yes
North Carolina,Friday,1,No
North Carolina,Thursday,1,No
North Carolina,Monday,1,Yes
North Carolina,Thursday,1,No
North Carolina,Monday,1,No
North Carolina,Wednesday,1,No
North Carolina,Tuesday,1,No
North Carolina,Tuesday,1,No
North Carolina,Tuesday,1,Yes
North Carolina,Tuesday,1,No
North Carolina,Saturday,1,No
North Carolina,Friday,2,No
North Carolina,Tuesday,1,No
North Carolina,Tuesday,1,No
North Carolina,Thursday,1,No
North Carolina,Monday,1,No
North Carolina,Tuesday,1,No
North Carolina,Saturday,1,No
North Carolina,Monday,2,No
North Carolina,Monday,1,Yes
North Carolina,Monday,1,Yes
North Carolina,Wednesday,1,No
North Carolina,Friday,1,No
North Carolina,Sunday,1,No
North Carolina,Thursday,2,Yes
North Carolina,Sunday,3,Yes
North Carolina,Monday,1,No
North Carolina,Tuesday,1,No
North Carolina,Saturday,1,No
North Carolina,Friday,1,Yes
North Carolina,Thursday,1,No
North Carolina,Monday,1,No
North Carolina,Monday,1,No
North Carolina,Friday,1,No
North Carolina,Tuesday,1,No
North Carolina,Saturday,1,Yes
North Carolina,Saturday,1,No
North Carolina,Saturday,1,No
North Carolina,Thursday,1,No
North Carolina,Saturday,1,Yes
North Carolina,Friday,3,Yes
North Carolina,Saturday,2,No
North Carolina,Tuesday,1,No
North Carolina,Saturday,1,Yes
North Carolina,Saturday,1,Yes
North Carolina,Tuesday,1,No
North Carolina,Monday,1,No
North Carolina,Tuesday,1,No
North Carolina,Tuesday,1,No
North Carolina,Sunday,1,Yes
North Carolina,Wednesday,1,No
North Carolina,Thursday,2,No
North Carolina,Sunday,1,Yes
North Carolina,Saturday,1,Yes
North Carolina,Friday,2,No
North Carolina,Friday,1,No
North Carolina,Thursday,1,No
North Carolina,Thursday,1,No
North Carolina,Friday,1,Yes
North Carolina,Thursday,1,No
North Carolina,Wednesday,1,No
North Carolina,Friday,1,Yes
North Carolina,Tuesday,1,No
North Carolina,Friday,1,No
North Carolina,Wednesday,1,No
North Carolina,Saturday,1,No
North Carolina,Tuesday,1,No
North Carolina,Saturday,1,No
North Carolina,Saturday,1,No
North Carolina,Thursday,1,No
North Carolina,Saturday,1,Yes
North Carolina,Sunday,1,No
North Carolina,Sunday,1,No
North Carolina,Wednesday,1,No
North Carolina,Wednesday,1,No
North Carolina,Sunday,1,No
North Carolina,Saturday,1,Yes
North Carolina,Saturday,1,Yes
North Carolina,Friday,1,No
North Carolina,Friday,1,Yes
North Carolina,Tuesday,1,No
North Carolina,Friday,1,No
North Carolina,Sunday,2,No
North Carolina,Monday,1,No
North Carolina,Tuesday,1,No
North Carolina,Friday,1,No
North Carolina,Friday,1,No
North Carolina,Tuesday,1,Yes
North Carolina,Wednesday,1,Yes
North Carolina,Monday,1,Yes
North Carolina,Sunday,1,No
North Carolina,Sunday,1,Yes
North Carolina,Sunday,2,Yes
North Carolina,Saturday,1,Yes
North Carolina,Sunday,1,Yes
North Carolina,Monday,1,No
North Carolina,Sunday,1,Yes
North Carolina,Saturday,1,Yes
North Carolina,Monday,1,No
North Carolina,Friday,1,No
North Carolina,Saturday,1,No
North Carolina,Saturday,1,No
North Carolina,Thursday,1,No
North Carolina,Saturday,1,No
North Carolina,Friday,1,No
North Carolina,Friday,1,Yes
North Carolina,Thursday,1,Yes
North Carolina,Thursday,1,Yes
North Carolina,Sunday,1,No
North Carolina,Sunday,2,Yes
North Carolina,Sunday,2,No
North Carolina,Monday,1,No
North Carolina,Wednesday,1,No
North Carolina,Wednesday,1,No
North Carolina,Sunday,1,Yes
North Carolina,Monday,1,Yes
North Carolina,Wednesday,1,No
North Carolina,Saturday,1,No
North Carolina,Tuesday,2,No
North Carolina,Sunday,1,No
North Carolina,Monday,2,No
North Carolina,Monday,1,No
North Carolina,Wednesday,1,No
North Carolina,Saturday,1,No
North Carolina,Wednesday,1,No
North Carolina,Monday,2,Yes
North Carolina,Sunday,1,No
North Carolina,Friday,1,Yes
North Carolina,Tuesday,1,No
North Carolina,Friday,1,No
North Carolina,Saturday,1,Yes
North Carolina,Saturday,1,No
North Carolina,Wednesday,1,No
North Carolina,Wednesday,1,No
North Carolina,Monday,2,No
North Carolina,Tuesday,1,No
North Carolina,Sunday,1,No
North Carolina,Saturday,1,No
North Carolina,Saturday,1,Yes
North Carolina,Thursday,1,Yes
North Carolina,Wednesday,1,No
North Carolina,Wednesday,2,Yes
North Carolina,Thursday,1,No
North Carolina,Sunday,1,Yes
North Carolina,Sunday,1,No
North Carolina,Tuesday,1,No
North Carolina,Wednesday,1,No
North Carolina,Friday,1,Yes
North Carolina,Tuesday,1,Yes
North Carolina,Sunday,1,No
North Carolina,Monday,1,No
North Carolina,Sunday,1,No
North Carolina,Tuesday,1,No
North Carolina,Thursday,1,No
North Carolina,Sunday,1,No
North Carolina,Sunday,1,No
North Carolina,Monday,1,No
North Carolina,Wednesday,1,No
North Carolina,Saturday,1,Yes
North Carolina,Sunday,1,No
North Carolina,Monday,1,No
North Carolina,Monday,1,No
North Carolina,Sunday,1,No
North Carolina,Thursday,2,No
North Carolina,Tuesday,1,No
North Carolina,Saturday,2,No
North Carolina,Tuesday,1,No
North Carolina,Monday,1,No
North Carolina,Tuesday,1,No
North Carolina,Friday,1,No
North Carolina,Tuesday,2,No
North Carolina,Saturday,1,No
North Carolina,Saturday,1,No
North Carolina,Saturday,1,Yes
North Carolina,Saturday,1,No
North Carolina,Thursday,2,No
North Carolina,Friday,1,Yes
North Carolina,Saturday,1,Yes
North Carolina,Wednesday,1,No
North Carolina,Thursday,2,No
North Carolina,Saturday,1,No
North Carolina,Saturday,1,No
North Carolina,Monday,1,No
North Carolina,Monday,1,No
North Carolina,Monday,2,No
North Carolina,Friday,1,No
North Carolina,Thursday,1,No
North Carolina,Monday,1,No
North Carolina,Sunday,1,Yes
North Carolina,Thursday,1,Yes
North Carolina,Saturday,1,No
North Carolina,Monday,1,No
North Carolina,Wednesday,1,No
North Carolina,Saturday,2,Yes
North Carolina,Tuesday,1,No
North Carolina,Tuesday,1,No
North Carolina,Thursday,1,No
North Carolina,Friday,3,No
North Carolina,Thursday,1,No
North Carolina,Friday,1,Yes
North Carolina,Thursday,1,Yes
North Carolina,Saturday,1,Yes
North Carolina,Friday,1,Yes
North Carolina,Saturday,1,No
North Carolina,Thursday,1,Yes
North Carolina,Tuesday,2,Yes
North Carolina,Saturday,1,No
North Carolina,Saturday,1,Yes
North Carolina,Saturday,1,Yes
North Carolina,Monday,1,No
North Carolina,Thursday,4,Yes
North Carolina,Tuesday,1,Yes
North Carolina,Thursday,1,No
North Carolina,Saturday,1,No
North Carolina,Wednesday,1,Yes
North Carolina,Thursday,1,No
North Carolina,Saturday,1,No
North Carolina,Friday,2,No
North Carolina,Sunday,1,No
North Carolina,Wednesday,1,No
North Carolina,Monday,1,Yes
North Carolina,Monday,1,No
North Carolina,Wednesday,1,No
North Carolina,Saturday,1,Yes
North Carolina,Saturday,1,No
North Carolina,Saturday,1,Yes
North Carolina,Friday,1,No
North Carolina,Monday,1,No
North Carolina,Monday,1,No
North Carolina,Wednesday,3,No
North Carolina,Thursday,1,No
North Carolina,Monday,1,No
North Carolina,Monday,1,No
North Carolina,Friday,1,No
North Carolina,Friday,1,Yes
North Carolina,Tuesday,1,No
North Carolina,Friday,2,Yes
North Carolina,Wednesday,1,No
North Carolina,Friday,1,No
North Carolina,Sunday,1,No
North Carolina,Friday,1,Yes
North Carolina,Thursday,1,No
North Carolina,Sunday,1,Yes
North Carolina,Tuesday,1,No
North Carolina,Wednesday,1,No
North Carolina,Saturday,1,No
North Carolina,Wednesday,1,No
North Carolina,Saturday,1,Yes
North Carolina,Tuesday,2,No
North Carolina,Wednesday,1,No
North Carolina,Monday,2,Yes
North Carolina,Thursday,1,Yes
North Carolina,Tuesday,1,Yes
North Carolina,Tuesday,1,No
North Carolina,Thursday,1,No
North Carolina,Saturday,1,No
North Carolina,Monday,1,No
North Carolina,Tuesday,1,No
North Carolina,Monday,1,No
North Carolina,Friday,1,No
North Carolina,Wednesday,1,No
North Carolina,Friday,1,Yes
North Carolina,Sunday,1,Yes
North Carolina,Tuesday,2,Yes
North Carolina,Monday,1,Yes
North Carolina,Tuesday,2,No
North Carolina,Saturday,1,Yes
North Carolina,Wednesday,2,No
North Carolina,Saturday,1,No
North Carolina,Saturday,1,Yes
North Carolina,Monday,1,No
North Carolina,Sunday,1,Yes
North Carolina,Thursday,1,Yes
North Carolina,Tuesday,1,No
North Carolina,Tuesday,1,No
North Carolina,Sunday,1,No
North Carolina,Monday,1,No
North Carolina,Saturday,1,Yes
North Carolina,Monday,1,No
North Carolina,Saturday,1,Yes
North Carolina,Saturday,1,Yes
North Carolina,Tuesday,1,No
North Carolina,Friday,1,No
North Carolina,Monday,1,Yes
North Carolina,Monday,1,No
North Carolina,Sunday,1,Yes
North Carolina,Sunday,1,No
North Carolina,Friday,1,No
North Carolina,Wednesday,1,Yes
North Carolina,Sunday,1,Yes
North Carolina,Friday,1,No
North Carolina,Saturday,1,No
North Carolina,Monday,1,No
North Carolina,Sunday,1,Yes
North Carolina,Saturday,1,No
North Carolina,Friday,1,No
North Carolina,Sunday,1,Yes
North Carolina,Thursday,1,Yes
North Carolina,Friday,1,Yes
North Carolina,Monday,1,Yes
North Carolina,Wednesday,1,No
North Carolina,Saturday,1,No
North Carolina,Monday,1,No
North Carolina,Tuesday,1,No
North Carolina,Friday,1,No
North Carolina,Saturday,1,No
North Carolina,Monday,1,No
North Carolina,Sunday,1,Yes
North Carolina,Wednesday,1,Yes
North Carolina,Wednesday,1,Yes
North Carolina,Thursday,1,No
North Carolina,Tuesday,1,No
North Carolina,Wednesday,1,Yes
North Carolina,Tuesday,1,No
North Carolina,Saturday,1,No
North Carolina,Sunday,1,No
North Carolina,Friday,1,No
North Carolina,Sunday,1,No
North Carolina,Friday,1,No
North Carolina,Thursday,1,No
North Carolina,Tuesday,1,No
North Carolina,Wednesday,1,No
North Carolina,Monday,1,No
North Carolina,Sunday,1,No
North Carolina,Thursday,1,No
North Carolina,Wednesday,1,Yes
North Carolina,Wednesday,1,No
North Carolina,Thursday,1,No
North Carolina,Friday,1,No
North Carolina,Sunday,1,Yes
North Carolina,Sunday,1,Yes
North Carolina,Friday,1,No
North Carolina,Thursday,1,Yes
North Carolina,Thursday,1,No
North Carolina,Monday,1,No
North Carolina,Friday,1,No
North Carolina,Thursday,1,No
North Carolina,Wednesday,1,Yes
North Carolina,Friday,1,No
North Carolina,Tuesday,2,No
North Carolina,Thursday,1,Yes
North Carolina,Thursday,1,No
North Carolina,Sunday,1,No
North Carolina,Tuesday,1,Yes
North Carolina,Friday,1,No
North Carolina,Friday,1,Yes
North Carolina,Monday,1,No
North Carolina,Friday,1,No
North Carolina,Friday,1,No
North Carolina,Monday,1,No
North Carolina,Wednesday,3,No
North Carolina,Wednesday,1,No
North Carolina,Saturday,1,Yes
North Carolina,Friday,1,No
North Carolina,Thursday,1,Yes
North Carolina,Sunday,1,No
North Carolina,Wednesday,1,No
North Carolina,Friday,1,No
North Carolina,Tuesday,1,No
North Carolina,Tuesday,1,No
North Carolina,Friday,1,No
North Carolina,Tuesday,1,Yes
North Carolina,Saturday,1,Yes
North Carolina,Wednesday,1,No
North Carolina,Friday,1,No
North Carolina,Saturday,1,No
North Carolina,Saturday,1,No
North Carolina,Thursday,1,No
North Carolina,Monday,1,No
North Carolina,Saturday,1,Yes
North Carolina,Thursday,1,Yes
North Carolina,Wednesday,1,No
North Carolina,Saturday,1,No
North Carolina,Wednesday,1,No
North Carolina,Saturday,1,Yes
North Carolina,Sunday,1,No
North Carolina,Tuesday,1,No
North Carolina,Friday,1,Yes
North Carolina,Saturday,1,No
North Carolina,Wednesday,1,No
North Carolina,Friday,2,No
North Carolina,Sunday,1,No
North Carolina,Sunday,1,No
North Carolina,Tuesday,1,No
North Carolina,Thursday,1,No
North Carolina,Wednesday,1,No
North Carolina,Tuesday,1,No
North Carolina,Wednesday,1,No
North Carolina,Thursday,1,No
North Carolina,Tuesday,1,No
North Carolina,Saturday,1,Yes
North Carolina,Sunday,1,No
North Carolina,Thursday,1,No
North Carolina,Saturday,1,No
North Carolina,Saturday,1,Yes
North Carolina,Sunday,1,Yes
North Carolina,Tuesday,1,No
North Carolina,Thursday,1,No
North Carolina,Monday,1,Yes
North Carolina,Sunday,1,Yes
North Carolina,Sunday,1,Yes
North Carolina,Saturday,1,No
North Carolina,Friday,1,No
North Carolina,Saturday,2,Yes
North Carolina,Sunday,1,No
North Carolina,Tuesday,1,No
North Carolina,Sunday,1,No
North Carolina,Wednesday,1,No
North Carolina,Wednesday,1,No
North Carolina,Friday,1,No
North Carolina,Wednesday,1,No
North Carolina,Monday,1,No
North Carolina,Wednesday,1,No
North Carolina,Tuesday,1,No
North Carolina,Wednesday,1,No
North Carolina,Sunday,1,No
North Carolina,Tuesday,1,No
North Carolina,Thursday,1,Yes
North Carolina,Monday,1,Yes
North Carolina,Monday,1,No
North Carolina,Thursday,1,No
North Carolina,Friday,1,No
North Carolina,Tuesday,1,No
North Carolina,Wednesday,1,No
North Carolina,Tuesday,1,No
North Carolina,Wednesday,1,No
North Carolina,Friday,1,No
North Carolina,Friday,1,No
North Carolina,Saturday,1,Yes
North Carolina,Sunday,1,Yes
North Carolina,Thursday,1,No
North Carolina,Monday,1,No
North Carolina,Wednesday,1,Yes
North Carolina,Sunday,1,No
North Carolina,Tuesday,1,No
North Carolina,Friday,1,No
North Carolina,Thursday,1,No
North Carolina,Monday,1,No
North Carolina,Sunday,1,Yes
North Carolina,Monday,1,Yes
North Carolina,Tuesday,1,No
North Carolina,Wednesday,1,No
North Carolina,Wednesday,1,No
North Carolina,Wednesday,1,No
North Carolina,Thursday,1,No
North Carolina,Friday,1,No
North Carolina,Tuesday,1,No
North Carolina,Sunday,1,Yes
North Carolina,Tuesday,1,No
North Carolina,Monday,2,No
North Carolina,Tuesday,1,No
North Carolina,Wednesday,1,No
North Carolina,Monday,1,No
North Carolina,Sunday,1,No
North Carolina,Sunday,2,No
North Carolina,Monday,1,No
North Carolina,Saturday,1,Yes
North Carolina,Tuesday,1,No
North Carolina,Saturday,1,Yes
North Carolina,Monday,1,No
North Carolina,Saturday,1,No
North Carolina,Thursday,1,Yes
North Carolina,Monday,1,No
North Carolina,Wednesday,1,Yes
North Carolina,Monday,2,No
North Carolina,Tuesday,1,No
North Carolina,Friday,1,No
North Carolina,Saturday,1,No
North Carolina,Thursday,2,No
North Carolina,Sunday,2,No
North Carolina,Monday,1,No
North Carolina,Saturday,1,No
North Carolina,Friday,1,No
North Carolina,Friday,1,Yes
North Carolina,Thursday,1,No
North Carolina,Friday,1,No
North Carolina,Monday,1,No
North Carolina,Saturday,1,No
North Carolina,Wednesday,2,No
North Carolina,Thursday,1,Yes
North Carolina,Friday,1,No
North Carolina,Sunday,2,No
North Carolina,Tuesday,1,No
North Carolina,Thursday,1,No
North Carolina,Monday,1,Yes
North Carolina,Friday,1,Yes
North Carolina,Sunday,1,Yes
North Carolina,Tuesday,1,No
North Carolina,Sunday,1,No
North Carolina,Tuesday,1,No
North Carolina,Saturday,1,No
North Carolina,Monday,1,No
North Carolina,Saturday,1,No
North Carolina,Sunday,1,No
North Carolina,Monday,1,No
North Carolina,Friday,1,Yes
North Carolina,Sunday,1,No
North Carolina,Saturday,1,Yes
North Carolina,Tuesday,1,No
North Carolina,Monday,1,No
North Carolina,Thursday,1,No
North Carolina,Monday,1,No
North Carolina,Wednesday,1,No
North Carolina,Saturday,1,Yes
North Carolina,Thursday,1,No
North Carolina,Monday,1,No
North Carolina,Friday,1,No
North Carolina,Monday,1,No
North Carolina,Friday,1,No
North Carolina,Sunday,1,Yes
North Carolina,Saturday,2,Yes
North Carolina,Sunday,1,No
North Carolina,Monday,1,No
North Carolina,Thursday,1,Yes
North Carolina,Friday,1,No
North Carolina,Saturday,1,Yes
North Carolina,Monday,1,No
North Carolina,Wednesday,1,No
North Carolina,Friday,1,No
North Carolina,Monday,1,Yes
North Carolina,Monday,1,No
North Carolina,Tuesday,2,No
North Carolina,Wednesday,1,Yes
North Carolina,Wednesday,1,No
North Carolina,Sunday,1,Yes
North Carolina,Sunday,1,No
North Carolina,Sunday,1,Yes
North Carolina,Monday,1,No
North Carolina,Wednesday,1,No
North Carolina,Saturday,1,Yes
North Carolina,Saturday,1,No
North Carolina,Tuesday,1,Yes
North Carolina,Sunday,1,No
North Carolina,Monday,1,No
North Carolina,Tuesday,1,No
North Carolina,Tuesday,2,No
North Carolina,Tuesday,1,No
North Carolina,Wednesday,1,No
North Carolina,Saturday,1,No
North Carolina,Sunday,1,Yes
North Carolina,Sunday,2,Yes
North Carolina,Friday,1,Yes
North Carolina,Saturday,1,No
North Carolina,Monday,1,No
North Carolina,Wednesday,1,Yes
North Carolina,Friday,1,Yes
North Carolina,Saturday,1,No
North Carolina,Saturday,1,No
North Carolina,Saturday,1,Yes
North Carolina,Thursday,1,No
North Carolina,Monday,1,No
North Carolina,Saturday,1,No
North Carolina,Tuesday,1,No
North Carolina,Tuesday,1,Yes
North Carolina,Thursday,2,No
North Carolina,Saturday,1,Yes
North Carolina,Saturday,1,No
North Carolina,Friday,1,No
North Carolina,Sunday,1,No
North Carolina,Saturday,1,No
North Carolina,Friday,1,No
North Carolina,Wednesday,1,No
North Carolina,Friday,1,No
North Carolina,Sunday,1,Yes
North Carolina,Thursday,1,No
North Carolina,Tuesday,1,No
North Carolina,Friday,1,No
North Carolina,Monday,1,No
North Carolina,Saturday,1,Yes
North Carolina,Friday,1,Yes
North Carolina,Monday,1,No
North Carolina,Tuesday,1,No
North Carolina,Sunday,1,Yes
North Carolina,Thursday,1,No
North Carolina,Monday,1,No
North Carolina,Friday,1,No
North Carolina,Saturday,1,No
North Carolina,Wednesday,1,No
North Carolina,Saturday,1,Yes
North Carolina,Friday,1,Yes
North Carolina,Saturday,1,No
North Carolina,Tuesday,1,No
North Carolina,Thursday,1,No
North Carolina,Friday,1,No
North Carolina,Saturday,1,No
North Carolina,Saturday,1,Yes
North Carolina,Saturday,1,No
North Carolina,Thursday,1,No
North Carolina,Sunday,1,No
North Carolina,Wednesday,1,No
North Carolina,Tuesday,1,No
North Carolina,Wednesday,1,No
North Carolina,Sunday,1,No
North Carolina,Friday,1,No
North Carolina,Tuesday,1,Yes
North Carolina,Monday,1,No
North Carolina,Monday,1,No
North Carolina,Tuesday,1,No
North Carolina,Friday,1,No
North Carolina,Friday,1,Yes
North Carolina,Thursday,1,No
North Carolina,Saturday,1,No
North Carolina,Monday,1,No
North Carolina,Sunday,1,No
North Carolina,Thursday,1,No
North Carolina,Tuesday,1,No
North Carolina,Tuesday,1,No
North Carolina,Wednesday,1,Yes
North Carolina,Wednesday,1,Yes
North Carolina,Tuesday,1,No
North Carolina,Wednesday,1,No
North Carolina,Wednesday,1,Yes
North Carolina,Wednesday,1,No
North Carolina,Tuesday,1,No
North Carolina,Tuesday,1,No
North Carolina,Monday,2,No
North Carolina,Thursday,1,No
North Carolina,Tuesday,1,No
North Carolina,Tuesday,1,No
North Carolina,Wednesday,1,No
North Carolina,Sunday,1,No
North Carolina,Tuesday,1,No
North Carolina,Friday,1,No
North Carolina,Wednesday,1,No
North Carolina,Saturday,1,Yes
North Carolina,Sunday,1,No
North Carolina,Thursday,1,No
North Carolina,Wednesday,1,No
North Carolina,Saturday,3,Yes
North Carolina,Wednesday,1,No
North Carolina,Sunday,1,Yes
North Carolina,Sunday,1,Yes
North Carolina,Saturday,1,No
North Carolina,Wednesday,1,No
North Carolina,Tuesday,2,No
North Carolina,Sunday,1,Yes
North Carolina,Friday,1,Yes
North Carolina,Friday,2,Yes
North Carolina,Monday,1,No
North Carolina,Wednesday,1,No
North Carolina,Sunday,1,No
North Carolina,Monday,1,Yes
North Carolina,Thursday,1,No
North Carolina,Monday,1,No
North Carolina,Saturday,1,Yes
North Carolina,Monday,1,Yes
North Carolina,Thursday,1,No
North Carolina,Sunday,1,No
North Carolina,Wednesday,1,No
North Carolina,Saturday,1,No
North Carolina,Tuesday,1,No
North Carolina,Friday,1,No
North Carolina,Sunday,1,Yes
North Carolina,Monday,1,No
North Carolina,Friday,3,No
North Carolina,Friday,1,No
North Carolina,Saturday,1,No
North Carolina,Saturday,1,No
North Carolina,Friday,1,No
North Carolina,Tuesday,1,No
North Carolina,Wednesday,1,No
North Carolina,Tuesday,1,No
North Carolina,Thursday,1,No
North Carolina,Sunday,1,No
North Carolina,Wednesday,1,No
North Carolina,Friday,1,No
North Carolina,Tuesday,1,Yes
North Carolina,Friday,1,No
North Carolina,Monday,1,No
North Carolina,Saturday,2,No
North Carolina,Friday,1,Yes
North Carolina,Friday,1,No
North Carolina,Sunday,1,No
North Carolina,Thursday,1,Yes
North Carolina,Sunday,1,No
North Carolina,Thursday,1,No
North Carolina,Saturday,1,No
North Carolina,Sunday,1,Yes
North Carolina,Sunday,1,No
North Carolina,Friday,1,No
North Carolina,Thursday,1,No
North Carolina,Friday,1,No
North Carolina,Sunday,1,No
North Carolina,Monday,1,No
North Carolina,Tuesday,1,No
North Carolina,Sunday,1,Yes
North Carolina,Tuesday,1,No
North Carolina,Saturday,1,No
North Carolina,Friday,1,No
North Carolina,Saturday,1,No
North Carolina,Sunday,1,Yes
North Carolina,Saturday,1,No
North Carolina,Thursday,1,No
North Carolina,Friday,1,No
North Carolina,Friday,1,No
North Carolina,Saturday,1,No
North Carolina,Sunday,1,Yes
North Carolina,Saturday,1,No
North Carolina,Monday,1,No
North Carolina,Wednesday,1,No
North Carolina,Tuesday,1,No
North Carolina,Sunday,1,No
North Carolina,Thursday,1,No
North Carolina,Saturday,1,Yes
North Carolina,Friday,1,No
North Carolina,Thursday,1,No
North Carolina,Saturday,1,No
North Carolina,Sunday,1,Yes
North Carolina,Friday,1,No
North Carolina,Sunday,1,Yes
North Carolina,Wednesday,3,Yes
North Carolina,Friday,1,No
North Carolina,Tuesday,1,No
North Carolina,Tuesday,2,No
North Carolina,Thursday,1,No
North Carolina,Friday,1,No
North Carolina,Sunday,1,No
North Carolina,Friday,1,No
North Carolina,Wednesday,1,No
North Carolina,Monday,1,No
North Carolina,Sunday,1,Yes
North Carolina,Friday,1,No
North Carolina,Thursday,1,No
North Carolina,Friday,1,No
North Carolina,Sunday,2,No
North Carolina,Tuesday,1,No
North Carolina,Saturday,1,Yes
North Carolina,Thursday,1,Yes
North Carolina,Sunday,1,No
North Carolina,Thursday,1,No
North Carolina,Friday,1,Yes
North Carolina,Wednesday,1,No
North Carolina,Monday,1,No
North Carolina,Saturday,1,Yes
North Carolina,Thursday,1,No
North Carolina,Saturday,1,Yes
North Carolina,Wednesday,3,No
North Carolina,Wednesday,1,No
North Carolina,Saturday,1,Yes
North Carolina,Friday,1,Yes
North Carolina,Sunday,3,Yes
North Carolina,Friday,1,No
North Carolina,Thursday,1,No
North Carolina,Tuesday,1,No
North Carolina,Monday,1,Yes
North Carolina,Saturday,1,Yes
North Carolina,Thursday,1,No
North Carolina,Monday,1,No
North Carolina,Saturday,1,Yes
North Carolina,Friday,1,No
North Carolina,Wednesday,3,No
North Carolina,Friday,1,No
North Carolina,Wednesday,1,No
North Carolina,Friday,1,Yes
North Carolina,Friday,1,No
North Carolina,Sunday,1,No
North Carolina,Wednesday,1,No
North Carolina,Friday,1,No
North Carolina,Monday,1,No
North Carolina,Wednesday,1,No
North Carolina,Sunday,1,No
North Carolina,Saturday,1,Yes
North Carolina,Sunday,1,Yes
North Carolina,Wednesday,1,No
North Carolina,Wednesday,1,No
North Carolina,Saturday,1,Yes
North Carolina,Sunday,1,No
North Carolina,Sunday,1,No
North Carolina,Sunday,1,No
North Carolina,Saturday,1,No
North Carolina,Tuesday,1,No
North Carolina,Monday,1,Yes
North Carolina,Sunday,1,No
North Carolina,Sunday,1,Yes
North Carolina,Saturday,1,No
North Carolina,Monday,1,No
North Carolina,Thursday,1,Yes
North Carolina,Saturday,1,Yes
North Carolina,Monday,1,No
North Carolina,Sunday,1,No
North Carolina,Wednesday,1,No
North Carolina,Thursday,1,No
North Carolina,Thursday,1,No
North Carolina,Wednesday,1,No
North Carolina,Tuesday,1,No
North Carolina,Thursday,1,No
North Carolina,Wednesday,1,No
North Carolina,Saturday,1,Yes
North Carolina,Saturday,1,No
North Carolina,Friday,2,No
North Carolina,Saturday,1,Yes
North Carolina,Saturday,1,No
North Carolina,Sunday,1,No
North Carolina,Tuesday,1,Yes
North Carolina,Sunday,2,No
North Carolina,Saturday,1,No
North Carolina,Saturday,1,Yes
North Carolina,Monday,1,No
North Carolina,Sunday,1,Yes
North Carolina,Wednesday,1,No
North Carolina,Monday,1,No
North Carolina,Friday,1,Yes
North Carolina,Saturday,1,No
North Carolina,Saturday,1,No
North Carolina,Monday,1,No
North Carolina,Saturday,1,Yes
North Carolina,Friday,1,No
North Carolina,Saturday,1,Yes
North Carolina,Sunday,1,Yes
North Carolina,Wednesday,1,No
North Carolina,Monday,1,Yes
North Carolina,Wednesday,1,Yes
North Carolina,Thursday,1,No
North Carolina,Saturday,1,Yes
North Carolina,Sunday,1,Yes
North Carolina,Thursday,1,No
North Carolina,Tuesday,1,No
North Carolina,Tuesday,1,No
North Carolina,Tuesday,1,No
North Carolina,Sunday,1,Yes
North Carolina,Tuesday,1,No
North Carolina,Wednesday,1,No
North Carolina,Friday,1,No
North Carolina,Friday,1,No
North Carolina,Thursday,1,No
North Carolina,Monday,1,No
North Carolina,Sunday,1,Yes
North Carolina,Friday,1,No
North Carolina,Thursday,1,No
North Carolina,Thursday,2,No
North Carolina,Tuesday,1,No
North Carolina,Wednesday,1,No
North Carolina,Saturday,1,No
North Carolina,Friday,1,No
North Carolina,Wednesday,1,Yes
North Carolina,Sunday,1,No
North Carolina,Saturday,1,No
North Carolina,Saturday,1,No
North Carolina,Friday,1,Yes
North Carolina,Monday,1,No
North Carolina,Saturday,1,No
North Carolina,Friday,1,No
North Carolina,Monday,1,No
North Carolina,Saturday,1,No
North Carolina,Friday,1,No
North Carolina,Thursday,1,No
North Carolina,Friday,1,No
North Carolina,Tuesday,2,No
North Carolina,Tuesday,1,Yes
North Carolina,Sunday,1,No
North Carolina,Sunday,1,No
North Carolina,Thursday,1,No
North Carolina,Saturday,1,No
North Carolina,Thursday,1,No
North Carolina,Saturday,1,No
North Carolina,Sunday,1,No
North Carolina,Friday,1,No
North Carolina,Monday,1,No
North Carolina,Thursday,1,No
North Carolina,Sunday,1,Yes
North Carolina,Monday,1,No
North Carolina,Wednesday,1,No
North Carolina,Friday,1,No
North Carolina,Sunday,1,No
North Carolina,Saturday,1,No
North Carolina,Thursday,1,No
North Carolina,Monday,1,Yes
North Carolina,Tuesday,1,No
North Carolina,Wednesday,1,No
North Carolina,Saturday,1,No
North Carolina,Wednesday,1,No
North Carolina,Sunday,3,No
North Carolina,Saturday,1,No
North Carolina,Tuesday,1,No
North Carolina,Wednesday,1,No
North Carolina,Wednesday,1,No
North Carolina,Monday,2,Yes
North Carolina,Saturday,1,No
North Carolina,Monday,1,Yes
North Carolina,Friday,1,No
North Carolina,Saturday,1,No
North Carolina,Saturday,1,Yes
North Carolina,Thursday,1,No
North Carolina,Monday,1,No
North Carolina,Saturday,1,Yes
North Carolina,Wednesday,1,No
North Carolina,Monday,1,No
North Carolina,Sunday,1,No
North Carolina,Thursday,1,Yes
North Carolina,Friday,1,No
North Carolina,Wednesday,1,No
North Carolina,Thursday,1,No
North Carolina,Wednesday,1,No
North Carolina,Thursday,1,No
North Carolina,Monday,1,Yes
North Carolina,Sunday,1,No
North Carolina,Sunday,1,Yes
North Carolina,Tuesday,1,Yes
North Carolina,Friday,1,No
North Carolina,Tuesday,1,No
North Carolina,Wednesday,1,Yes
North Carolina,Saturday,1,No
North Carolina,Saturday,1,No
North Carolina,Thursday,1,No
North Carolina,Friday,1,No
North Carolina,Thursday,1,No
North Carolina,Monday,1,Yes
North Carolina,Tuesday,1,Yes
North Carolina,Friday,1,No
North Carolina,Thursday,1,No
North Carolina,Wednesday,4,No
North Carolina,Saturday,1,Yes
North Carolina,Tuesday,1,Yes
North Carolina,Saturday,1,Yes
North Carolina,Sunday,1,No
North Carolina,Wednesday,1,Yes
North Carolina,Monday,1,No
North Carolina,Saturday,1,No
North Carolina,Wednesday,1,No
North Carolina,Friday,1,No
North Carolina,Tuesday,1,No
North Carolina,Wednesday,1,Yes
North Carolina,Saturday,1,No
North Carolina,Monday,1,No
North Carolina,Wednesday,1,No
North Carolina,Monday,1,No
North Carolina,Sunday,1,Yes
North Carolina,Sunday,1,No
North Carolina,Tuesday,1,Yes
North Carolina,Wednesday,1,Yes
North Carolina,Sunday,1,No
North Carolina,Monday,1,Yes
North Carolina,Sunday,1,Yes
North Carolina,Wednesday,1,No
North Carolina,Friday,1,No
North Carolina,Sunday,2,No
North Carolina,Tuesday,1,No
North Carolina,Sunday,1,No
North Carolina,Sunday,1,No
North Carolina,Friday,1,No
North Carolina,Wednesday,1,No
North Carolina,Sunday,1,No
North Carolina,Tuesday,1,No
North Carolina,Wednesday,1,No
North Carolina,Saturday,1,Yes
North Carolina,Sunday,1,No
North Carolina,Monday,1,Yes
North Carolina,Saturday,1,No
North Carolina,Saturday,1,No
North Carolina,Monday,1,No
North Carolina,Saturday,1,No
North Carolina,Tuesday,2,No
North Carolina,Friday,1,Yes
North Carolina,Saturday,1,Yes
North Carolina,Sunday,1,No
North Carolina,Friday,1,No
North Carolina,Saturday,1,No
North Carolina,Thursday,1,No
North Carolina,Saturday,1,No
North Carolina,Wednesday,1,No
North Carolina,Friday,1,Yes
North Carolina,Saturday,1,No
North Carolina,Friday,2,No
North Carolina,Tuesday,1,Yes
North Carolina,Thursday,1,No
North Carolina,Friday,1,No
North Carolina,Tuesday,1,No
North Carolina,Sunday,2,Yes
North Carolina,Thursday,1,No
North Carolina,Wednesday,1,No
North Carolina,Thursday,1,No
North Carolina,Friday,1,Yes
North Carolina,Thursday,1,No
North Carolina,Wednesday,1,No
North Carolina,Sunday,1,No
North Carolina,Sunday,1,No
North Carolina,Friday,1,No
North Carolina,Tuesday,1,No
North Carolina,Sunday,1,No
North Carolina,Saturday,1,No
North Carolina,Tuesday,1,No
North Carolina,Sunday,1,No
North Carolina,Tuesday,1,No
North Carolina,Sunday,1,Yes
North Carolina,Saturday,1,Yes
North Carolina,Wednesday,2,Yes
North Carolina,Sunday,1,Yes
North Carolina,Thursday,2,No
North Carolina,Thursday,1,No
North Carolina,Wednesday,1,No
North Carolina,Friday,1,No
North Carolina,Wednesday,1,Yes
North Carolina,Friday,1,No
North Carolina,Wednesday,1,No
North Carolina,Friday,1,No
North Carolina,Saturday,1,No
North Carolina,Monday,1,No
North Carolina,Saturday,1,Yes
North Carolina,Wednesday,2,Yes
North Carolina,Wednesday,1,No
North Carolina,Sunday,1,Yes
North Carolina,Tuesday,1,No
North Carolina,Friday,1,Yes
North Carolina,Tuesday,1,No
North Carolina,Friday,1,No
North Carolina,Wednesday,1,No
North Carolina,Saturday,1,No
North Carolina,Saturday,1,No
North Carolina,Friday,1,No
North Carolina,Wednesday,1,No
North Carolina,Friday,1,No
North Carolina,Saturday,1,No
North Carolina,Thursday,1,Yes
North Carolina,Saturday,1,Yes
North Carolina,Tuesday,1,No
North Carolina,Sunday,1,No
North Carolina,Saturday,1,No
North Carolina,Sunday,1,Yes
North Carolina,Thursday,1,No
North Carolina,Thursday,1,No
North Carolina,Friday,1,Yes
North Carolina,Monday,1,Yes
North Carolina,Monday,1,No
North Carolina,Thursday,1,No
North Carolina,Wednesday,1,No
North Carolina,Sunday,1,Yes
North Carolina,Wednesday,1,No
North Carolina,Saturday,1,No
North Carolina,Thursday,1,No
North Carolina,Monday,1,No
North Carolina,Tuesday,1,No
North Carolina,Sunday,1,No
North Carolina,Tuesday,1,No
North Carolina,Saturday,1,No
North Carolina,Tuesday,1,No
North Carolina,Saturday,1,No
North Carolina,Tuesday,1,No
North Carolina,Friday,1,No
North Carolina,Monday,1,No
North Carolina,Tuesday,1,No
North Carolina,Wednesday,1,No
North Carolina,Wednesday,1,No
North Carolina,Sunday,1,Yes
North Carolina,Friday,2,Yes
North Carolina,Monday,1,No
North Carolina,Friday,1,No
North Carolina,Thursday,1,No
North Carolina,Monday,1,No
North Carolina,Saturday,1,No
North Carolina,Friday,1,Yes
North Carolina,Friday,1,Yes
North Carolina,Sunday,1,No
North Carolina,Saturday,1,No
North Carolina,Thursday,2,No
North Carolina,Saturday,1,No
North Carolina,Saturday,1,Yes
North Carolina,Friday,2,No
North Carolina,Tuesday,1,No
North Carolina,Friday,1,No
North Carolina,Sunday,1,No
North Carolina,Saturday,1,No
North Carolina,Friday,2,No
North Carolina,Tuesday,1,No
North Carolina,Saturday,1,No
North Carolina,Tuesday,1,No
North Carolina,Friday,1,No
North Carolina,Saturday,1,Yes
North Carolina,Saturday,2,No
North Carolina,Thursday,1,Yes
North Carolina,Monday,1,No
North Carolina,Thursday,1,No
North Carolina,Saturday,1,Yes
North Carolina,Wednesday,1,No
North Carolina,Thursday,1,No
North Carolina,Tuesday,1,No
North Carolina,Friday,1,No
North Carolina,Tuesday,1,No
North Carolina,Wednesday,1,Yes
North Carolina,Tuesday,1,No
North Carolina,Sunday,1,No
North Carolina,Sunday,1,No
North Carolina,Wednesday,1,No
North Carolina,Friday,1,No
North Carolina,Sunday,2,Yes
North Carolina,Friday,1,No
North Carolina,Monday,1,No
North Carolina,Wednesday,1,No
North Carolina,Sunday,1,Yes
North Carolina,Sunday,1,Yes
North Carolina,Wednesday,1,No
North Carolina,Thursday,1,No
North Carolina,Thursday,1,No
North Carolina,Monday,1,No
North Carolina,Saturday,1,No
North Carolina,Thursday,1,No
North Carolina,Wednesday,1,No
North Carolina,Monday,1,No
North Carolina,Wednesday,1,Yes
North Carolina,Friday,2,Yes
North Carolina,Saturday,1,No
North Carolina,Tuesday,1,No
North Carolina,Saturday,2,No
North Carolina,Thursday,1,Yes
North Carolina,Thursday,1,No
North Carolina,Saturday,1,Yes
North Carolina,Monday,2,Yes
North Carolina,Wednesday,1,No
North Carolina,Saturday,1,No
North Carolina,Thursday,1,No
North Carolina,Thursday,1,No
North Carolina,Thursday,1,No
North Carolina,Friday,2,No
North Carolina,Friday,1,No
North Carolina,Tuesday,1,No
North Carolina,Monday,1,No
North Carolina,Saturday,1,No
North Carolina,Tuesday,1,No
North Carolina,Thursday,1,Yes
North Carolina,Thursday,1,No
North Carolina,Tuesday,1,No
North Carolina,Friday,1,No
North Carolina,Saturday,1,No
North Carolina,Sunday,1,Yes
North Carolina,Saturday,1,Yes
North Carolina,Friday,1,No
North Carolina,Tuesday,1,No
North Carolina,Saturday,1,No
North Carolina,Sunday,1,No
North Carolina,Monday,1,Yes
North Carolina,Wednesday,1,Yes
North Carolina,Wednesday,1,No
North Carolina,Sunday,1,Yes
North Carolina,Sunday,1,No
North Carolina,Thursday,1,No
North Carolina,Monday,1,Yes
North Carolina,Saturday,2,Yes
North Carolina,Thursday,1,No
North Carolina,Sunday,1,No
North Carolina,Tuesday,1,No
North Carolina,Thursday,1,No
North Carolina,Saturday,1,No
North Carolina,Thursday,1,No
North Carolina,Saturday,1,No
North Carolina,Thursday,1,No
North Carolina,Saturday,1,No
North Carolina,Monday,1,No
North Carolina,Saturday,1,Yes
North Carolina,Monday,1,No
North Carolina,Tuesday,2,Yes
North Carolina,Sunday,2,No
North Carolina,Friday,1,Yes
North Carolina,Wednesday,1,Yes
North Carolina,Sunday,1,Yes
North Carolina,Friday,1,No
North Carolina,Wednesday,1,No
North Carolina,Tuesday,1,Yes
North Carolina,Saturday,1,No
North Carolina,Wednesday,1,No
North Carolina,Friday,1,No
North Carolina,Wednesday,1,No
North Carolina,Monday,1,No
North Carolina,Tuesday,1,No
North Carolina,Thursday,1,Yes
North Carolina,Saturday,1,Yes
North Carolina,Wednesday,1,No
North Carolina,Thursday,1,No
North Carolina,Sunday,1,No
North Carolina,Wednesday,1,No
North Carolina,Saturday,1,No
North Carolina,Sunday,1,Yes
North Carolina,Friday,1,No
North Carolina,Friday,1,No
North Carolina,Monday,1,Yes
North Carolina,Friday,1,No
North Carolina,Thursday,1,Yes
North Carolina,Sunday,1,No
North Carolina,Friday,1,No
North Carolina,Monday,1,No
North Carolina,Thursday,1,No
North Carolina,Wednesday,1,No
North Carolina,Wednesday,1,No
North Carolina,Sunday,1,No
North Carolina,Sunday,1,No
North Carolina,Monday,1,No
North Carolina,Sunday,1,Yes
North Carolina,Saturday,1,Yes
North Carolina,Monday,1,Yes
North Carolina,Friday,1,No
North Carolina,Saturday,1,Yes
North Carolina,Saturday,1,Yes
North Carolina,Sunday,1,No
North Carolina,Monday,1,No
North Carolina,Thursday,1,No
North Carolina,Sunday,1,No
North Carolina,Saturday,1,No
North Carolina,Sunday,1,No
North Carolina,Tuesday,1,Yes
North Carolina,Tuesday,1,Yes
North Carolina,Saturday,1,No
North Carolina,Saturday,1,No
North Carolina,Friday,1,No
North Carolina,Saturday,1,No
North Carolina,Sunday,2,No
North Carolina,Friday,1,No
North Carolina,Friday,1,No
North Carolina,Tuesday,1,No
North Carolina,Friday,1,No
North Carolina,Friday,1,Yes
North Carolina,Sunday,1,No
North Carolina,Wednesday,1,Yes
North Carolina,Saturday,1,No
North Carolina,Monday,1,No
North Carolina,Thursday,1,No
North Carolina,Thursday,1,No
North Carolina,Sunday,1,No
North Carolina,Sunday,1,Yes
North Carolina,Saturday,1,Yes
North Carolina,Friday,1,No
North Carolina,Thursday,1,Yes
North Carolina,Wednesday,1,No
North Carolina,Monday,1,No
North Carolina,Thursday,1,Yes
North Carolina,Sunday,1,Yes
North Carolina,Tuesday,2,No
North Carolina,Tuesday,1,No
North Carolina,Monday,1,No
North Carolina,Tuesday,1,No
North Carolina,Tuesday,1,No
North Carolina,Wednesday,1,No
North Carolina,Saturday,1,No
North Carolina,Saturday,1,No
North Carolina,Sunday,1,Yes
North Carolina,Sunday,1,Yes
North Carolina,Monday,1,No
North Carolina,Sunday,2,Yes
North Carolina,Saturday,1,No
North Carolina,Thursday,1,No
North Carolina,Thursday,1,No
North Carolina,Tuesday,1,No
North Carolina,Sunday,1,No
North Carolina,Friday,2,No
North Carolina,Monday,1,No
North Carolina,Sunday,1,No
North Carolina,Sunday,1,Yes
North Carolina,Saturday,1,No
North Dakota,Wednesday,1,Yes
North Dakota,Wednesday,1,No
North Dakota,Wednesday,1,No
North Dakota,Thursday,2,No
North Dakota,Saturday,1,Yes
North Dakota,Thursday,1,No
North Dakota,Sunday,1,No
North Dakota,Tuesday,1,No
North Dakota,Saturday,1,No
North Dakota,Monday,1,No
North Dakota,Sunday,2,No
North Dakota,Thursday,1,No
North Dakota,Wednesday,1,No
North Dakota,Sunday,1,No
North Dakota,Friday,1,Yes
North Dakota,Wednesday,1,No
North Dakota,Wednesday,1,No
North Dakota,Saturday,1,Yes
North Dakota,Thursday,1,No
North Dakota,Friday,1,No
North Dakota,Wednesday,1,No
North Dakota,Thursday,1,Yes
North Dakota,Sunday,1,No
North Dakota,Wednesday,1,No
North Dakota,Saturday,1,Yes
North Dakota,Monday,1,No
North Dakota,Wednesday,1,Yes
North Dakota,Monday,1,Yes
North Dakota,Wednesday,1,No
North Dakota,Wednesday,1,No
North Dakota,Thursday,1,No
North Dakota,Monday,1,No
North Dakota,Tuesday,1,No
North Dakota,Thursday,1,Yes
North Dakota,Saturday,1,Yes
North Dakota,Saturday,1,No
North Dakota,Wednesday,1,No
North Dakota,Saturday,1,Yes
North Dakota,Monday,1,No
North Dakota,Saturday,1,Yes
North Dakota,Sunday,3,No
North Dakota,Monday,1,No
North Dakota,Thursday,1,No
North Dakota,Saturday,1,No
North Dakota,Saturday,1,Yes
North Dakota,Sunday,1,No
North Dakota,Thursday,1,Yes
North Dakota,Thursday,1,No
North Dakota,Saturday,1,No
North Dakota,Wednesday,1,No
North Dakota,Friday,2,No
North Dakota,Friday,1,No
North Dakota,Thursday,1,No
North Dakota,Wednesday,1,Yes
North Dakota,Saturday,1,Yes
North Dakota,Sunday,1,Yes
North Dakota,Monday,1,No
North Dakota,Wednesday,1,No
North Dakota,Saturday,1,Yes
North Dakota,Thursday,1,Yes
North Dakota,Sunday,1,No
North Dakota,Tuesday,1,No
North Dakota,Wednesday,1,Yes
North Dakota,Friday,1,No
North Dakota,Sunday,2,Yes
North Dakota,Tuesday,1,No
North Dakota,Tuesday,1,Yes
North Dakota,Friday,1,Yes
North Dakota,Monday,1,No
North Dakota,Monday,1,No
North Dakota,Tuesday,1,No
North Dakota,Friday,1,Yes
North Dakota,Friday,2,No
North Dakota,Friday,1,No
North Dakota,Tuesday,1,Yes
North Dakota,Tuesday,1,Yes
North Dakota,Thursday,1,No
North Dakota,Tuesday,1,Yes
North Dakota,Tuesday,1,No
North Dakota,Sunday,1,Yes
North Dakota,Sunday,1,No
North Dakota,Tuesday,1,No
North Dakota,Wednesday,1,No
North Dakota,Tuesday,1,Yes
North Dakota,Tuesday,2,No
North Dakota,Sunday,1,No
North Dakota,Wednesday,1,Yes
North Dakota,Monday,1,No
North Dakota,Saturday,3,No
North Dakota,Sunday,1,Yes
North Dakota,Saturday,1,No
North Dakota,Thursday,1,No
North Dakota,Sunday,1,No
North Dakota,Monday,1,Yes
North Dakota,Monday,1,No
Ohio,Tuesday,1,No
Ohio,Monday,1,No
Ohio,Thursday,1,No
Ohio,Monday,1,No
Ohio,Tuesday,1,No
Ohio,Wednesday,1,No
Ohio,Wednesday,1,No
Ohio,Friday,1,No
Ohio,Thursday,1,No
Ohio,Friday,1,No
Ohio,Saturday,1,Yes
Ohio,Monday,1,No
Ohio,Tuesday,1,Yes
Ohio,Wednesday,1,Yes
Ohio,Wednesday,1,No
Ohio,Friday,1,Yes
Ohio,Saturday,1,No
Ohio,Monday,1,No
Ohio,Wednesday,1,No
Ohio,Wednesday,2,No
Ohio,Thursday,1,No
Ohio,Friday,1,Yes
Ohio,Sunday,1,Yes
Ohio,Monday,1,Yes
Ohio,Friday,1,No
Ohio,Saturday,1,Yes
Ohio,Sunday,1,Yes
Ohio,Monday,1,No
Ohio,Wednesday,1,Yes
Ohio,Thursday,1,No
Ohio,Friday,1,Yes
Ohio,Saturday,1,Yes
Ohio,Thursday,1,No
Ohio,Friday,1,No
Ohio,Tuesday,1,Yes
Ohio,Saturday,1,Yes
Ohio,Sunday,1,Yes
Ohio,Sunday,1,No
Ohio,Wednesday,1,No
Ohio,Wednesday,1,No
Ohio,Wednesday,1,No
Ohio,Wednesday,1,No
Ohio,Thursday,1,No
Ohio,Thursday,1,No
Ohio,Monday,1,No
Ohio,Friday,1,Yes
Ohio,Friday,1,No
Ohio,Wednesday,1,No
Ohio,Monday,1,No
Ohio,Friday,1,No
Ohio,Thursday,1,No
Ohio,Saturday,1,No
Ohio,Tuesday,1,No
Ohio,Tuesday,1,No
Ohio,Friday,1,Yes
Ohio,Wednesday,1,No
Ohio,Wednesday,1,No
Ohio,Friday,1,No
Ohio,Friday,1,Yes
Ohio,Tuesday,1,No
Ohio,Sunday,1,No
Ohio,Thursday,1,No
Ohio,Wednesday,1,No
Ohio,Wednesday,1,No
Ohio,Thursday,1,Yes
Ohio,Friday,1,No
Ohio,Sunday,1,No
Ohio,Friday,1,No
Ohio,Monday,1,No
Ohio,Tuesday,1,No
Ohio,Friday,1,No
Ohio,Friday,1,No
Ohio,Sunday,2,No
Ohio,Tuesday,1,Yes
Ohio,Sunday,1,Yes
Ohio,Thursday,1,No
Ohio,Tuesday,1,No
Ohio,Monday,1,No
Ohio,Tuesday,1,No
Ohio,Tuesday,1,No
Ohio,Friday,1,Yes
Ohio,Tuesday,1,Yes
Ohio,Monday,1,Yes
Ohio,Wednesday,1,Yes
Ohio,Thursday,2,No
Ohio,Thursday,1,No
Ohio,Saturday,1,Yes
Ohio,Tuesday,1,No
Ohio,Monday,1,No
Ohio,Tuesday,1,No
Ohio,Wednesday,1,No
Ohio,Thursday,1,Yes
Ohio,Friday,1,Yes
Ohio,Friday,1,Yes
Ohio,Monday,1,No
Ohio,Tuesday,1,Yes
Ohio,Wednesday,1,No
Ohio,Saturday,1,Yes
Ohio,Monday,1,No
Ohio,Wednesday,1,No
Ohio,Friday,1,No
Ohio,Tuesday,1,No
Ohio,Wednesday,1,Yes
Ohio,Thursday,1,No
Ohio,Friday,1,No
Ohio,Sunday,1,No
Ohio,Tuesday,1,No
Ohio,Tuesday,2,No
Ohio,Friday,1,Yes
Ohio,Saturday,1,No
Ohio,Sunday,2,Yes
Ohio,Friday,1,Yes
Ohio,Monday,1,Yes
Ohio,Monday,1,No
Ohio,Saturday,1,Yes
Ohio,Tuesday,1,No
Ohio,Wednesday,1,Yes
Ohio,Thursday,2,No
Ohio,Wednesday,1,Yes
Ohio,Friday,3,Yes
Ohio,Monday,1,No
Ohio,Thursday,1,No
Ohio,Thursday,1,Yes
Ohio,Saturday,1,No
Ohio,Saturday,1,Yes
Ohio,Saturday,1,Yes
Ohio,Sunday,1,Yes
Ohio,Friday,1,No
Ohio,Saturday,1,No
Ohio,Monday,1,No
Ohio,Thursday,1,No
Ohio,Sunday,1,No
Ohio,Friday,1,No
Ohio,Friday,1,No
Ohio,Saturday,1,No
Ohio,Monday,1,No
Ohio,Saturday,1,Yes
Ohio,Sunday,1,No
Ohio,Tuesday,1,No
Ohio,Thursday,1,No
Ohio,Tuesday,1,No
Ohio,Friday,1,No
Ohio,Saturday,1,No
Ohio,Thursday,1,No
Ohio,Sunday,1,Yes
Ohio,Monday,1,No
Ohio,Tuesday,1,No
Ohio,Wednesday,2,No
Ohio,Thursday,2,No
Ohio,Friday,2,No
Ohio,Thursday,1,Yes
Ohio,Friday,1,No
Ohio,Monday,1,Yes
Ohio,Wednesday,1,No
Ohio,Friday,1,No
Ohio,Thursday,1,No
Ohio,Friday,1,No
Ohio,Thursday,1,No
Ohio,Monday,1,No
Ohio,Saturday,1,No
Ohio,Sunday,1,Yes
Ohio,Saturday,1,Yes
Ohio,Friday,1,No
Ohio,Wednesday,1,No
Ohio,Sunday,1,Yes
Ohio,Monday,1,No
Ohio,Tuesday,1,Yes
Ohio,Thursday,1,No
Ohio,Saturday,1,No
Ohio,Saturday,1,No
Ohio,Sunday,1,No
Ohio,Monday,1,No
Ohio,Thursday,1,No
Ohio,Friday,1,No
Ohio,Friday,1,Yes
Ohio,Tuesday,1,No
Ohio,Wednesday,1,No
Ohio,Tuesday,1,Yes
Ohio,Thursday,1,No
Ohio,Friday,1,No
Ohio,Monday,1,No
Ohio,Thursday,1,No
Ohio,Monday,1,Yes
Ohio,Thursday,1,No
Ohio,Saturday,1,No
Ohio,Friday,1,No
Ohio,Monday,1,No
Ohio,Saturday,1,Yes
Ohio,Sunday,1,Yes
Ohio,Tuesday,1,No
Ohio,Thursday,1,No
Ohio,Thursday,1,No
Ohio,Saturday,1,Yes
Ohio,Friday,1,No
Ohio,Saturday,1,No
Ohio,Sunday,1,No
Ohio,Friday,1,Yes
Ohio,Saturday,1,Yes
Ohio,Saturday,1,No
Ohio,Monday,1,No
Ohio,Tuesday,1,No
Ohio,Thursday,1,No
Ohio,Wednesday,1,No
Ohio,Saturday,1,Yes
Ohio,Thursday,1,No
Ohio,Friday,1,No
Ohio,Monday,1,No
Ohio,Friday,1,Yes
Ohio,Friday,1,No
Ohio,Thursday,2,No
Ohio,Monday,1,Yes
Ohio,Sunday,1,Yes
Ohio,Tuesday,1,No
Ohio,Saturday,1,No
Ohio,Friday,1,Yes
Ohio,Saturday,1,Yes
Ohio,Saturday,1,No
Ohio,Tuesday,1,No
Ohio,Sunday,1,No
Ohio,Wednesday,1,No
Ohio,Saturday,1,Yes
Ohio,Sunday,1,Yes
Ohio,Sunday,2,No
Ohio,Thursday,2,No
Ohio,Saturday,1,Yes
Ohio,Sunday,1,No
Ohio,Sunday,1,No
Ohio,Sunday,1,No
Ohio,Monday,1,No
Ohio,Monday,1,No
Ohio,Wednesday,2,No
Ohio,Thursday,1,Yes
Ohio,Tuesday,1,No
Ohio,Friday,1,No
Ohio,Sunday,1,Yes
Ohio,Saturday,1,No
Ohio,Monday,1,Yes
Ohio,Saturday,1,Yes
Ohio,Wednesday,1,No
Ohio,Friday,1,Yes
Ohio,Sunday,1,No
Ohio,Monday,1,No
Ohio,Monday,1,Yes
Ohio,Saturday,1,Yes
Ohio,Tuesday,1,No
Ohio,Sunday,1,No
Ohio,Tuesday,1,No
Ohio,Saturday,1,Yes
Ohio,Friday,1,No
Ohio,Thursday,1,No
Ohio,Thursday,1,No
Ohio,Saturday,1,No
Ohio,Thursday,1,No
Ohio,Wednesday,1,Yes
Ohio,Friday,1,No
Ohio,Tuesday,1,Yes
Ohio,Sunday,1,No
Ohio,Thursday,1,No
Ohio,Friday,1,Yes
Ohio,Thursday,1,No
Ohio,Monday,1,Yes
Ohio,Tuesday,1,No
Ohio,Friday,1,No
Ohio,Tuesday,1,No
Ohio,Wednesday,1,No
Ohio,Friday,1,Yes
Ohio,Monday,1,No
Ohio,Saturday,2,Yes
Ohio,Monday,1,No
Ohio,Monday,1,Yes
Ohio,Friday,1,No
Ohio,Wednesday,1,Yes
Ohio,Thursday,1,Yes
Ohio,Friday,1,Yes
Ohio,Monday,1,Yes
Ohio,Wednesday,2,No
Ohio,Tuesday,1,Yes
Ohio,Wednesday,2,No
Ohio,Thursday,1,No
Ohio,Saturday,1,Yes
Ohio,Monday,1,No
Ohio,Thursday,1,Yes
Ohio,Thursday,1,No
Ohio,Saturday,1,No
Ohio,Thursday,1,No
Ohio,Monday,1,No
Ohio,Friday,1,No
Ohio,Friday,1,No
Ohio,Wednesday,1,Yes
Ohio,Friday,1,Yes
Ohio,Saturday,1,Yes
Ohio,Sunday,1,Yes
Ohio,Sunday,1,No
Ohio,Monday,2,No
Ohio,Tuesday,1,No
Ohio,Thursday,1,Yes
Ohio,Saturday,1,Yes
Ohio,Friday,1,Yes
Ohio,Saturday,1,No
Ohio,Sunday,1,Yes
Ohio,Sunday,1,Yes
Ohio,Sunday,1,No
Ohio,Friday,2,Yes
Ohio,Wednesday,1,No
Ohio,Sunday,1,No
Ohio,Monday,1,No
Ohio,Tuesday,1,No
Ohio,Tuesday,1,No
Ohio,Thursday,3,No
Ohio,Wednesday,1,No
Ohio,Wednesday,1,No
Ohio,Tuesday,2,No
Ohio,Wednesday,1,No
Ohio,Wednesday,1,No
Ohio,Saturday,1,Yes
Ohio,Thursday,1,No
Ohio,Wednesday,1,Yes
Ohio,Saturday,1,Yes
Ohio,Friday,1,Yes
Ohio,Friday,1,No
Ohio,Friday,1,No
Ohio,Monday,1,No
Ohio,Thursday,1,Yes
Ohio,Wednesday,1,No
Ohio,Wednesday,1,No
Ohio,Saturday,1,No
Ohio,Wednesday,1,Yes
Ohio,Friday,2,No
Ohio,Tuesday,1,No
Ohio,Thursday,1,No
Ohio,Friday,1,No
Ohio,Saturday,1,No
Ohio,Tuesday,1,No
Ohio,Monday,1,No
Ohio,Sunday,1,No
Ohio,Wednesday,1,No
Ohio,Sunday,1,No
Ohio,Friday,1,No
Ohio,Saturday,1,No
Ohio,Friday,1,No
Ohio,Sunday,1,Yes
Ohio,Wednesday,1,No
Ohio,Monday,1,Yes
Ohio,Thursday,1,No
Ohio,Friday,2,No
Ohio,Friday,1,No
Ohio,Saturday,1,No
Ohio,Saturday,1,Yes
Ohio,Tuesday,1,Yes
Ohio,Wednesday,1,No
Ohio,Saturday,1,No
Ohio,Monday,1,No
Ohio,Thursday,1,No
Ohio,Thursday,1,No
Ohio,Friday,1,No
Ohio,Saturday,1,Yes
Ohio,Sunday,1,No
Ohio,Tuesday,2,No
Ohio,Tuesday,1,No
Ohio,Saturday,1,No
Ohio,Wednesday,1,No
Ohio,Wednesday,1,No
Ohio,Monday,1,No
Ohio,Monday,1,No
Ohio,Friday,2,Yes
Ohio,Sunday,1,No
Ohio,Tuesday,1,No
Ohio,Monday,1,No
Ohio,Monday,1,No
Ohio,Tuesday,1,Yes
Ohio,Tuesday,1,No
Ohio,Thursday,1,No
Ohio,Thursday,1,No
Ohio,Friday,1,No
Ohio,Friday,1,No
Ohio,Friday,1,Yes
Ohio,Saturday,1,Yes
Ohio,Saturday,1,No
Ohio,Tuesday,1,No
Ohio,Thursday,1,No
Ohio,Thursday,1,No
Ohio,Thursday,1,No
Ohio,Friday,1,Yes
Ohio,Friday,1,Yes
Ohio,Wednesday,1,No
Ohio,Saturday,1,No
Ohio,Tuesday,1,Yes
Ohio,Wednesday,1,No
Ohio,Sunday,1,Yes
Ohio,Saturday,1,No
Ohio,Sunday,1,No
Ohio,Thursday,1,No
Ohio,Thursday,1,No
Ohio,Thursday,1,No
Ohio,Thursday,1,No
Ohio,Friday,1,Yes
Ohio,Friday,1,No
Ohio,Monday,1,No
Ohio,Friday,1,Yes
Ohio,Friday,1,No
Ohio,Saturday,1,No
Ohio,Tuesday,1,No
Ohio,Friday,1,No
Ohio,Sunday,1,Yes
Ohio,Sunday,1,Yes
Ohio,Friday,1,Yes
Ohio,Monday,1,No
Ohio,Friday,1,Yes
Ohio,Monday,1,Yes
Ohio,Wednesday,1,No
Ohio,Saturday,1,Yes
Ohio,Saturday,1,Yes
Ohio,Wednesday,1,Yes
Ohio,Thursday,1,No
Ohio,Saturday,1,No
Ohio,Thursday,1,No
Ohio,Friday,1,No
Ohio,Sunday,1,Yes
Ohio,Monday,1,No
Ohio,Wednesday,1,No
Ohio,Thursday,1,No
Ohio,Friday,1,No
Ohio,Sunday,1,No
Ohio,Tuesday,1,No
Ohio,Wednesday,1,No
Ohio,Friday,1,Yes
Ohio,Tuesday,2,No
Ohio,Thursday,1,Yes
Ohio,Thursday,1,No
Ohio,Friday,1,Yes
Ohio,Friday,1,No
Ohio,Sunday,1,Yes
Ohio,Saturday,1,No
Ohio,Saturday,1,No
Ohio,Wednesday,1,Yes
Ohio,Tuesday,1,No
Ohio,Saturday,1,No
Ohio,Thursday,2,Yes
Ohio,Sunday,1,No
Ohio,Monday,1,No
Ohio,Friday,2,No
Ohio,Friday,1,No
Ohio,Saturday,1,Yes
Ohio,Saturday,1,No
Ohio,Friday,1,No
Ohio,Saturday,1,Yes
Ohio,Saturday,1,Yes
Ohio,Saturday,1,No
Ohio,Saturday,2,No
Ohio,Wednesday,1,Yes
Ohio,Sunday,1,No
Ohio,Friday,1,No
Ohio,Monday,1,Yes
Ohio,Saturday,1,Yes
Ohio,Saturday,1,Yes
Ohio,Saturday,1,No
Ohio,Sunday,1,No
Ohio,Thursday,1,Yes
Ohio,Wednesday,3,Yes
Ohio,Friday,1,Yes
Ohio,Wednesday,1,No
Ohio,Friday,1,No
Ohio,Monday,1,Yes
Ohio,Tuesday,1,No
Ohio,Sunday,1,No
Ohio,Tuesday,2,No
Ohio,Wednesday,2,Yes
Ohio,Saturday,2,Yes
Ohio,Monday,1,No
Ohio,Friday,1,No
Ohio,Sunday,1,No
Ohio,Friday,1,No
Ohio,Tuesday,1,Yes
Ohio,Thursday,1,No
Ohio,Monday,1,No
Ohio,Friday,1,No
Ohio,Sunday,1,No
Ohio,Tuesday,1,No
Ohio,Monday,1,No
Ohio,Friday,1,No
Ohio,Monday,1,No
Ohio,Saturday,1,Yes
Ohio,Saturday,1,Yes
Ohio,Sunday,1,No
Ohio,Friday,1,No
Ohio,Saturday,1,Yes
Ohio,Tuesday,1,No
Ohio,Thursday,1,No
Ohio,Saturday,1,No
Ohio,Saturday,1,Yes
Ohio,Thursday,1,No
Ohio,Tuesday,1,No
Ohio,Saturday,1,Yes
Ohio,Wednesday,1,No
Ohio,Thursday,1,No
Ohio,Sunday,1,No
Ohio,Sunday,1,Yes
Ohio,Friday,1,No
Ohio,Saturday,1,No
Ohio,Saturday,1,Yes
Ohio,Wednesday,1,No
Ohio,Sunday,1,No
Ohio,Sunday,1,No
Ohio,Tuesday,1,No
Ohio,Tuesday,1,Yes
Ohio,Sunday,1,No
Ohio,Sunday,1,Yes
Ohio,Monday,1,No
Ohio,Tuesday,1,Yes
Ohio,Monday,1,Yes
Ohio,Thursday,1,No
Ohio,Monday,1,No
Ohio,Saturday,2,Yes
Ohio,Wednesday,1,No
Ohio,Wednesday,1,No
Ohio,Monday,1,Yes
Ohio,Sunday,1,No
Ohio,Monday,1,No
Ohio,Thursday,1,No
Ohio,Sunday,1,No
Ohio,Wednesday,1,No
Ohio,Sunday,1,No
Ohio,Monday,1,Yes
Ohio,Wednesday,2,No
Ohio,Tuesday,1,No
Ohio,Friday,1,No
Ohio,Friday,1,Yes
Ohio,Wednesday,1,No
Ohio,Friday,1,No
Ohio,Tuesday,1,No
Ohio,Sunday,1,No
Ohio,Thursday,1,No
Ohio,Friday,1,No
Ohio,Sunday,1,No
Ohio,Wednesday,1,No
Ohio,Friday,1,Yes
Ohio,Friday,1,No
Ohio,Friday,1,No
Ohio,Monday,1,No
Ohio,Monday,1,Yes
Ohio,Friday,1,No
Ohio,Tuesday,1,Yes
Ohio,Friday,1,Yes
Ohio,Wednesday,1,Yes
Ohio,Sunday,1,No
Ohio,Tuesday,2,Yes
Ohio,Friday,1,No
Ohio,Monday,1,No
Ohio,Wednesday,1,No
Ohio,Friday,1,No
Ohio,Thursday,1,No
Ohio,Monday,1,No
Ohio,Monday,1,No
Ohio,Tuesday,1,No
Ohio,Wednesday,2,Yes
Ohio,Wednesday,1,No
Ohio,Monday,1,No
Ohio,Tuesday,1,No
Ohio,Saturday,1,Yes
Ohio,Friday,1,No
Ohio,Saturday,1,No
Ohio,Friday,1,No
Ohio,Monday,1,No
Ohio,Friday,1,No
Ohio,Friday,1,No
Ohio,Thursday,1,No
Ohio,Monday,1,No
Ohio,Friday,3,No
Ohio,Tuesday,1,No
Ohio,Monday,1,No
Ohio,Wednesday,1,No
Ohio,Saturday,2,No
Ohio,Sunday,1,Yes
Ohio,Friday,1,No
Ohio,Saturday,1,No
Ohio,Saturday,1,Yes
Ohio,Saturday,1,No
Ohio,Monday,1,No
Ohio,Tuesday,1,Yes
Ohio,Sunday,1,No
Ohio,Thursday,1,No
Ohio,Monday,1,No
Ohio,Wednesday,1,No
Ohio,Monday,1,No
Ohio,Friday,1,Yes
Ohio,Tuesday,1,No
Ohio,Monday,1,Yes
Ohio,Friday,1,Yes
Ohio,Friday,1,Yes
Ohio,Friday,1,No
Ohio,Wednesday,2,No
Ohio,Saturday,1,No
Ohio,Monday,1,No
Ohio,Friday,1,No
Ohio,Saturday,1,Yes
Ohio,Saturday,1,No
Ohio,Sunday,1,No
Ohio,Tuesday,2,No
Ohio,Friday,1,Yes
Ohio,Tuesday,1,No
Ohio,Monday,1,No
Ohio,Saturday,1,No
Ohio,Saturday,1,Yes
Ohio,Tuesday,1,No
Ohio,Wednesday,1,Yes
Ohio,Friday,1,No
Ohio,Saturday,1,Yes
Ohio,Saturday,1,Yes
Ohio,Saturday,1,No
Ohio,Saturday,1,Yes
Ohio,Tuesday,1,No
Ohio,Monday,1,No
Ohio,Tuesday,1,No
Ohio,Wednesday,1,No
Ohio,Thursday,1,No
Ohio,Tuesday,1,No
Ohio,Thursday,1,No
Ohio,Wednesday,1,No
Ohio,Tuesday,1,No
Ohio,Friday,1,Yes
Ohio,Saturday,1,No
Ohio,Friday,1,Yes
Ohio,Saturday,1,Yes
Ohio,Friday,1,No
Ohio,Sunday,1,Yes
Ohio,Wednesday,3,No
Ohio,Monday,1,No
Ohio,Tuesday,1,No
Ohio,Tuesday,1,Yes
Ohio,Saturday,1,Yes
Ohio,Tuesday,1,No
Ohio,Thursday,1,Yes
Ohio,Saturday,1,No
Ohio,Sunday,2,No
Ohio,Wednesday,1,No
Ohio,Thursday,1,No
Ohio,Tuesday,1,Yes
Ohio,Tuesday,1,No
Ohio,Tuesday,1,No
Ohio,Wednesday,1,Yes
Ohio,Thursday,1,No
Ohio,Friday,1,No
Ohio,Saturday,1,No
Ohio,Thursday,1,No
Ohio,Sunday,1,Yes
Ohio,Wednesday,1,No
Ohio,Thursday,1,Yes
Ohio,Sunday,1,Yes
Ohio,Wednesday,1,No
Ohio,Monday,1,Yes
Ohio,Friday,2,No
Ohio,Sunday,1,No
Ohio,Monday,1,No
Ohio,Tuesday,1,No
Ohio,Sunday,1,No
Ohio,Sunday,1,No
Ohio,Monday,1,No
Ohio,Tuesday,1,Yes
Ohio,Thursday,1,Yes
Ohio,Saturday,1,No
Ohio,Monday,1,No
Ohio,Thursday,1,Yes
Ohio,Sunday,1,Yes
Ohio,Wednesday,1,Yes
Ohio,Monday,1,Yes
Ohio,Thursday,1,No
Ohio,Friday,2,No
Ohio,Saturday,1,Yes
Ohio,Sunday,1,Yes
Ohio,Monday,1,No
Ohio,Tuesday,1,Yes
Ohio,Saturday,1,No
Ohio,Sunday,1,No
Ohio,Tuesday,1,No
Ohio,Monday,1,No
Ohio,Wednesday,1,No
Ohio,Tuesday,1,No
Ohio,Tuesday,1,No
Ohio,Wednesday,1,No
Ohio,Thursday,1,No
Ohio,Friday,1,No
Ohio,Friday,1,Yes
Ohio,Sunday,1,No
Ohio,Saturday,1,No
Ohio,Sunday,1,No
Ohio,Wednesday,1,No
Ohio,Wednesday,1,No
Ohio,Friday,1,Yes
Ohio,Monday,1,No
Ohio,Wednesday,1,Yes
Ohio,Wednesday,1,No
Ohio,Wednesday,1,No
Ohio,Thursday,1,No
Ohio,Sunday,2,Yes
Ohio,Sunday,1,Yes
Ohio,Wednesday,1,No
Ohio,Friday,1,No
Ohio,Tuesday,1,No
Ohio,Friday,1,Yes
Ohio,Tuesday,1,No
Ohio,Friday,1,No
Ohio,Thursday,1,Yes
Ohio,Thursday,1,No
Ohio,Friday,1,Yes
Ohio,Saturday,1,No
Ohio,Monday,1,Yes
Ohio,Thursday,1,No
Ohio,Monday,1,No
Ohio,Wednesday,1,No
Ohio,Sunday,1,No
Ohio,Thursday,1,No
Ohio,Thursday,1,No
Ohio,Monday,1,No
Ohio,Saturday,1,No
Ohio,Monday,1,No
Ohio,Friday,1,No
Ohio,Monday,1,No
Ohio,Thursday,1,No
Ohio,Thursday,1,Yes
Ohio,Saturday,1,No
Ohio,Saturday,1,No
Ohio,Tuesday,1,No
Ohio,Wednesday,1,Yes
Ohio,Tuesday,1,No
Ohio,Thursday,1,No
Ohio,Saturday,1,No
Ohio,Saturday,1,No
Ohio,Saturday,1,Yes
Ohio,Saturday,1,No
Ohio,Thursday,1,No
Ohio,Monday,2,Yes
Ohio,Monday,1,No
Ohio,Sunday,1,No
Ohio,Wednesday,1,Yes
Ohio,Wednesday,2,No
Ohio,Monday,1,Yes
Ohio,Tuesday,1,Yes
Ohio,Wednesday,1,No
Ohio,Thursday,1,Yes
Ohio,Tuesday,1,No
Ohio,Sunday,1,No
Ohio,Thursday,1,No
Ohio,Monday,1,No
Ohio,Saturday,1,No
Ohio,Monday,1,Yes
Ohio,Tuesday,1,No
Ohio,Saturday,1,Yes
Ohio,Friday,1,No
Ohio,Tuesday,1,Yes
Ohio,Friday,1,No
Ohio,Friday,1,No
Ohio,Saturday,1,No
Ohio,Monday,1,No
Ohio,Monday,1,No
Ohio,Tuesday,1,No
Ohio,Wednesday,1,No
Ohio,Monday,1,No
Ohio,Thursday,1,No
Ohio,Friday,1,No
Ohio,Tuesday,1,No
Ohio,Friday,1,Yes
Ohio,Sunday,1,No
Ohio,Wednesday,1,No
Ohio,Wednesday,1,No
Ohio,Thursday,1,No
Ohio,Thursday,1,No
Ohio,Friday,1,No
Ohio,Saturday,1,No
Ohio,Saturday,1,No
Ohio,Sunday,1,No
Ohio,Saturday,1,No
Ohio,Wednesday,1,No
Ohio,Saturday,1,No
Ohio,Friday,1,No
Ohio,Tuesday,1,Yes
Ohio,Tuesday,2,No
Ohio,Sunday,1,No
Ohio,Thursday,1,Yes
Ohio,Thursday,1,No
Ohio,Thursday,1,No
Ohio,Monday,1,No
Ohio,Sunday,1,Yes
Ohio,Monday,1,Yes
Ohio,Monday,1,Yes
Ohio,Friday,1,No
Ohio,Sunday,1,Yes
Ohio,Monday,1,No
Ohio,Sunday,1,No
Ohio,Thursday,1,No
Ohio,Saturday,1,No
Ohio,Tuesday,1,No
Ohio,Friday,1,No
Ohio,Wednesday,1,Yes
Ohio,Friday,1,No
Ohio,Saturday,1,Yes
Ohio,Saturday,1,Yes
Ohio,Saturday,1,No
Ohio,Sunday,1,No
Ohio,Saturday,1,No
Ohio,Saturday,1,No
Ohio,Sunday,1,No
Ohio,Saturday,2,Yes
Ohio,Tuesday,1,No
Ohio,Monday,1,No
Ohio,Monday,1,No
Ohio,Sunday,1,Yes
Ohio,Monday,1,No
Ohio,Monday,1,Yes
Ohio,Thursday,1,No
Ohio,Tuesday,1,No
Ohio,Friday,1,No
Ohio,Friday,4,Yes
Ohio,Wednesday,1,No
Ohio,Tuesday,1,No
Ohio,Thursday,1,Yes
Ohio,Friday,1,No
Ohio,Saturday,1,Yes
Ohio,Saturday,1,No
Ohio,Saturday,1,No
Ohio,Monday,1,No
Ohio,Monday,1,No
Ohio,Wednesday,1,Yes
Ohio,Monday,1,Yes
Ohio,Thursday,1,No
Ohio,Sunday,1,Yes
Ohio,Sunday,1,Yes
Ohio,Thursday,1,Yes
Ohio,Monday,1,Yes
Ohio,Friday,1,No
Ohio,Thursday,1,No
Ohio,Wednesday,1,No
Ohio,Friday,1,No
Ohio,Wednesday,1,No
Ohio,Tuesday,1,No
Ohio,Wednesday,1,No
Ohio,Saturday,1,No
Ohio,Saturday,1,No
Ohio,Wednesday,1,No
Ohio,Saturday,1,No
Ohio,Friday,1,No
Ohio,Monday,1,Yes
Ohio,Tuesday,1,No
Ohio,Sunday,1,Yes
Ohio,Wednesday,1,Yes
Ohio,Friday,1,Yes
Ohio,Wednesday,1,No
Ohio,Thursday,1,No
Ohio,Thursday,1,Yes
Ohio,Thursday,2,No
Ohio,Thursday,1,No
Ohio,Friday,1,No
Ohio,Sunday,1,Yes
Ohio,Thursday,1,Yes
Ohio,Saturday,1,No
Ohio,Saturday,2,Yes
Ohio,Sunday,1,Yes
Ohio,Monday,1,No
Ohio,Sunday,1,No
Ohio,Saturday,1,No
Ohio,Wednesday,1,No
Ohio,Wednesday,1,No
Ohio,Sunday,1,Yes
Ohio,Monday,1,No
Ohio,Tuesday,2,No
Ohio,Friday,1,No
Ohio,Saturday,1,No
Ohio,Sunday,1,Yes
Ohio,Wednesday,1,Yes
Ohio,Wednesday,1,No
Ohio,Friday,1,Yes
Ohio,Monday,1,Yes
Ohio,Tuesday,1,No
Ohio,Wednesday,1,No
Ohio,Sunday,1,No
Ohio,Tuesday,1,No
Ohio,Thursday,1,No
Ohio,Saturday,1,No
Ohio,Saturday,1,No
Ohio,Monday,1,No
Ohio,Saturday,1,No
Ohio,Sunday,1,Yes
Ohio,Wednesday,1,No
Ohio,Friday,1,No
Ohio,Friday,1,Yes
Ohio,Friday,1,No
Ohio,Sunday,1,No
Ohio,Friday,1,No
Ohio,Thursday,1,No
Ohio,Sunday,1,No
Ohio,Sunday,1,No
Ohio,Thursday,1,No
Ohio,Saturday,1,No
Ohio,Thursday,1,No
Ohio,Tuesday,1,No
Ohio,Thursday,1,No
Ohio,Monday,1,No
Ohio,Thursday,1,No
Ohio,Tuesday,1,No
Ohio,Friday,1,Yes
Ohio,Sunday,3,Yes
Ohio,Saturday,1,Yes
Ohio,Wednesday,1,Yes
Ohio,Thursday,1,No
Ohio,Thursday,1,No
Ohio,Saturday,1,No
Ohio,Sunday,1,No
Ohio,Monday,1,No
Ohio,Friday,1,Yes
Ohio,Sunday,2,No
Ohio,Tuesday,1,No
Ohio,Thursday,1,No
Ohio,Thursday,1,No
Ohio,Wednesday,1,No
Ohio,Monday,1,No
Ohio,Saturday,1,No
Ohio,Monday,1,No
Ohio,Sunday,1,Yes
Ohio,Saturday,1,No
Ohio,Wednesday,1,No
Ohio,Thursday,1,No
Ohio,Saturday,1,No
Ohio,Sunday,1,No
Ohio,Friday,1,No
Ohio,Sunday,2,Yes
Ohio,Saturday,1,No
Ohio,Tuesday,1,No
Ohio,Friday,1,Yes
Ohio,Friday,1,No
Ohio,Thursday,1,No
Ohio,Thursday,1,Yes
Ohio,Tuesday,2,Yes
Ohio,Tuesday,1,No
Ohio,Wednesday,1,No
Ohio,Monday,4,Yes
Ohio,Friday,1,No
Ohio,Saturday,1,No
Ohio,Monday,1,Yes
Ohio,Saturday,1,Yes
Ohio,Friday,1,No
Ohio,Thursday,1,No
Ohio,Sunday,1,No
Ohio,Friday,1,No
Ohio,Friday,1,Yes
Ohio,Sunday,1,No
Ohio,Monday,1,No
Ohio,Tuesday,1,No
Ohio,Sunday,1,No
Ohio,Thursday,1,No
Ohio,Wednesday,1,No
Ohio,Wednesday,1,No
Ohio,Tuesday,2,Yes
Ohio,Friday,1,No
Ohio,Friday,1,Yes
Ohio,Thursday,1,No
Ohio,Friday,1,Yes
Ohio,Saturday,1,Yes
Ohio,Saturday,1,No
Ohio,Saturday,1,Yes
Ohio,Saturday,1,Yes
Ohio,Wednesday,1,No
Ohio,Friday,1,No
Ohio,Saturday,1,No
Ohio,Sunday,2,No
Ohio,Sunday,1,Yes
Ohio,Wednesday,1,No
Ohio,Wednesday,1,No
Ohio,Tuesday,1,No
Ohio,Friday,1,No
Ohio,Tuesday,1,Yes
Ohio,Thursday,1,Yes
Ohio,Friday,1,Yes
Ohio,Thursday,1,No
Ohio,Wednesday,1,No
Ohio,Saturday,1,No
Ohio,Friday,1,Yes
Ohio,Tuesday,1,No
Ohio,Saturday,1,No
Ohio,Sunday,1,No
Ohio,Sunday,1,No
Ohio,Friday,1,No
Ohio,Friday,1,No
Ohio,Monday,2,Yes
Ohio,Tuesday,1,No
Ohio,Saturday,1,No
Ohio,Friday,1,No
Ohio,Tuesday,1,No
Ohio,Wednesday,1,No
Ohio,Tuesday,1,No
Ohio,Saturday,1,No
Ohio,Monday,1,No
Ohio,Saturday,1,Yes
Ohio,Monday,1,No
Ohio,Wednesday,1,No
Ohio,Sunday,1,No
Ohio,Monday,1,Yes
Ohio,Sunday,1,No
Oklahoma,Monday,1,Yes
Oklahoma,Friday,1,Yes
Oklahoma,Thursday,1,No
Oklahoma,Tuesday,1,No
Oklahoma,Wednesday,1,Yes
Oklahoma,Friday,1,No
Oklahoma,Saturday,1,No
Oklahoma,Friday,1,No
Oklahoma,Sunday,1,No
Oklahoma,Saturday,1,Yes
Oklahoma,Sunday,1,Yes
Oklahoma,Friday,1,No
Oklahoma,Sunday,1,No
Oklahoma,Sunday,1,Yes
Oklahoma,Tuesday,1,Yes
Oklahoma,Thursday,1,No
Oklahoma,Tuesday,1,No
Oklahoma,Monday,2,No
Oklahoma,Saturday,1,No
Oklahoma,Wednesday,1,No
Oklahoma,Tuesday,1,No
Oklahoma,Friday,1,Yes
Oklahoma,Sunday,1,No
Oklahoma,Thursday,1,No
Oklahoma,Saturday,1,Yes
Oklahoma,Wednesday,1,No
Oklahoma,Friday,1,No
Oklahoma,Saturday,1,No
Oklahoma,Tuesday,1,No
Oklahoma,Wednesday,1,No
Oklahoma,Wednesday,1,No
Oklahoma,Monday,1,No
Oklahoma,Friday,2,No
Oklahoma,Saturday,1,No
Oklahoma,Tuesday,1,No
Oklahoma,Wednesday,1,No
Oklahoma,Sunday,1,No
Oklahoma,Monday,1,No
Oklahoma,Thursday,1,No
Oklahoma,Monday,1,No
Oklahoma,Saturday,3,No
Oklahoma,Sunday,1,No
Oklahoma,Wednesday,1,No
Oklahoma,Sunday,1,No
Oklahoma,Sunday,1,No
Oklahoma,Tuesday,1,No
Oklahoma,Wednesday,1,No
Oklahoma,Friday,1,No
Oklahoma,Saturday,1,Yes
Oklahoma,Saturday,1,Yes
Oklahoma,Sunday,1,Yes
Oklahoma,Monday,1,Yes
Oklahoma,Tuesday,1,No
Oklahoma,Friday,2,No
Oklahoma,Monday,1,No
Oklahoma,Tuesday,1,Yes
Oklahoma,Tuesday,1,No
Oklahoma,Tuesday,1,No
Oklahoma,Sunday,1,No
Oklahoma,Friday,1,No
Oklahoma,Thursday,1,No
Oklahoma,Wednesday,2,No
Oklahoma,Monday,1,No
Oklahoma,Sunday,1,Yes
Oklahoma,Sunday,1,No
Oklahoma,Thursday,1,No
Oklahoma,Saturday,1,No
Oklahoma,Saturday,1,No
Oklahoma,Sunday,1,No
Oklahoma,Monday,1,No
Oklahoma,Saturday,1,Yes
Oklahoma,Thursday,1,No
Oklahoma,Wednesday,1,No
Oklahoma,Wednesday,1,No
Oklahoma,Thursday,1,No
Oklahoma,Friday,1,No
Oklahoma,Friday,1,No
Oklahoma,Saturday,1,No
Oklahoma,Friday,2,No
Oklahoma,Sunday,1,Yes
Oklahoma,Wednesday,1,No
Oklahoma,Saturday,1,No
Oklahoma,Saturday,1,Yes
Oklahoma,Monday,1,Yes
Oklahoma,Monday,1,Yes
Oklahoma,Tuesday,1,No
Oklahoma,Thursday,1,No
Oklahoma,Monday,1,No
Oklahoma,Wednesday,1,Yes
Oklahoma,Tuesday,1,No
Oklahoma,Wednesday,1,No
Oklahoma,Wednesday,1,No
Oklahoma,Friday,1,No
Oklahoma,Thursday,1,No
Oklahoma,Friday,2,No
Oklahoma,Friday,1,No
Oklahoma,Saturday,1,No
Oklahoma,Saturday,1,No
Oklahoma,Tuesday,1,No
Oklahoma,Tuesday,1,Yes
Oklahoma,Tuesday,1,Yes
Oklahoma,Saturday,1,No
Oklahoma,Sunday,1,Yes
Oklahoma,Sunday,1,Yes
Oklahoma,Wednesday,1,No
Oklahoma,Tuesday,1,No
Oklahoma,Monday,1,No
Oklahoma,Sunday,2,No
Oklahoma,Friday,1,Yes
Oklahoma,Saturday,1,No
Oklahoma,Monday,2,No
Oklahoma,Tuesday,1,No
Oklahoma,Saturday,1,No
Oklahoma,Thursday,1,Yes
Oklahoma,Thursday,2,No
Oklahoma,Friday,1,No
Oklahoma,Tuesday,1,No
Oklahoma,Saturday,1,Yes
Oklahoma,Friday,1,No
Oklahoma,Thursday,1,Yes
Oklahoma,Saturday,1,No
Oklahoma,Wednesday,1,No
Oklahoma,Monday,1,No
Oklahoma,Friday,1,No
Oklahoma,Tuesday,1,Yes
Oklahoma,Saturday,2,No
Oklahoma,Monday,1,Yes
Oklahoma,Tuesday,1,No
Oklahoma,Monday,1,Yes
Oklahoma,Thursday,1,Yes
Oklahoma,Friday,1,No
Oklahoma,Thursday,1,No
Oklahoma,Sunday,1,No
Oklahoma,Sunday,1,No
Oklahoma,Monday,1,No
Oklahoma,Wednesday,1,No
Oklahoma,Wednesday,1,No
Oklahoma,Thursday,1,No
Oklahoma,Tuesday,1,No
Oklahoma,Friday,1,No
Oklahoma,Monday,2,No
Oklahoma,Friday,1,No
Oklahoma,Wednesday,1,Yes
Oklahoma,Tuesday,1,Yes
Oklahoma,Tuesday,1,No
Oklahoma,Wednesday,1,No
Oklahoma,Thursday,1,No
Oklahoma,Tuesday,1,Yes
Oklahoma,Saturday,1,No
Oklahoma,Tuesday,2,No
Oklahoma,Thursday,1,Yes
Oklahoma,Saturday,1,Yes
Oklahoma,Wednesday,1,No
Oklahoma,Saturday,1,Yes
Oklahoma,Sunday,1,Yes
Oklahoma,Wednesday,1,No
Oklahoma,Monday,1,No
Oklahoma,Friday,2,Yes
Oklahoma,Thursday,1,Yes
Oklahoma,Saturday,1,No
Oklahoma,Monday,1,No
Oklahoma,Saturday,1,No
Oklahoma,Wednesday,1,Yes
Oklahoma,Tuesday,1,No
Oklahoma,Wednesday,1,No
Oklahoma,Thursday,1,No
Oklahoma,Friday,1,No
Oklahoma,Friday,1,No
Oklahoma,Wednesday,1,Yes
Oklahoma,Saturday,1,No
Oklahoma,Sunday,1,Yes
Oklahoma,Sunday,1,No
Oklahoma,Monday,3,No
Oklahoma,Monday,1,No
Oklahoma,Tuesday,1,No
Oklahoma,Sunday,1,No
Oklahoma,Sunday,1,No
Oklahoma,Tuesday,2,No
Oklahoma,Tuesday,1,No
Oklahoma,Saturday,1,No
Oklahoma,Wednesday,1,No
Oklahoma,Monday,1,Yes
Oklahoma,Thursday,1,No
Oklahoma,Friday,1,Yes
Oklahoma,Monday,1,No
Oklahoma,Friday,1,Yes
Oklahoma,Friday,1,No
Oklahoma,Thursday,1,Yes
Oklahoma,Friday,1,No
Oklahoma,Friday,1,No
Oklahoma,Sunday,1,Yes
Oklahoma,Saturday,1,No
Oklahoma,Wednesday,1,No
Oklahoma,Wednesday,1,Yes
Oklahoma,Sunday,1,No
Oklahoma,Friday,1,Yes
Oklahoma,Monday,1,No
Oklahoma,Thursday,1,No
Oklahoma,Wednesday,1,No
Oklahoma,Thursday,1,No
Oklahoma,Saturday,2,No
Oklahoma,Thursday,1,No
Oklahoma,Wednesday,1,Yes
Oklahoma,Thursday,1,No
Oklahoma,Saturday,1,Yes
Oklahoma,Sunday,1,No
Oklahoma,Wednesday,1,No
Oklahoma,Thursday,1,No
Oklahoma,Monday,1,No
Oklahoma,Monday,1,No
Oklahoma,Saturday,1,No
Oklahoma,Monday,1,No
Oklahoma,Thursday,2,No
Oklahoma,Saturday,1,No
Oklahoma,Tuesday,1,Yes
Oklahoma,Sunday,1,Yes
Oklahoma,Tuesday,1,No
Oklahoma,Saturday,1,No
Oklahoma,Saturday,1,Yes
Oklahoma,Thursday,2,No
Oklahoma,Thursday,1,Yes
Oklahoma,Tuesday,1,No
Oklahoma,Tuesday,1,No
Oklahoma,Tuesday,1,No
Oklahoma,Monday,1,Yes
Oklahoma,Friday,1,No
Oklahoma,Sunday,1,No
Oklahoma,Tuesday,1,No
Oklahoma,Monday,1,No
Oklahoma,Monday,1,No
Oklahoma,Saturday,1,Yes
Oklahoma,Sunday,1,Yes
Oklahoma,Thursday,1,No
Oklahoma,Saturday,2,Yes
Oklahoma,Friday,1,No
Oklahoma,Saturday,2,No
Oklahoma,Sunday,2,Yes
Oklahoma,Monday,1,No
Oklahoma,Saturday,3,Yes
Oklahoma,Thursday,1,No
Oklahoma,Monday,1,No
Oklahoma,Thursday,1,No
Oklahoma,Sunday,1,No
Oklahoma,Saturday,1,No
Oklahoma,Wednesday,1,Yes
Oklahoma,Wednesday,1,No
Oklahoma,Saturday,1,No
Oklahoma,Tuesday,1,No
Oklahoma,Sunday,1,Yes
Oklahoma,Tuesday,1,No
Oklahoma,Sunday,1,No
Oklahoma,Saturday,1,No
Oklahoma,Thursday,1,No
Oklahoma,Tuesday,1,Yes
Oklahoma,Sunday,1,No
Oklahoma,Thursday,1,No
Oklahoma,Saturday,1,No
Oklahoma,Thursday,1,No
Oklahoma,Tuesday,1,No
Oklahoma,Wednesday,1,No
Oklahoma,Thursday,2,No
Oklahoma,Friday,1,No
Oklahoma,Tuesday,1,Yes
Oklahoma,Tuesday,1,No
Oklahoma,Saturday,1,No
Oklahoma,Thursday,1,No
Oklahoma,Friday,1,Yes
Oklahoma,Saturday,1,Yes
Oklahoma,Monday,1,No
Oklahoma,Thursday,1,Yes
Oklahoma,Sunday,1,No
Oklahoma,Monday,1,No
Oklahoma,Friday,1,Yes
Oklahoma,Monday,1,No
Oklahoma,Saturday,1,No
Oklahoma,Monday,2,No
Oklahoma,Sunday,1,Yes
Oklahoma,Friday,1,No
Oklahoma,Thursday,2,Yes
Oklahoma,Saturday,1,No
Oklahoma,Saturday,1,No
Oklahoma,Wednesday,2,No
Oklahoma,Monday,1,No
Oklahoma,Monday,1,No
Oklahoma,Thursday,1,No
Oklahoma,Saturday,1,Yes
Oklahoma,Saturday,1,No
Oklahoma,Monday,1,No
Oklahoma,Saturday,1,No
Oklahoma,Sunday,1,Yes
Oklahoma,Sunday,1,Yes
Oklahoma,Monday,1,No
Oklahoma,Sunday,2,No
Oklahoma,Friday,1,No
Oklahoma,Saturday,1,No
Oklahoma,Wednesday,1,No
Oklahoma,Tuesday,1,No
Oklahoma,Tuesday,1,No
Oklahoma,Friday,1,No
Oklahoma,Sunday,1,Yes
Oklahoma,Wednesday,1,No
Oklahoma,Wednesday,1,No
Oklahoma,Tuesday,1,No
Oklahoma,Wednesday,1,Yes
Oklahoma,Thursday,1,No
Oklahoma,Friday,1,No
Oklahoma,Wednesday,1,Yes
Oklahoma,Tuesday,1,No
Oklahoma,Wednesday,1,Yes
Oklahoma,Wednesday,1,Yes
Oklahoma,Tuesday,1,No
Oklahoma,Friday,1,No
Oklahoma,Thursday,1,No
Oklahoma,Friday,1,Yes
Oklahoma,Monday,1,No
Oklahoma,Monday,1,Yes
Oklahoma,Wednesday,1,Yes
Oklahoma,Saturday,1,Yes
Oklahoma,Monday,1,No
Oklahoma,Thursday,1,No
Oklahoma,Sunday,1,No
Oklahoma,Thursday,1,No
Oklahoma,Wednesday,1,No
Oklahoma,Friday,1,No
Oklahoma,Saturday,1,No
Oklahoma,Monday,2,No
Oklahoma,Saturday,1,Yes
Oklahoma,Sunday,1,Yes
Oklahoma,Sunday,1,No
Oklahoma,Saturday,1,No
Oklahoma,Saturday,1,Yes
Oklahoma,Tuesday,1,No
Oklahoma,Saturday,1,No
Oklahoma,Saturday,1,No
Oklahoma,Wednesday,1,Yes
Oklahoma,Saturday,1,No
Oklahoma,Sunday,1,No
Oklahoma,Tuesday,1,No
Oklahoma,Saturday,1,No
Oklahoma,Tuesday,1,No
Oklahoma,Thursday,1,No
Oklahoma,Monday,1,No
Oklahoma,Tuesday,1,No
Oklahoma,Monday,1,Yes
Oklahoma,Tuesday,1,No
Oklahoma,Friday,1,Yes
Oklahoma,Friday,2,No
Oklahoma,Saturday,1,Yes
Oklahoma,Friday,1,Yes
Oklahoma,Friday,1,No
Oklahoma,Sunday,1,No
Oklahoma,Friday,1,No
Oklahoma,Thursday,1,No
Oklahoma,Sunday,1,No
Oklahoma,Wednesday,1,No
Oklahoma,Saturday,1,No
Oklahoma,Tuesday,1,No
Oklahoma,Sunday,1,Yes
Oklahoma,Monday,1,No
Oklahoma,Saturday,1,Yes
Oklahoma,Tuesday,1,No
Oklahoma,Sunday,1,No
Oklahoma,Sunday,1,Yes
Oklahoma,Tuesday,1,No
Oklahoma,Monday,1,No
Oklahoma,Wednesday,1,No
Oklahoma,Sunday,1,No
Oklahoma,Saturday,1,No
Oklahoma,Thursday,1,No
Oklahoma,Friday,1,No
Oklahoma,Thursday,1,No
Oklahoma,Sunday,1,No
Oklahoma,Monday,1,No
Oklahoma,Saturday,1,No
Oklahoma,Sunday,2,Yes
Oklahoma,Tuesday,1,No
Oklahoma,Thursday,1,No
Oklahoma,Monday,1,No
Oklahoma,Tuesday,1,No
Oklahoma,Tuesday,2,No
Oklahoma,Monday,1,No
Oklahoma,Wednesday,1,Yes
Oklahoma,Saturday,1,Yes
Oklahoma,Thursday,1,No
Oklahoma,Friday,1,No
Oklahoma,Wednesday,1,No
Oklahoma,Wednesday,1,No
Oklahoma,Friday,1,No
Oklahoma,Tuesday,1,No
Oklahoma,Tuesday,1,No
Oklahoma,Wednesday,1,No
Oklahoma,Thursday,1,Yes
Oklahoma,Monday,2,No
Oklahoma,Saturday,1,No
Oklahoma,Thursday,1,No
Oklahoma,Friday,1,No
Oklahoma,Monday,1,No
Oklahoma,Thursday,1,No
Oklahoma,Thursday,2,No
Oklahoma,Sunday,1,Yes
Oklahoma,Wednesday,1,No
Oklahoma,Thursday,1,Yes
Oklahoma,Friday,1,No
Oklahoma,Saturday,1,No
Oklahoma,Tuesday,1,No
Oklahoma,Tuesday,1,No
Oklahoma,Wednesday,1,No
Oklahoma,Saturday,1,No
Oklahoma,Wednesday,1,No
Oklahoma,Saturday,1,No
Oklahoma,Tuesday,1,No
Oklahoma,Sunday,1,No
Oklahoma,Sunday,1,Yes
Oklahoma,Monday,2,No
Oklahoma,Wednesday,1,No
Oklahoma,Thursday,1,No
Oklahoma,Saturday,1,No
Oklahoma,Wednesday,1,No
Oklahoma,Monday,1,No
Oklahoma,Sunday,1,No
Oklahoma,Wednesday,1,Yes
Oklahoma,Thursday,1,No
Oklahoma,Sunday,1,No
Oklahoma,Thursday,1,No
Oklahoma,Friday,1,Yes
Oklahoma,Wednesday,1,No
Oklahoma,Sunday,1,No
Oklahoma,Friday,2,Yes
Oklahoma,Friday,1,No
Oklahoma,Friday,1,Yes
Oklahoma,Saturday,1,No
Oklahoma,Monday,1,Yes
Oklahoma,Wednesday,1,No
Oklahoma,Monday,1,No
Oklahoma,Thursday,2,No
Oklahoma,Friday,2,Yes
Oklahoma,Monday,1,Yes
Oklahoma,Friday,1,No
Oklahoma,Saturday,1,No
Oklahoma,Wednesday,1,No
Oklahoma,Thursday,1,No
Oklahoma,Monday,1,Yes
Oklahoma,Saturday,1,No
Oklahoma,Monday,1,No
Oklahoma,Tuesday,1,No
Oklahoma,Wednesday,1,No
Oklahoma,Monday,1,Yes
Oklahoma,Saturday,1,No
Oklahoma,Tuesday,1,No
Oklahoma,Wednesday,1,No
Oklahoma,Saturday,1,No
Oklahoma,Thursday,1,Yes
Oklahoma,Thursday,1,No
Oklahoma,Monday,1,No
Oklahoma,Sunday,1,No
Oklahoma,Saturday,1,No
Oklahoma,Tuesday,1,No
Oklahoma,Thursday,1,No
Oklahoma,Friday,1,Yes
Oklahoma,Monday,1,No
Oklahoma,Monday,1,No
Oklahoma,Tuesday,1,Yes
Oklahoma,Friday,1,No
Oklahoma,Friday,3,No
Oklahoma,Sunday,1,No
Oklahoma,Wednesday,1,No
Oklahoma,Thursday,1,No
Oklahoma,Wednesday,1,Yes
Oklahoma,Wednesday,1,No
Oklahoma,Tuesday,1,No
Oklahoma,Wednesday,1,No
Oklahoma,Monday,1,No
Oklahoma,Saturday,1,No
Oklahoma,Wednesday,1,No
Oklahoma,Tuesday,1,No
Oklahoma,Friday,1,No
Oklahoma,Sunday,1,No
Oklahoma,Sunday,1,Yes
Oklahoma,Tuesday,1,Yes
Oklahoma,Thursday,1,No
Oklahoma,Friday,1,No
Oklahoma,Saturday,1,No
Oklahoma,Saturday,1,Yes
Oklahoma,Monday,2,No
Oklahoma,Monday,1,No
Oklahoma,Wednesday,1,No
Oklahoma,Saturday,1,No
Oklahoma,Monday,1,Yes
Oklahoma,Monday,1,No
Oklahoma,Thursday,1,No
Oklahoma,Sunday,1,No
Oklahoma,Saturday,1,No
Oklahoma,Wednesday,1,No
Oklahoma,Thursday,1,No
Oklahoma,Thursday,1,No
Oklahoma,Friday,1,Yes
Oklahoma,Saturday,1,No
Oklahoma,Monday,1,No
Oklahoma,Monday,1,No
Oklahoma,Thursday,1,No
Oklahoma,Wednesday,1,No
Oklahoma,Tuesday,1,No
Oklahoma,Friday,1,No
Oklahoma,Sunday,1,Yes
Oklahoma,Wednesday,1,No
Oklahoma,Monday,2,Yes
Oklahoma,Tuesday,1,Yes
Oklahoma,Sunday,2,Yes
Oklahoma,Friday,1,No
Oklahoma,Monday,1,No
Oklahoma,Friday,1,Yes
Oklahoma,Saturday,1,No
Oklahoma,Tuesday,1,Yes
Oklahoma,Tuesday,1,Yes
Oklahoma,Wednesday,1,No
Oklahoma,Wednesday,1,No
Oklahoma,Saturday,1,Yes
Oklahoma,Thursday,1,Yes
Oklahoma,Thursday,1,No
Oklahoma,Friday,1,Yes
Oklahoma,Friday,1,Yes
Oklahoma,Tuesday,1,No
Oklahoma,Wednesday,1,No
Oklahoma,Thursday,1,No
Oklahoma,Friday,1,No
Oklahoma,Friday,1,No
Oklahoma,Sunday,1,No
Oklahoma,Wednesday,1,Yes
Oklahoma,Friday,1,No
Oklahoma,Wednesday,1,Yes
Oklahoma,Friday,1,No
Oklahoma,Wednesday,1,Yes
Oklahoma,Monday,1,No
Oklahoma,Monday,1,No
Oklahoma,Tuesday,1,No
Oklahoma,Sunday,1,No
Oklahoma,Tuesday,1,No
Oklahoma,Friday,1,No
Oklahoma,Sunday,1,No
Oklahoma,Tuesday,1,No
Oklahoma,Monday,1,No
Oklahoma,Tuesday,1,No
Oklahoma,Monday,1,No
Oklahoma,Sunday,1,No
Oklahoma,Thursday,1,No
Oklahoma,Sunday,1,No
Oklahoma,Tuesday,1,No
Oklahoma,Tuesday,1,No
Oklahoma,Friday,1,Yes
Oklahoma,Friday,1,No
Oklahoma,Tuesday,2,No
Oklahoma,Friday,1,No
Oklahoma,Friday,1,No
Oklahoma,Thursday,1,Yes
Oklahoma,Thursday,2,Yes
Oklahoma,Tuesday,1,No
Oklahoma,Friday,1,No
Oklahoma,Monday,1,No
Oklahoma,Wednesday,1,No
Oklahoma,Monday,1,Yes
Oklahoma,Friday,2,No
Oklahoma,Saturday,1,No
Oklahoma,Sunday,1,Yes
Oklahoma,Wednesday,1,No
Oklahoma,Wednesday,1,No
Oklahoma,Friday,1,No
Oklahoma,Monday,1,No
Oklahoma,Monday,1,Yes
Oklahoma,Friday,1,No
Oklahoma,Wednesday,1,No
Oklahoma,Thursday,1,Yes
Oklahoma,Tuesday,1,No
Oklahoma,Thursday,2,No
Oklahoma,Friday,1,No
Oklahoma,Tuesday,1,No
Oklahoma,Tuesday,2,No
Oklahoma,Monday,1,No
Oklahoma,Thursday,1,No
Oklahoma,Tuesday,1,No
Oklahoma,Monday,1,No
Oklahoma,Wednesday,1,No
Oklahoma,Saturday,2,No
Oklahoma,Tuesday,1,No
Oklahoma,Thursday,1,No
Oklahoma,Sunday,1,No
Oklahoma,Monday,1,Yes
Oklahoma,Friday,1,Yes
Oklahoma,Monday,1,No
Oklahoma,Friday,1,No
Oklahoma,Monday,1,No
Oklahoma,Tuesday,1,No
Oklahoma,Friday,1,No
Oklahoma,Monday,1,No
Oklahoma,Monday,1,No
Oklahoma,Tuesday,1,No
Oklahoma,Wednesday,1,No
Oklahoma,Friday,1,No
Oklahoma,Thursday,1,No
Oklahoma,Saturday,1,Yes
Oklahoma,Saturday,1,Yes
Oklahoma,Wednesday,1,No
Oklahoma,Thursday,1,No
Oklahoma,Thursday,1,No
Oregon,Monday,1,Yes
Oregon,Tuesday,1,No
Oregon,Tuesday,1,No
Oregon,Thursday,1,No
Oregon,Friday,2,No
Oregon,Friday,1,Yes
Oregon,Saturday,1,No
Oregon,Monday,1,No
Oregon,Monday,1,No
Oregon,Tuesday,1,No
Oregon,Thursday,1,Yes
Oregon,Friday,1,No
Oregon,Thursday,1,Yes
Oregon,Friday,1,No
Oregon,Sunday,1,No
Oregon,Monday,1,No
Oregon,Wednesday,1,No
Oregon,Friday,1,No
Oregon,Saturday,1,No
Oregon,Sunday,1,No
Oregon,Friday,1,No
Oregon,Sunday,1,No
Oregon,Monday,1,No
Oregon,Sunday,1,No
Oregon,Tuesday,1,No
Oregon,Wednesday,1,No
Oregon,Thursday,2,Yes
Oregon,Friday,1,No
Oregon,Thursday,1,No
Oregon,Monday,1,No
Oregon,Tuesday,1,No
Oregon,Wednesday,1,Yes
Oregon,Wednesday,1,No
Oregon,Thursday,1,No
Oregon,Friday,1,No
Oregon,Sunday,1,No
Oregon,Saturday,1,Yes
Oregon,Thursday,1,Yes
Oregon,Friday,1,No
Oregon,Monday,1,No
Oregon,Thursday,1,No
Oregon,Wednesday,1,No
Oregon,Saturday,1,No
Oregon,Monday,1,No
Oregon,Sunday,1,Yes
Oregon,Thursday,1,No
Oregon,Thursday,1,No
Oregon,Friday,2,No
Oregon,Friday,2,No
Oregon,Friday,1,No
Oregon,Saturday,1,Yes
Oregon,Sunday,3,No
Oregon,Sunday,1,Yes
Oregon,Monday,1,No
Oregon,Wednesday,1,Yes
Oregon,Wednesday,1,No
Oregon,Wednesday,1,No
Oregon,Friday,1,No
Oregon,Sunday,1,Yes
Oregon,Sunday,1,No
Oregon,Saturday,1,Yes
Oregon,Tuesday,1,Yes
Oregon,Saturday,1,No
Oregon,Thursday,1,No
Oregon,Friday,1,No
Oregon,Friday,1,Yes
Oregon,Wednesday,2,No
Oregon,Wednesday,1,Yes
Oregon,Saturday,1,Yes
Oregon,Monday,1,Yes
Oregon,Tuesday,2,No
Oregon,Sunday,2,No
Oregon,Tuesday,1,No
Oregon,Sunday,1,Yes
Oregon,Monday,1,No
Oregon,Wednesday,1,No
Oregon,Wednesday,1,Yes
Oregon,Saturday,2,Yes
Oregon,Sunday,1,Yes
Oregon,Friday,1,No
Oregon,Saturday,1,Yes
Oregon,Tuesday,1,No
Oregon,Sunday,1,No
Oregon,Wednesday,1,No
Oregon,Wednesday,1,No
Oregon,Thursday,1,No
Oregon,Sunday,1,No
Oregon,Thursday,1,Yes
Oregon,Friday,1,No
Oregon,Wednesday,1,Yes
Oregon,Thursday,1,No
Oregon,Thursday,1,No
Oregon,Tuesday,1,No
Oregon,Thursday,1,Yes
Oregon,Thursday,1,No
Oregon,Friday,1,No
Oregon,Sunday,1,Yes
Oregon,Monday,1,No
Oregon,Monday,1,No
Oregon,Thursday,1,No
Oregon,Friday,1,No
Oregon,Saturday,2,No
Oregon,Tuesday,1,No
Oregon,Saturday,4,No
Oregon,Thursday,1,No
Oregon,Thursday,1,No
Oregon,Thursday,1,No
Oregon,Saturday,1,No
Oregon,Saturday,1,No
Oregon,Friday,1,Yes
Oregon,Thursday,1,No
Oregon,Sunday,1,No
Oregon,Tuesday,1,No
Oregon,Friday,1,No
Oregon,Sunday,1,No
Oregon,Friday,1,Yes
Oregon,Sunday,1,No
Oregon,Tuesday,1,Yes
Oregon,Wednesday,1,Yes
Oregon,Friday,1,No
Oregon,Friday,1,Yes
Oregon,Tuesday,1,No
Oregon,Tuesday,1,Yes
Oregon,Friday,1,Yes
Oregon,Saturday,1,No
Oregon,Saturday,1,No
Oregon,Saturday,1,Yes
Oregon,Sunday,1,Yes
Oregon,Sunday,1,Yes
Oregon,Friday,1,Yes
Oregon,Friday,1,No
Oregon,Saturday,1,Yes
Oregon,Thursday,1,No
Oregon,Friday,1,No
Oregon,Saturday,1,Yes
Oregon,Sunday,1,No
Oregon,Sunday,1,Yes
Oregon,Monday,1,Yes
Oregon,Monday,1,Yes
Oregon,Monday,1,Yes
Oregon,Wednesday,1,No
Oregon,Wednesday,1,No
Oregon,Thursday,1,Yes
Oregon,Thursday,1,No
Oregon,Friday,2,Yes
Oregon,Saturday,1,No
Oregon,Saturday,1,No
Oregon,Friday,1,No
Oregon,Monday,1,No
Oregon,Monday,1,No
Oregon,Wednesday,1,Yes
Oregon,Thursday,1,No
Oregon,Sunday,1,No
Oregon,Thursday,1,No
Oregon,Thursday,1,No
Oregon,Thursday,1,No
Oregon,Thursday,1,No
Oregon,Friday,2,No
Oregon,Monday,1,No
Oregon,Monday,1,No
Oregon,Tuesday,1,No
Oregon,Wednesday,1,No
Oregon,Friday,2,No
Oregon,Sunday,1,Yes
Oregon,Wednesday,1,No
Oregon,Wednesday,1,Yes
Oregon,Friday,1,No
Oregon,Monday,1,Yes
Oregon,Sunday,2,No
Oregon,Thursday,1,No
Oregon,Saturday,1,Yes
Oregon,Sunday,1,No
Oregon,Saturday,1,No
Oregon,Saturday,1,No
Oregon,Monday,1,No
Oregon,Monday,8,No
Oregon,Friday,2,Yes
Oregon,Sunday,1,No
Oregon,Tuesday,1,No
Oregon,Monday,1,Yes
Oregon,Tuesday,1,No
Oregon,Wednesday,1,No
Oregon,Wednesday,1,No
Oregon,Thursday,1,No
Oregon,Friday,1,No
Oregon,Sunday,2,No
Oregon,Wednesday,1,No
Oregon,Tuesday,1,No
Oregon,Sunday,2,Yes
Oregon,Wednesday,1,No
Oregon,Tuesday,1,No
Oregon,Wednesday,2,No
Oregon,Wednesday,1,No
Oregon,Monday,1,No
Oregon,Friday,1,No
Oregon,Saturday,1,No
Oregon,Friday,1,Yes
Oregon,Saturday,3,No
Oregon,Wednesday,1,No
Oregon,Wednesday,1,Yes
Oregon,Sunday,1,Yes
Oregon,Saturday,1,No
Oregon,Tuesday,1,No
Oregon,Wednesday,1,No
Oregon,Sunday,1,No
Oregon,Wednesday,1,No
Oregon,Thursday,1,No
Oregon,Sunday,1,Yes
Oregon,Sunday,1,No
Oregon,Monday,1,No
Oregon,Tuesday,1,Yes
Oregon,Thursday,3,No
Oregon,Friday,4,No
Oregon,Friday,3,No
Oregon,Sunday,1,Yes
Oregon,Tuesday,1,No
Oregon,Tuesday,1,No
Oregon,Sunday,1,No
Oregon,Monday,1,No
Oregon,Thursday,2,No
Oregon,Tuesday,2,No
Oregon,Thursday,1,No
Oregon,Saturday,1,No
Oregon,Tuesday,1,No
Oregon,Sunday,1,Yes
Oregon,Monday,2,No
Oregon,Tuesday,1,No
Oregon,Thursday,1,Yes
Oregon,Friday,1,Yes
Oregon,Saturday,1,No
Oregon,Monday,1,No
Oregon,Wednesday,1,Yes
Oregon,Friday,1,Yes
Oregon,Friday,1,Yes
Oregon,Wednesday,1,No
Oregon,Saturday,1,Yes
Oregon,Tuesday,1,No
Oregon,Sunday,1,No
Oregon,Thursday,3,No
Oregon,Saturday,2,No
Oregon,Tuesday,1,No
Oregon,Tuesday,1,No
Oregon,Tuesday,1,No
Oregon,Thursday,1,No
Oregon,Saturday,1,No
Oregon,Sunday,1,No
Oregon,Sunday,1,No
Oregon,Friday,1,No
Oregon,Wednesday,1,No
Oregon,Saturday,1,No
Oregon,Thursday,1,No
Oregon,Sunday,1,No
Oregon,Monday,1,No
Oregon,Thursday,1,No
Oregon,Monday,1,No
Oregon,Tuesday,1,Yes
Oregon,Tuesday,1,No
Oregon,Thursday,1,No
Oregon,Friday,1,No
Oregon,Tuesday,1,No
Oregon,Monday,1,No
Oregon,Sunday,1,Yes
Oregon,Wednesday,1,No
Oregon,Saturday,1,Yes
Oregon,Monday,1,Yes
Oregon,Monday,1,No
Oregon,Tuesday,1,No
Oregon,Wednesday,1,No
Oregon,Friday,1,No
Oregon,Saturday,1,No
Oregon,Saturday,1,No
Oregon,Sunday,1,No
Oregon,Tuesday,1,No
Oregon,Wednesday,1,Yes
Oregon,Wednesday,1,Yes
Oregon,Friday,1,No
Oregon,Friday,1,No
Oregon,Tuesday,1,Yes
Oregon,Tuesday,1,No
Oregon,Sunday,1,No
Oregon,Saturday,1,No
Oregon,Friday,1,No
Oregon,Wednesday,1,No
Oregon,Sunday,1,Yes
Oregon,Sunday,1,No
Oregon,Friday,1,No
Oregon,Tuesday,1,Yes
Oregon,Saturday,1,Yes
Oregon,Monday,1,Yes
Oregon,Tuesday,1,No
Oregon,Monday,1,No
Oregon,Tuesday,1,No
Oregon,Wednesday,1,No
Oregon,Wednesday,1,No
Oregon,Saturday,1,No
Oregon,Saturday,1,Yes
Oregon,Sunday,1,Yes
Oregon,Monday,1,No
Oregon,Tuesday,2,No
Oregon,Tuesday,1,No
Oregon,Thursday,1,No
Oregon,Thursday,1,No
Oregon,Saturday,1,Yes
Oregon,Saturday,1,Yes
Oregon,Thursday,2,No
Oregon,Tuesday,1,No
Oregon,Friday,1,Yes
Oregon,Saturday,1,No
Oregon,Tuesday,1,Yes
Oregon,Monday,1,No
Oregon,Thursday,2,No
Oregon,Friday,1,No
Oregon,Monday,1,No
Oregon,Monday,1,No
Oregon,Thursday,1,No
Oregon,Sunday,1,No
Oregon,Sunday,1,No
Oregon,Tuesday,1,No
Oregon,Saturday,1,Yes
Oregon,Monday,1,No
Oregon,Saturday,1,No
Oregon,Sunday,1,No
Oregon,Saturday,1,No
Oregon,Monday,3,Yes
Oregon,Saturday,1,No
Oregon,Monday,1,No
Oregon,Sunday,1,No
Oregon,Tuesday,1,No
Oregon,Tuesday,1,Yes
Oregon,Friday,1,No
Oregon,Sunday,1,No
Oregon,Friday,1,Yes
Oregon,Sunday,1,No
Oregon,Saturday,1,Yes
Oregon,Sunday,1,Yes
Oregon,Saturday,1,No
Oregon,Friday,1,No
Oregon,Friday,1,No
Oregon,Thursday,1,Yes
Oregon,Friday,1,Yes
Oregon,Saturday,1,Yes
Oregon,Saturday,1,No
Oregon,Tuesday,1,No
Oregon,Tuesday,1,No
Oregon,Thursday,1,Yes
Oregon,Sunday,1,No
Oregon,Monday,1,No
Oregon,Tuesday,1,No
Oregon,Tuesday,1,Yes
Oregon,Wednesday,2,No
Oregon,Wednesday,2,No
Oregon,Friday,1,Yes
Oregon,Wednesday,1,No
Oregon,Thursday,1,No
Oregon,Saturday,1,No
Oregon,Sunday,1,No
Oregon,Tuesday,1,No
Oregon,Friday,1,No
Oregon,Tuesday,3,No
Oregon,Wednesday,1,No
Oregon,Tuesday,1,No
Oregon,Monday,1,No
Oregon,Saturday,1,No
Oregon,Tuesday,2,No
Oregon,Friday,1,No
Oregon,Saturday,1,No
Oregon,Saturday,1,Yes
Oregon,Sunday,1,Yes
Oregon,Thursday,1,No
Oregon,Saturday,1,Yes
Oregon,Wednesday,1,No
Oregon,Monday,1,No
Oregon,Wednesday,1,No
Oregon,Thursday,1,Yes
Oregon,Saturday,1,No
Oregon,Saturday,1,No
Oregon,Tuesday,1,No
Oregon,Friday,1,Yes
Oregon,Saturday,1,No
Oregon,Saturday,1,No
Oregon,Saturday,1,Yes
Oregon,Tuesday,1,No
Oregon,Tuesday,1,Yes
Oregon,Thursday,1,No
Oregon,Friday,2,Yes
Oregon,Thursday,1,Yes
Oregon,Monday,1,No
Oregon,Sunday,1,No
Oregon,Thursday,1,No
Oregon,Thursday,1,No
Oregon,Monday,1,Yes
Oregon,Monday,1,No
Oregon,Saturday,1,Yes
Oregon,Thursday,1,No
Oregon,Saturday,1,Yes
Oregon,Sunday,1,Yes
Oregon,Saturday,1,No
Oregon,Monday,1,No
Oregon,Wednesday,1,No
Oregon,Thursday,1,No
Oregon,Monday,1,No
Oregon,Sunday,1,No
Oregon,Sunday,1,No
Oregon,Tuesday,1,No
Oregon,Friday,1,No
Oregon,Sunday,1,No
Oregon,Wednesday,1,No
Oregon,Friday,1,Yes
Oregon,Sunday,1,No
Oregon,Tuesday,1,No
Oregon,Friday,1,No
Oregon,Friday,1,No
Oregon,Wednesday,1,No
Oregon,Thursday,1,No
Oregon,Tuesday,1,No
Oregon,Tuesday,1,No
Oregon,Wednesday,1,No
Oregon,Tuesday,1,No
Oregon,Wednesday,1,No
Oregon,Saturday,2,Yes
Oregon,Tuesday,1,No
Oregon,Thursday,1,No
Oregon,Thursday,1,No
Oregon,Tuesday,1,No
Oregon,Wednesday,1,No
Oregon,Friday,1,No
Oregon,Tuesday,1,Yes
Oregon,Tuesday,1,No
Oregon,Thursday,1,No
Oregon,Friday,1,No
Oregon,Friday,1,No
Oregon,Thursday,1,No
Oregon,Tuesday,1,No
Oregon,Tuesday,1,No
Oregon,Tuesday,1,No
Oregon,Thursday,1,No
Oregon,Thursday,1,No
Oregon,Friday,1,No
Oregon,Thursday,1,No
Oregon,Friday,1,No
Oregon,Saturday,1,No
Oregon,Tuesday,1,No
Oregon,Thursday,1,No
Oregon,Tuesday,1,Yes
Oregon,Wednesday,1,No
Oregon,Friday,1,No
Oregon,Thursday,1,Yes
Oregon,Thursday,1,No
Oregon,Sunday,1,No
Oregon,Monday,1,No
Pennsylvania,Wednesday,1,No
Pennsylvania,Friday,1,No
Pennsylvania,Saturday,1,Yes
Pennsylvania,Saturday,1,No
Pennsylvania,Sunday,1,No
Pennsylvania,Sunday,1,Yes
Pennsylvania,Sunday,1,No
Pennsylvania,Sunday,1,No
Pennsylvania,Tuesday,1,No
Pennsylvania,Thursday,1,No
Pennsylvania,Wednesday,1,No
Pennsylvania,Friday,1,No
Pennsylvania,Wednesday,1,No
Pennsylvania,Tuesday,1,No
Pennsylvania,Thursday,1,No
Pennsylvania,Saturday,2,Yes
Pennsylvania,Sunday,1,No
Pennsylvania,Wednesday,1,No
Pennsylvania,Tuesday,1,No
Pennsylvania,Saturday,1,Yes
Pennsylvania,Thursday,1,No
Pennsylvania,Friday,1,No
Pennsylvania,Tuesday,1,No
Pennsylvania,Sunday,1,No
Pennsylvania,Friday,1,No
Pennsylvania,Tuesday,1,No
Pennsylvania,Friday,1,No
Pennsylvania,Wednesday,1,Yes
Pennsylvania,Tuesday,1,No
Pennsylvania,Sunday,1,Yes
Pennsylvania,Tuesday,1,No
Pennsylvania,Tuesday,1,Yes
Pennsylvania,Sunday,1,Yes
Pennsylvania,Saturday,1,No
Pennsylvania,Wednesday,1,No
Pennsylvania,Tuesday,1,No
Pennsylvania,Thursday,1,No
Pennsylvania,Friday,1,No
Pennsylvania,Monday,1,No
Pennsylvania,Sunday,1,No
Pennsylvania,Saturday,1,Yes
Pennsylvania,Thursday,1,No
Pennsylvania,Wednesday,1,No
Pennsylvania,Sunday,1,No
Pennsylvania,Wednesday,1,No
Pennsylvania,Sunday,1,No
Pennsylvania,Thursday,1,No
Pennsylvania,Thursday,1,No
Pennsylvania,Friday,1,No
Pennsylvania,Wednesday,1,No
Pennsylvania,Thursday,1,No
Pennsylvania,Monday,1,No
Pennsylvania,Friday,1,No
Pennsylvania,Friday,1,Yes
Pennsylvania,Thursday,1,Yes
Pennsylvania,Monday,1,No
Pennsylvania,Saturday,1,No
Pennsylvania,Thursday,1,No
Pennsylvania,Friday,1,Yes
Pennsylvania,Thursday,1,No
Pennsylvania,Tuesday,1,No
Pennsylvania,Wednesday,1,Yes
Pennsylvania,Friday,1,No
Pennsylvania,Wednesday,1,No
Pennsylvania,Thursday,1,No
Pennsylvania,Tuesday,1,No
Pennsylvania,Monday,1,No
Pennsylvania,Sunday,1,No
Pennsylvania,Sunday,2,No
Pennsylvania,Monday,1,No
Pennsylvania,Wednesday,1,No
Pennsylvania,Monday,1,No
Pennsylvania,Tuesday,1,No
Pennsylvania,Wednesday,1,No
Pennsylvania,Monday,1,No
Pennsylvania,Wednesday,1,No
Pennsylvania,Thursday,1,No
Pennsylvania,Monday,1,Yes
Pennsylvania,Tuesday,1,No
Pennsylvania,Wednesday,1,No
Pennsylvania,Monday,1,No
Pennsylvania,Saturday,1,No
Pennsylvania,Sunday,1,No
Pennsylvania,Tuesday,1,No
Pennsylvania,Friday,1,No
Pennsylvania,Tuesday,1,No
Pennsylvania,Saturday,2,Yes
Pennsylvania,Tuesday,1,No
Pennsylvania,Saturday,1,No
Pennsylvania,Saturday,1,No
Pennsylvania,Sunday,1,Yes
Pennsylvania,Monday,2,No
Pennsylvania,Sunday,1,Yes
Pennsylvania,Friday,1,No
Pennsylvania,Monday,1,Yes
Pennsylvania,Saturday,1,No
Pennsylvania,Sunday,1,No
Pennsylvania,Wednesday,1,Yes
Pennsylvania,Wednesday,1,No
Pennsylvania,Thursday,1,Yes
Pennsylvania,Saturday,1,Yes
Pennsylvania,Sunday,1,No
Pennsylvania,Wednesday,1,No
Pennsylvania,Saturday,1,No
Pennsylvania,Sunday,1,No
Pennsylvania,Friday,1,No
Pennsylvania,Monday,1,No
Pennsylvania,Sunday,1,No
Pennsylvania,Friday,1,No
Pennsylvania,Saturday,1,No
Pennsylvania,Sunday,1,No
Pennsylvania,Monday,1,No
Pennsylvania,Monday,1,No
Pennsylvania,Monday,1,No
Pennsylvania,Monday,1,No
Pennsylvania,Wednesday,1,No
Pennsylvania,Tuesday,1,No
Pennsylvania,Thursday,1,No
Pennsylvania,Thursday,1,No
Pennsylvania,Friday,1,No
Pennsylvania,Monday,1,No
Pennsylvania,Thursday,1,No
Pennsylvania,Friday,1,No
Pennsylvania,Saturday,1,No
Pennsylvania,Thursday,1,No
Pennsylvania,Monday,1,No
Pennsylvania,Tuesday,1,No
Pennsylvania,Tuesday,1,No
Pennsylvania,Saturday,1,No
Pennsylvania,Friday,1,No
Pennsylvania,Thursday,1,No
Pennsylvania,Friday,1,Yes
Pennsylvania,Tuesday,1,No
Pennsylvania,Saturday,1,No
Pennsylvania,Friday,1,No
Pennsylvania,Tuesday,2,No
Pennsylvania,Friday,3,No
Pennsylvania,Friday,1,Yes
Pennsylvania,Thursday,1,Yes
Pennsylvania,Wednesday,1,No
Pennsylvania,Monday,1,No
Pennsylvania,Friday,1,Yes
Pennsylvania,Thursday,1,No
Pennsylvania,Friday,1,No
Pennsylvania,Wednesday,1,No
Pennsylvania,Saturday,1,No
Pennsylvania,Saturday,1,No
Pennsylvania,Friday,1,No
Pennsylvania,Friday,1,Yes
Pennsylvania,Thursday,1,No
Pennsylvania,Sunday,1,No
Pennsylvania,Monday,1,No
Pennsylvania,Sunday,1,Yes
Pennsylvania,Saturday,1,No
Pennsylvania,Tuesday,1,No
Pennsylvania,Monday,1,No
Pennsylvania,Sunday,1,No
Pennsylvania,Monday,1,Yes
Pennsylvania,Friday,1,Yes
Pennsylvania,Wednesday,1,No
Pennsylvania,Friday,1,Yes
Pennsylvania,Friday,1,No
Pennsylvania,Tuesday,1,No
Pennsylvania,Tuesday,1,Yes
Pennsylvania,Sunday,1,No
Pennsylvania,Wednesday,1,Yes
Pennsylvania,Saturday,1,No
Pennsylvania,Monday,1,No
Pennsylvania,Thursday,1,No
Pennsylvania,Tuesday,1,No
Pennsylvania,Saturday,1,Yes
Pennsylvania,Saturday,1,No
Pennsylvania,Saturday,1,No
Pennsylvania,Friday,3,No
Pennsylvania,Friday,1,Yes
Pennsylvania,Saturday,1,No
Pennsylvania,Saturday,1,Yes
Pennsylvania,Saturday,1,Yes
Pennsylvania,Monday,1,No
Pennsylvania,Monday,1,No
Pennsylvania,Sunday,1,Yes
Pennsylvania,Friday,1,Yes
Pennsylvania,Saturday,1,No
Pennsylvania,Thursday,2,Yes
Pennsylvania,Tuesday,1,No
Pennsylvania,Sunday,1,Yes
Pennsylvania,Saturday,1,No
Pennsylvania,Friday,1,Yes
Pennsylvania,Thursday,1,No
Pennsylvania,Thursday,1,No
Pennsylvania,Thursday,1,No
Pennsylvania,Friday,1,Yes
Pennsylvania,Saturday,1,Yes
Pennsylvania,Sunday,1,Yes
Pennsylvania,Wednesday,1,No
Pennsylvania,Thursday,2,Yes
Pennsylvania,Tuesday,1,No
Pennsylvania,Thursday,1,No
Pennsylvania,Friday,1,No
Pennsylvania,Thursday,1,No
Pennsylvania,Thursday,1,No
Pennsylvania,Sunday,1,Yes
Pennsylvania,Thursday,1,No
Pennsylvania,Tuesday,1,No
Pennsylvania,Friday,1,Yes
Pennsylvania,Sunday,1,Yes
Pennsylvania,Thursday,1,No
Pennsylvania,Wednesday,1,No
Pennsylvania,Wednesday,1,Yes
Pennsylvania,Thursday,1,No
Pennsylvania,Thursday,1,No
Pennsylvania,Friday,1,Yes
Pennsylvania,Saturday,1,Yes
Pennsylvania,Saturday,1,No
Pennsylvania,Thursday,1,No
Pennsylvania,Wednesday,1,No
Pennsylvania,Sunday,1,No
Pennsylvania,Wednesday,1,Yes
Pennsylvania,Friday,1,No
Pennsylvania,Monday,1,No
Pennsylvania,Friday,1,No
Pennsylvania,Tuesday,1,No
Pennsylvania,Friday,1,Yes
Pennsylvania,Tuesday,1,Yes
Pennsylvania,Sunday,1,No
Pennsylvania,Sunday,1,No
Pennsylvania,Saturday,1,Yes
Pennsylvania,Thursday,1,No
Pennsylvania,Tuesday,1,No
Pennsylvania,Saturday,1,Yes
Pennsylvania,Friday,2,Yes
Pennsylvania,Monday,1,No
Pennsylvania,Sunday,1,No
Pennsylvania,Monday,4,No
Pennsylvania,Monday,1,Yes
Pennsylvania,Saturday,1,No
Pennsylvania,Thursday,1,Yes
Pennsylvania,Friday,1,No
Pennsylvania,Friday,1,No
Pennsylvania,Thursday,1,No
Pennsylvania,Monday,1,No
Pennsylvania,Saturday,1,No
Pennsylvania,Thursday,1,No
Pennsylvania,Tuesday,1,No
Pennsylvania,Sunday,1,No
Pennsylvania,Sunday,1,Yes
Pennsylvania,Tuesday,1,Yes
Pennsylvania,Sunday,1,No
Pennsylvania,Tuesday,2,No
Pennsylvania,Tuesday,1,No
Pennsylvania,Monday,1,No
Pennsylvania,Saturday,1,No
Pennsylvania,Tuesday,1,No
Pennsylvania,Tuesday,1,No
Pennsylvania,Friday,1,Yes
Pennsylvania,Friday,1,No
Pennsylvania,Friday,1,Yes
Pennsylvania,Wednesday,1,No
Pennsylvania,Thursday,1,No
Pennsylvania,Saturday,1,Yes
Pennsylvania,Wednesday,1,No
Pennsylvania,Saturday,1,No
Pennsylvania,Thursday,1,No
Pennsylvania,Sunday,1,No
Pennsylvania,Monday,1,No
Pennsylvania,Monday,1,No
Pennsylvania,Monday,1,No
Pennsylvania,Saturday,1,No
Pennsylvania,Monday,1,No
Pennsylvania,Saturday,1,No
Pennsylvania,Friday,1,No
Pennsylvania,Saturday,1,Yes
Pennsylvania,Wednesday,1,Yes
Pennsylvania,Saturday,1,Yes
Pennsylvania,Thursday,1,No
Pennsylvania,Saturday,1,Yes
Pennsylvania,Friday,1,No
Pennsylvania,Monday,1,Yes
Pennsylvania,Saturday,1,No
Pennsylvania,Monday,1,Yes
Pennsylvania,Monday,1,No
Pennsylvania,Friday,1,No
Pennsylvania,Monday,1,Yes
Pennsylvania,Sunday,1,No
Pennsylvania,Wednesday,1,No
Pennsylvania,Saturday,1,Yes
Pennsylvania,Monday,1,Yes
Pennsylvania,Saturday,1,No
Pennsylvania,Sunday,1,No
Pennsylvania,Saturday,1,Yes
Pennsylvania,Thursday,1,No
Pennsylvania,Sunday,1,No
Pennsylvania,Tuesday,1,No
Pennsylvania,Tuesday,1,No
Pennsylvania,Wednesday,1,No
Pennsylvania,Sunday,1,No
Pennsylvania,Saturday,1,Yes
Pennsylvania,Saturday,1,Yes
Pennsylvania,Friday,1,No
Pennsylvania,Thursday,1,No
Pennsylvania,Wednesday,1,No
Pennsylvania,Thursday,2,No
Pennsylvania,Saturday,1,No
Pennsylvania,Sunday,1,No
Pennsylvania,Tuesday,2,No
Pennsylvania,Thursday,2,No
Pennsylvania,Sunday,1,No
Pennsylvania,Sunday,3,Yes
Pennsylvania,Monday,1,Yes
Pennsylvania,Monday,1,No
Pennsylvania,Monday,1,No
Pennsylvania,Monday,1,No
Pennsylvania,Friday,1,No
Pennsylvania,Saturday,1,Yes
Pennsylvania,Tuesday,1,No
Pennsylvania,Sunday,1,No
Pennsylvania,Thursday,1,No
Pennsylvania,Saturday,1,No
Pennsylvania,Wednesday,1,Yes
Pennsylvania,Saturday,1,Yes
Pennsylvania,Sunday,1,No
Pennsylvania,Saturday,1,Yes
Pennsylvania,Wednesday,1,Yes
Pennsylvania,Saturday,1,No
Pennsylvania,Saturday,1,Yes
Pennsylvania,Saturday,1,Yes
Pennsylvania,Tuesday,2,No
Pennsylvania,Saturday,1,Yes
Pennsylvania,Sunday,1,Yes
Pennsylvania,Saturday,1,No
Pennsylvania,Monday,1,No
Pennsylvania,Wednesday,1,No
Pennsylvania,Sunday,1,No
Pennsylvania,Saturday,1,No
Pennsylvania,Monday,1,Yes
Pennsylvania,Saturday,2,Yes
Pennsylvania,Sunday,1,Yes
Pennsylvania,Wednesday,1,No
Pennsylvania,Saturday,1,No
Pennsylvania,Saturday,1,No
Pennsylvania,Saturday,1,No
Pennsylvania,Wednesday,1,No
Pennsylvania,Saturday,1,No
Pennsylvania,Wednesday,1,No
Pennsylvania,Saturday,1,Yes
Pennsylvania,Wednesday,1,No
Pennsylvania,Saturday,1,Yes
Pennsylvania,Monday,1,No
Pennsylvania,Friday,1,No
Pennsylvania,Sunday,1,No
Pennsylvania,Saturday,1,Yes
Pennsylvania,Friday,1,No
Pennsylvania,Friday,1,Yes
Pennsylvania,Saturday,1,No
Pennsylvania,Sunday,1,No
Pennsylvania,Tuesday,1,No
Pennsylvania,Sunday,1,Yes
Pennsylvania,Saturday,1,No
Pennsylvania,Monday,1,Yes
Pennsylvania,Wednesday,1,No
Pennsylvania,Monday,1,No
Pennsylvania,Thursday,1,Yes
Pennsylvania,Saturday,1,Yes
Pennsylvania,Friday,1,No
Pennsylvania,Monday,1,No
Pennsylvania,Monday,1,No
Pennsylvania,Wednesday,1,No
Pennsylvania,Thursday,1,Yes
Pennsylvania,Thursday,1,No
Pennsylvania,Thursday,1,No
Pennsylvania,Thursday,1,Yes
Pennsylvania,Sunday,1,No
Pennsylvania,Thursday,1,No
Pennsylvania,Friday,1,No
Pennsylvania,Sunday,1,No
Pennsylvania,Friday,1,No
Pennsylvania,Saturday,1,No
Pennsylvania,Monday,1,No
Pennsylvania,Thursday,1,No
Pennsylvania,Thursday,1,No
Pennsylvania,Sunday,1,No
Pennsylvania,Sunday,1,No
Pennsylvania,Saturday,1,No
Pennsylvania,Monday,1,No
Pennsylvania,Sunday,1,Yes
Pennsylvania,Thursday,1,No
Pennsylvania,Sunday,1,Yes
Pennsylvania,Friday,1,Yes
Pennsylvania,Wednesday,1,No
Pennsylvania,Friday,1,No
Pennsylvania,Friday,1,No
Pennsylvania,Sunday,1,Yes
Pennsylvania,Thursday,1,No
Pennsylvania,Wednesday,1,No
Pennsylvania,Thursday,1,No
Pennsylvania,Monday,1,Yes
Pennsylvania,Tuesday,1,No
Pennsylvania,Sunday,1,No
Pennsylvania,Sunday,1,Yes
Pennsylvania,Monday,1,No
Pennsylvania,Saturday,1,No
Pennsylvania,Saturday,1,No
Pennsylvania,Friday,2,No
Pennsylvania,Thursday,2,Yes
Pennsylvania,Monday,1,No
Pennsylvania,Monday,1,No
Pennsylvania,Friday,1,No
Pennsylvania,Saturday,1,No
Pennsylvania,Thursday,1,No
Pennsylvania,Friday,1,No
Pennsylvania,Friday,1,No
Pennsylvania,Wednesday,2,No
Pennsylvania,Saturday,1,No
Pennsylvania,Tuesday,1,No
Pennsylvania,Thursday,1,No
Pennsylvania,Sunday,2,Yes
Pennsylvania,Thursday,2,No
Pennsylvania,Thursday,1,No
Pennsylvania,Monday,1,No
Pennsylvania,Wednesday,1,No
Pennsylvania,Sunday,1,No
Pennsylvania,Saturday,1,No
Pennsylvania,Sunday,2,Yes
Pennsylvania,Saturday,1,No
Pennsylvania,Wednesday,1,No
Pennsylvania,Thursday,1,No
Pennsylvania,Saturday,1,No
Pennsylvania,Thursday,1,No
Pennsylvania,Friday,2,No
Pennsylvania,Tuesday,1,No
Pennsylvania,Thursday,1,No
Pennsylvania,Friday,1,No
Pennsylvania,Friday,1,No
Pennsylvania,Monday,1,No
Pennsylvania,Saturday,1,No
Pennsylvania,Sunday,1,No
Pennsylvania,Monday,1,No
Pennsylvania,Saturday,1,Yes
Pennsylvania,Thursday,1,No
Pennsylvania,Wednesday,1,No
Pennsylvania,Friday,1,No
Pennsylvania,Sunday,1,No
Pennsylvania,Saturday,1,No
Pennsylvania,Monday,2,Yes
Pennsylvania,Sunday,1,No
Pennsylvania,Thursday,1,No
Pennsylvania,Monday,1,No
Pennsylvania,Sunday,1,Yes
Pennsylvania,Sunday,1,No
Pennsylvania,Tuesday,1,No
Pennsylvania,Thursday,1,No
Pennsylvania,Wednesday,1,Yes
Pennsylvania,Friday,1,No
Pennsylvania,Thursday,1,No
Pennsylvania,Saturday,1,No
Pennsylvania,Sunday,1,Yes
Pennsylvania,Tuesday,1,No
Pennsylvania,Monday,1,No
Pennsylvania,Saturday,2,Yes
Pennsylvania,Saturday,1,No
Pennsylvania,Sunday,1,No
Pennsylvania,Thursday,1,No
Pennsylvania,Saturday,1,Yes
Pennsylvania,Saturday,1,No
Pennsylvania,Friday,1,No
Pennsylvania,Friday,1,No
Pennsylvania,Friday,1,No
Pennsylvania,Saturday,1,No
Pennsylvania,Sunday,1,No
Pennsylvania,Monday,1,Yes
Pennsylvania,Tuesday,1,No
Pennsylvania,Sunday,2,No
Pennsylvania,Wednesday,1,No
Pennsylvania,Thursday,1,No
Pennsylvania,Friday,1,Yes
Pennsylvania,Sunday,1,Yes
Pennsylvania,Sunday,1,Yes
Pennsylvania,Thursday,1,No
Pennsylvania,Sunday,1,No
Pennsylvania,Thursday,1,No
Pennsylvania,Friday,1,No
Pennsylvania,Thursday,1,Yes
Pennsylvania,Tuesday,1,No
Pennsylvania,Sunday,1,No
Pennsylvania,Tuesday,1,Yes
Pennsylvania,Saturday,1,Yes
Pennsylvania,Thursday,1,No
Pennsylvania,Saturday,1,Yes
Pennsylvania,Thursday,1,No
Pennsylvania,Saturday,1,No
Pennsylvania,Thursday,1,No
Pennsylvania,Monday,1,No
Pennsylvania,Saturday,1,No
Pennsylvania,Sunday,1,No
Pennsylvania,Thursday,2,No
Pennsylvania,Thursday,1,No
Pennsylvania,Saturday,1,No
Pennsylvania,Wednesday,1,No
Pennsylvania,Tuesday,1,Yes
Pennsylvania,Saturday,1,No
Pennsylvania,Tuesday,1,No
Pennsylvania,Wednesday,1,Yes
Pennsylvania,Sunday,1,Yes
Pennsylvania,Saturday,1,No
Pennsylvania,Friday,1,No
Pennsylvania,Friday,2,No
Pennsylvania,Wednesday,1,No
Pennsylvania,Thursday,1,No
Pennsylvania,Friday,1,Yes
Pennsylvania,Wednesday,1,No
Pennsylvania,Tuesday,1,No
Pennsylvania,Friday,1,Yes
Pennsylvania,Monday,1,No
Pennsylvania,Sunday,1,No
Pennsylvania,Wednesday,1,No
Pennsylvania,Monday,1,No
Pennsylvania,Friday,1,No
Pennsylvania,Saturday,1,Yes
Pennsylvania,Tuesday,1,No
Pennsylvania,Wednesday,1,No
Pennsylvania,Saturday,1,No
Pennsylvania,Friday,2,No
Pennsylvania,Friday,1,Yes
Pennsylvania,Sunday,1,No
Pennsylvania,Sunday,1,No
Pennsylvania,Wednesday,1,No
Pennsylvania,Tuesday,1,No
Pennsylvania,Friday,1,No
Pennsylvania,Saturday,1,Yes
Pennsylvania,Monday,1,No
Pennsylvania,Thursday,1,Yes
Pennsylvania,Sunday,1,No
Pennsylvania,Monday,1,No
Pennsylvania,Tuesday,1,Yes
Pennsylvania,Saturday,1,Yes
Pennsylvania,Saturday,1,No
Pennsylvania,Friday,1,No
Pennsylvania,Tuesday,1,No
Pennsylvania,Wednesday,1,No
Pennsylvania,Thursday,1,No
Pennsylvania,Tuesday,1,No
Pennsylvania,Monday,1,No
Pennsylvania,Wednesday,1,No
Pennsylvania,Sunday,1,No
Pennsylvania,Friday,1,No
Pennsylvania,Saturday,1,No
Pennsylvania,Monday,1,No
Pennsylvania,Friday,1,Yes
Pennsylvania,Saturday,1,Yes
Pennsylvania,Thursday,1,No
Pennsylvania,Thursday,1,No
Pennsylvania,Friday,1,No
Pennsylvania,Friday,2,No
Pennsylvania,Monday,1,No
Pennsylvania,Monday,1,Yes
Pennsylvania,Friday,1,Yes
Pennsylvania,Sunday,1,No
Pennsylvania,Tuesday,1,No
Pennsylvania,Friday,1,Yes
Pennsylvania,Saturday,1,Yes
Pennsylvania,Saturday,1,No
Pennsylvania,Thursday,1,No
Pennsylvania,Wednesday,1,No
Pennsylvania,Wednesday,1,No
Pennsylvania,Thursday,1,No
Pennsylvania,Sunday,1,No
Pennsylvania,Sunday,1,No
Pennsylvania,Tuesday,1,No
Pennsylvania,Sunday,1,No
Pennsylvania,Friday,1,No
Pennsylvania,Sunday,1,No
Pennsylvania,Sunday,1,No
Pennsylvania,Saturday,1,Yes
Pennsylvania,Sunday,1,Yes
Pennsylvania,Sunday,1,Yes
Pennsylvania,Wednesday,1,No
Pennsylvania,Saturday,2,No
Pennsylvania,Thursday,1,No
Pennsylvania,Wednesday,1,No
Pennsylvania,Tuesday,1,No
Pennsylvania,Friday,1,Yes
Pennsylvania,Sunday,2,No
Pennsylvania,Sunday,1,No
Pennsylvania,Wednesday,1,No
Pennsylvania,Friday,1,No
Pennsylvania,Tuesday,1,No
Pennsylvania,Tuesday,1,No
Pennsylvania,Tuesday,1,No
Pennsylvania,Sunday,1,No
Pennsylvania,Sunday,1,No
Pennsylvania,Tuesday,1,No
Pennsylvania,Saturday,1,No
Pennsylvania,Monday,2,No
Pennsylvania,Saturday,1,Yes
Pennsylvania,Saturday,1,No
Pennsylvania,Sunday,1,No
Pennsylvania,Saturday,1,Yes
Pennsylvania,Monday,1,No
Pennsylvania,Thursday,1,No
Pennsylvania,Sunday,1,No
Pennsylvania,Sunday,1,No
Pennsylvania,Friday,1,No
Pennsylvania,Tuesday,1,No
Pennsylvania,Thursday,1,No
Pennsylvania,Sunday,1,No
Pennsylvania,Thursday,1,No
Pennsylvania,Saturday,1,No
Pennsylvania,Thursday,1,No
Pennsylvania,Friday,1,No
Pennsylvania,Sunday,1,No
Pennsylvania,Monday,1,No
Pennsylvania,Sunday,1,Yes
Pennsylvania,Tuesday,1,No
Pennsylvania,Friday,1,No
Pennsylvania,Tuesday,1,No
Pennsylvania,Sunday,1,Yes
Pennsylvania,Saturday,1,Yes
Pennsylvania,Thursday,2,No
Pennsylvania,Wednesday,1,No
Pennsylvania,Sunday,1,Yes
Pennsylvania,Thursday,1,Yes
Pennsylvania,Tuesday,1,No
Pennsylvania,Friday,1,No
Pennsylvania,Monday,1,No
Pennsylvania,Tuesday,1,No
Pennsylvania,Tuesday,1,No
Pennsylvania,Monday,1,No
Pennsylvania,Tuesday,2,No
Pennsylvania,Friday,1,No
Pennsylvania,Saturday,1,No
Pennsylvania,Friday,1,No
Pennsylvania,Thursday,1,No
Pennsylvania,Thursday,1,No
Pennsylvania,Monday,1,No
Pennsylvania,Monday,1,No
Pennsylvania,Thursday,3,No
Pennsylvania,Tuesday,2,No
Pennsylvania,Friday,1,No
Pennsylvania,Tuesday,1,No
Pennsylvania,Saturday,2,No
Pennsylvania,Wednesday,1,No
Pennsylvania,Thursday,1,No
Pennsylvania,Thursday,1,No
Pennsylvania,Monday,1,Yes
Pennsylvania,Tuesday,1,No
Pennsylvania,Tuesday,1,No
Pennsylvania,Friday,1,No
Pennsylvania,Friday,1,No
Pennsylvania,Saturday,1,Yes
Pennsylvania,Saturday,1,No
Pennsylvania,Monday,1,No
Pennsylvania,Sunday,1,Yes
Pennsylvania,Saturday,1,Yes
Pennsylvania,Friday,1,No
Pennsylvania,Saturday,1,No
Pennsylvania,Friday,1,Yes
Pennsylvania,Saturday,1,Yes
Pennsylvania,Saturday,1,Yes
Pennsylvania,Wednesday,1,No
Pennsylvania,Saturday,1,No
Pennsylvania,Monday,2,No
Pennsylvania,Thursday,1,No
Pennsylvania,Sunday,1,No
Pennsylvania,Wednesday,1,Yes
Pennsylvania,Friday,1,No
Pennsylvania,Wednesday,1,No
Pennsylvania,Monday,1,No
Pennsylvania,Sunday,1,Yes
Pennsylvania,Saturday,1,No
Pennsylvania,Sunday,1,No
Pennsylvania,Thursday,2,Yes
Pennsylvania,Monday,1,Yes
Pennsylvania,Friday,1,No
Pennsylvania,Saturday,1,No
Pennsylvania,Thursday,1,No
Pennsylvania,Saturday,1,Yes
Pennsylvania,Friday,1,Yes
Pennsylvania,Tuesday,1,No
Pennsylvania,Wednesday,2,No
Pennsylvania,Saturday,1,Yes
Pennsylvania,Monday,1,No
Pennsylvania,Saturday,1,Yes
Pennsylvania,Saturday,2,No
Pennsylvania,Thursday,1,No
Pennsylvania,Sunday,1,No
Pennsylvania,Saturday,1,Yes
Pennsylvania,Saturday,1,No
Pennsylvania,Sunday,1,Yes
Pennsylvania,Tuesday,1,Yes
Pennsylvania,Sunday,2,Yes
Pennsylvania,Saturday,1,No
Pennsylvania,Thursday,1,No
Pennsylvania,Saturday,1,Yes
Pennsylvania,Tuesday,1,No
Pennsylvania,Friday,1,No
Pennsylvania,Friday,1,Yes
Pennsylvania,Sunday,1,No
Pennsylvania,Wednesday,1,Yes
Pennsylvania,Saturday,1,Yes
Pennsylvania,Saturday,1,No
Pennsylvania,Wednesday,1,No
Pennsylvania,Wednesday,1,No
Pennsylvania,Friday,1,Yes
Pennsylvania,Wednesday,1,No
Pennsylvania,Friday,1,Yes
Pennsylvania,Sunday,1,Yes
Pennsylvania,Monday,1,No
Pennsylvania,Saturday,1,Yes
Pennsylvania,Saturday,1,No
Pennsylvania,Saturday,1,No
Pennsylvania,Friday,1,No
Pennsylvania,Tuesday,1,No
Pennsylvania,Friday,1,No
Pennsylvania,Sunday,1,No
Pennsylvania,Wednesday,1,No
Pennsylvania,Sunday,1,Yes
Pennsylvania,Thursday,1,Yes
Pennsylvania,Wednesday,1,No
Pennsylvania,Thursday,1,No
Pennsylvania,Sunday,1,No
Pennsylvania,Sunday,1,No
Pennsylvania,Friday,1,No
Pennsylvania,Friday,1,No
Pennsylvania,Wednesday,1,No
Pennsylvania,Wednesday,1,No
Pennsylvania,Thursday,1,No
Pennsylvania,Friday,1,No
Pennsylvania,Friday,1,No
Pennsylvania,Friday,1,No
Pennsylvania,Tuesday,1,Yes
Pennsylvania,Thursday,1,No
Pennsylvania,Wednesday,1,Yes
Pennsylvania,Saturday,1,Yes
Pennsylvania,Wednesday,1,Yes
Pennsylvania,Saturday,1,No
Pennsylvania,Sunday,1,No
Pennsylvania,Friday,1,No
Pennsylvania,Saturday,1,No
Pennsylvania,Monday,1,No
Pennsylvania,Sunday,1,No
Pennsylvania,Sunday,1,Yes
Pennsylvania,Wednesday,1,No
Pennsylvania,Tuesday,1,No
Pennsylvania,Sunday,1,No
Pennsylvania,Monday,1,No
Pennsylvania,Monday,1,No
Pennsylvania,Saturday,1,Yes
Pennsylvania,Saturday,1,Yes
Pennsylvania,Tuesday,1,No
Pennsylvania,Sunday,1,No
Pennsylvania,Saturday,1,No
Pennsylvania,Sunday,1,No
Pennsylvania,Friday,1,No
Pennsylvania,Monday,1,No
Pennsylvania,Sunday,1,No
Pennsylvania,Wednesday,1,No
Pennsylvania,Wednesday,1,Yes
Pennsylvania,Saturday,1,No
Pennsylvania,Wednesday,1,No
Pennsylvania,Friday,1,No
Pennsylvania,Thursday,1,No
Pennsylvania,Friday,1,Yes
Pennsylvania,Monday,1,No
Pennsylvania,Friday,1,No
Pennsylvania,Monday,2,No
Pennsylvania,Thursday,1,No
Pennsylvania,Monday,1,No
Pennsylvania,Monday,1,No
Pennsylvania,Friday,2,No
Pennsylvania,Wednesday,1,Yes
Pennsylvania,Wednesday,1,No
Pennsylvania,Wednesday,1,No
Pennsylvania,Saturday,2,No
Pennsylvania,Saturday,1,No
Pennsylvania,Saturday,1,No
Pennsylvania,Friday,1,No
Pennsylvania,Sunday,1,No
Pennsylvania,Wednesday,1,No
Pennsylvania,Sunday,1,No
Pennsylvania,Wednesday,1,Yes
Pennsylvania,Tuesday,1,No
Pennsylvania,Monday,1,No
Pennsylvania,Wednesday,1,No
Pennsylvania,Monday,1,No
Pennsylvania,Friday,1,Yes
Pennsylvania,Saturday,3,Yes
Pennsylvania,Saturday,1,Yes
Pennsylvania,Saturday,1,No
Pennsylvania,Thursday,1,Yes
Pennsylvania,Saturday,1,No
Pennsylvania,Monday,1,No
Pennsylvania,Friday,1,No
Pennsylvania,Tuesday,1,No
Pennsylvania,Saturday,1,Yes
Pennsylvania,Sunday,1,No
Pennsylvania,Saturday,2,No
Pennsylvania,Friday,1,No
Pennsylvania,Wednesday,1,No
Pennsylvania,Saturday,1,No
Pennsylvania,Wednesday,1,No
Pennsylvania,Saturday,1,No
Pennsylvania,Thursday,1,No
Pennsylvania,Saturday,1,Yes
Pennsylvania,Monday,2,No
Pennsylvania,Wednesday,1,No
Pennsylvania,Wednesday,1,No
Pennsylvania,Wednesday,1,No
Pennsylvania,Saturday,1,No
Pennsylvania,Tuesday,1,No
Pennsylvania,Wednesday,1,No
Pennsylvania,Wednesday,1,Yes
Pennsylvania,Thursday,1,Yes
Pennsylvania,Tuesday,1,Yes
Pennsylvania,Sunday,1,No
Pennsylvania,Tuesday,1,Yes
Pennsylvania,Sunday,1,Yes
Pennsylvania,Wednesday,1,No
Pennsylvania,Sunday,1,Yes
Pennsylvania,Friday,3,Yes
Pennsylvania,Monday,1,Yes
Pennsylvania,Thursday,1,No
Pennsylvania,Friday,1,No
Pennsylvania,Wednesday,1,No
Pennsylvania,Saturday,1,No
Pennsylvania,Wednesday,1,No
Pennsylvania,Monday,1,No
Pennsylvania,Thursday,1,No
Pennsylvania,Friday,2,No
Pennsylvania,Monday,1,No
Pennsylvania,Friday,1,No
Pennsylvania,Saturday,1,Yes
Pennsylvania,Sunday,1,No
Pennsylvania,Saturday,1,No
Pennsylvania,Wednesday,1,No
Pennsylvania,Friday,1,No
Pennsylvania,Sunday,1,No
Pennsylvania,Friday,1,No
Pennsylvania,Friday,1,No
Pennsylvania,Saturday,1,No
Pennsylvania,Friday,1,No
Pennsylvania,Saturday,1,No
Pennsylvania,Saturday,1,No
Pennsylvania,Wednesday,1,No
Pennsylvania,Tuesday,1,Yes
Pennsylvania,Sunday,1,Yes
Pennsylvania,Friday,1,No
Pennsylvania,Wednesday,2,No
Pennsylvania,Sunday,3,No
Pennsylvania,Saturday,1,Yes
Pennsylvania,Saturday,1,Yes
Pennsylvania,Friday,1,No
Pennsylvania,Friday,1,No
Pennsylvania,Friday,1,No
Pennsylvania,Wednesday,1,No
Pennsylvania,Monday,1,No
Pennsylvania,Thursday,1,No
Pennsylvania,Saturday,1,No
Pennsylvania,Sunday,1,No
Pennsylvania,Friday,1,Yes
Pennsylvania,Wednesday,1,No
Pennsylvania,Sunday,1,No
Pennsylvania,Friday,1,No
Pennsylvania,Wednesday,1,No
Pennsylvania,Saturday,1,No
Pennsylvania,Friday,1,Yes
Pennsylvania,Wednesday,1,No
Pennsylvania,Sunday,1,No
Pennsylvania,Thursday,1,No
Pennsylvania,Thursday,1,No
Pennsylvania,Friday,1,Yes
Pennsylvania,Tuesday,1,No
Pennsylvania,Friday,1,No
Pennsylvania,Thursday,1,No
Pennsylvania,Sunday,1,No
Pennsylvania,Thursday,1,No
Pennsylvania,Monday,1,No
Pennsylvania,Sunday,1,No
Pennsylvania,Saturday,1,Yes
Pennsylvania,Saturday,1,No
Pennsylvania,Sunday,1,No
Pennsylvania,Saturday,2,Yes
Pennsylvania,Monday,2,Yes
Pennsylvania,Thursday,1,No
Pennsylvania,Thursday,1,Yes
Pennsylvania,Wednesday,1,No
Pennsylvania,Sunday,1,No
Pennsylvania,Friday,2,No
Pennsylvania,Wednesday,1,No
Pennsylvania,Friday,1,No
Pennsylvania,Saturday,1,Yes
Pennsylvania,Thursday,1,Yes
Pennsylvania,Tuesday,1,No
Pennsylvania,Wednesday,1,No
Pennsylvania,Sunday,1,No
Pennsylvania,Saturday,1,No
Pennsylvania,Sunday,1,No
Pennsylvania,Monday,1,Yes
Pennsylvania,Wednesday,1,Yes
Pennsylvania,Monday,2,No
Pennsylvania,Saturday,1,No
Pennsylvania,Monday,1,No
Pennsylvania,Saturday,1,Yes
Pennsylvania,Sunday,1,No
Pennsylvania,Wednesday,1,Yes
Pennsylvania,Friday,1,No
Pennsylvania,Monday,1,No
Pennsylvania,Friday,1,No
Pennsylvania,Wednesday,1,No
Pennsylvania,Sunday,1,Yes
Pennsylvania,Thursday,1,No
Pennsylvania,Tuesday,1,No
Pennsylvania,Saturday,1,No
Pennsylvania,Wednesday,1,No
Pennsylvania,Saturday,1,Yes
Pennsylvania,Monday,1,No
Pennsylvania,Saturday,1,No
Pennsylvania,Wednesday,1,Yes
Pennsylvania,Sunday,1,No
Pennsylvania,Wednesday,1,No
Pennsylvania,Wednesday,1,No
Pennsylvania,Friday,1,No
Pennsylvania,Sunday,1,Yes
Pennsylvania,Tuesday,1,No
Pennsylvania,Tuesday,1,Yes
Pennsylvania,Sunday,1,No
Pennsylvania,Monday,1,No
Pennsylvania,Wednesday,1,No
Pennsylvania,Sunday,1,No
Pennsylvania,Wednesday,1,No
Pennsylvania,Thursday,1,Yes
Pennsylvania,Sunday,1,No
Pennsylvania,Saturday,1,No
Pennsylvania,Sunday,1,No
Pennsylvania,Monday,1,No
Pennsylvania,Monday,1,No
Pennsylvania,Monday,1,No
Pennsylvania,Monday,1,No
Pennsylvania,Wednesday,1,Yes
Pennsylvania,Saturday,1,Yes
Pennsylvania,Friday,1,Yes
Pennsylvania,Friday,1,Yes
Pennsylvania,Saturday,1,Yes
Pennsylvania,Saturday,1,No
Pennsylvania,Friday,1,No
Pennsylvania,Sunday,2,Yes
Pennsylvania,Sunday,1,No
Pennsylvania,Sunday,1,Yes
Pennsylvania,Sunday,1,Yes
Pennsylvania,Sunday,1,Yes
Pennsylvania,Monday,1,No
Pennsylvania,Friday,1,No
Pennsylvania,Wednesday,2,No
Pennsylvania,Sunday,1,No
Pennsylvania,Wednesday,1,No
Pennsylvania,Thursday,1,Yes
Pennsylvania,Tuesday,2,No
Pennsylvania,Wednesday,1,No
Pennsylvania,Thursday,1,No
Pennsylvania,Friday,1,No
Pennsylvania,Sunday,1,No
Pennsylvania,Thursday,2,No
Pennsylvania,Tuesday,1,Yes
Pennsylvania,Monday,1,No
Pennsylvania,Friday,1,No
Pennsylvania,Thursday,1,No
Pennsylvania,Thursday,1,No
Pennsylvania,Tuesday,1,No
Pennsylvania,Thursday,1,No
Pennsylvania,Sunday,1,No
Pennsylvania,Wednesday,1,No
Pennsylvania,Saturday,1,No
Pennsylvania,Tuesday,1,No
Pennsylvania,Wednesday,1,No
Pennsylvania,Sunday,1,No
Pennsylvania,Tuesday,1,Yes
Pennsylvania,Friday,2,No
Pennsylvania,Thursday,1,No
Pennsylvania,Wednesday,1,Yes
Pennsylvania,Sunday,1,No
Pennsylvania,Sunday,1,No
Pennsylvania,Tuesday,1,No
Pennsylvania,Tuesday,1,No
Pennsylvania,Saturday,1,No
Pennsylvania,Sunday,1,No
Pennsylvania,Thursday,1,No
Pennsylvania,Monday,1,No
Pennsylvania,Monday,2,No
Pennsylvania,Sunday,1,No
Pennsylvania,Thursday,1,No
Pennsylvania,Saturday,1,No
Pennsylvania,Thursday,1,No
Pennsylvania,Saturday,2,No
Pennsylvania,Monday,1,No
Pennsylvania,Wednesday,1,No
Pennsylvania,Saturday,1,No
Pennsylvania,Sunday,1,No
Pennsylvania,Friday,1,No
Pennsylvania,Friday,1,No
Pennsylvania,Monday,1,No
Pennsylvania,Thursday,2,No
Pennsylvania,Saturday,1,No
Pennsylvania,Tuesday,1,No
Pennsylvania,Tuesday,1,No
Pennsylvania,Tuesday,1,No
Pennsylvania,Wednesday,1,No
Pennsylvania,Wednesday,1,No
Pennsylvania,Thursday,1,No
Pennsylvania,Tuesday,1,Yes
Pennsylvania,Friday,1,No
Pennsylvania,Wednesday,2,No
Pennsylvania,Wednesday,1,No
Pennsylvania,Thursday,2,No
Pennsylvania,Saturday,1,Yes
Pennsylvania,Monday,1,Yes
Pennsylvania,Saturday,1,No
Pennsylvania,Monday,1,No
Pennsylvania,Tuesday,1,No
Pennsylvania,Thursday,1,No
Pennsylvania,Tuesday,1,No
Pennsylvania,Friday,1,No
Pennsylvania,Friday,1,Yes
Pennsylvania,Monday,1,No
Pennsylvania,Saturday,1,Yes
Pennsylvania,Sunday,1,No
Pennsylvania,Monday,1,No
Pennsylvania,Thursday,1,Yes
Pennsylvania,Thursday,1,Yes
Pennsylvania,Thursday,1,Yes
Pennsylvania,Thursday,1,No
Pennsylvania,Wednesday,1,No
Pennsylvania,Wednesday,1,No
Pennsylvania,Wednesday,1,No
Pennsylvania,Tuesday,1,Yes
Pennsylvania,Friday,1,No
Pennsylvania,Monday,1,Yes
Pennsylvania,Saturday,1,No
Pennsylvania,Wednesday,1,Yes
Pennsylvania,Thursday,1,No
Pennsylvania,Monday,1,No
Pennsylvania,Friday,1,Yes
Pennsylvania,Sunday,1,Yes
Pennsylvania,Thursday,3,No
Pennsylvania,Saturday,1,No
Pennsylvania,Monday,1,No
Pennsylvania,Saturday,1,No
Pennsylvania,Tuesday,1,No
Pennsylvania,Wednesday,1,No
Pennsylvania,Sunday,1,No
Pennsylvania,Saturday,1,No
Pennsylvania,Sunday,1,No
Pennsylvania,Tuesday,1,No
Pennsylvania,Friday,1,No
Pennsylvania,Wednesday,1,Yes
Pennsylvania,Saturday,1,No
Pennsylvania,Saturday,1,No
Pennsylvania,Friday,1,No
Pennsylvania,Tuesday,2,No
Pennsylvania,Tuesday,1,No
Pennsylvania,Friday,1,No
Pennsylvania,Wednesday,1,No
Pennsylvania,Sunday,1,Yes
Pennsylvania,Friday,1,Yes
Pennsylvania,Saturday,1,No
Pennsylvania,Wednesday,2,No
Pennsylvania,Wednesday,2,No
Pennsylvania,Monday,1,No
Pennsylvania,Wednesday,1,No
Pennsylvania,Sunday,1,No
Pennsylvania,Sunday,2,No
Pennsylvania,Sunday,1,Yes
Pennsylvania,Tuesday,1,No
Pennsylvania,Friday,1,No
Pennsylvania,Thursday,1,Yes
Pennsylvania,Wednesday,1,No
Pennsylvania,Thursday,1,No
Pennsylvania,Thursday,1,No
Pennsylvania,Tuesday,1,No
Pennsylvania,Friday,1,No
Pennsylvania,Thursday,1,No
Pennsylvania,Tuesday,1,No
Pennsylvania,Sunday,1,No
Pennsylvania,Saturday,1,Yes
Pennsylvania,Saturday,1,No
Pennsylvania,Saturday,1,Yes
Pennsylvania,Wednesday,1,No
Pennsylvania,Friday,1,No
Pennsylvania,Wednesday,1,No
Pennsylvania,Saturday,1,Yes
Pennsylvania,Sunday,2,No
Pennsylvania,Tuesday,3,Yes
Pennsylvania,Saturday,1,No
Pennsylvania,Thursday,1,No
Pennsylvania,Saturday,1,Yes
Pennsylvania,Saturday,1,Yes
Pennsylvania,Wednesday,1,No
Pennsylvania,Saturday,1,No
Pennsylvania,Tuesday,1,No
Pennsylvania,Thursday,1,No
Pennsylvania,Saturday,1,No
Pennsylvania,Monday,1,No
Pennsylvania,Wednesday,1,No
Pennsylvania,Sunday,1,No
Pennsylvania,Wednesday,1,No
Rhode Island,Sunday,1,No
Rhode Island,Friday,1,No
Rhode Island,Saturday,2,Yes
Rhode Island,Thursday,1,Yes
Rhode Island,Sunday,1,Yes
Rhode Island,Friday,1,No
Rhode Island,Wednesday,1,Yes
Rhode Island,Wednesday,1,No
Rhode Island,Tuesday,1,No
Rhode Island,Monday,1,No
Rhode Island,Sunday,1,Yes
Rhode Island,Friday,1,No
Rhode Island,Monday,1,Yes
Rhode Island,Monday,1,Yes
Rhode Island,Tuesday,1,No
Rhode Island,Wednesday,1,No
Rhode Island,Monday,1,No
Rhode Island,Saturday,1,No
Rhode Island,Wednesday,1,No
Rhode Island,Saturday,1,Yes
Rhode Island,Thursday,1,No
Rhode Island,Wednesday,1,No
Rhode Island,Wednesday,1,Yes
Rhode Island,Monday,1,No
Rhode Island,Friday,1,No
Rhode Island,Thursday,1,No
Rhode Island,Friday,1,No
Rhode Island,Saturday,1,No
Rhode Island,Friday,1,Yes
Rhode Island,Thursday,1,No
Rhode Island,Tuesday,1,No
Rhode Island,Tuesday,1,No
Rhode Island,Thursday,1,No
Rhode Island,Saturday,1,Yes
Rhode Island,Saturday,1,No
Rhode Island,Sunday,1,No
Rhode Island,Wednesday,1,No
Rhode Island,Sunday,1,No
Rhode Island,Tuesday,1,No
Rhode Island,Friday,2,Yes
Rhode Island,Monday,1,Yes
Rhode Island,Monday,1,Yes
Rhode Island,Monday,1,No
Rhode Island,Friday,1,No
Rhode Island,Saturday,1,Yes
Rhode Island,Saturday,1,Yes
Rhode Island,Saturday,1,Yes
Rhode Island,Friday,1,Yes
Rhode Island,Monday,1,No
Rhode Island,Sunday,1,Yes
Rhode Island,Tuesday,1,No
Rhode Island,Friday,1,No
Rhode Island,Tuesday,1,No
Rhode Island,Thursday,1,No
Rhode Island,Monday,2,Yes
Rhode Island,Friday,1,No
South Carolina,Monday,1,No
South Carolina,Tuesday,2,No
South Carolina,Tuesday,1,Yes
South Carolina,Wednesday,1,No
South Carolina,Thursday,1,No
South Carolina,Wednesday,1,Yes
South Carolina,Wednesday,1,No
South Carolina,Thursday,1,No
South Carolina,Friday,1,No
South Carolina,Friday,1,No
South Carolina,Friday,1,No
South Carolina,Friday,1,Yes
South Carolina,Friday,1,Yes
South Carolina,Saturday,1,Yes
South Carolina,Saturday,1,Yes
South Carolina,Monday,1,No
South Carolina,Monday,1,No
South Carolina,Tuesday,1,No
South Carolina,Tuesday,1,No
South Carolina,Tuesday,2,Yes
South Carolina,Wednesday,1,No
South Carolina,Wednesday,1,Yes
South Carolina,Wednesday,1,No
South Carolina,Wednesday,1,No
South Carolina,Thursday,1,No
South Carolina,Friday,1,No
South Carolina,Friday,1,Yes
South Carolina,Sunday,1,Yes
South Carolina,Sunday,1,No
South Carolina,Sunday,1,Yes
South Carolina,Sunday,1,Yes
South Carolina,Sunday,1,Yes
South Carolina,Monday,1,No
South Carolina,Tuesday,1,No
South Carolina,Tuesday,1,No
South Carolina,Tuesday,1,No
South Carolina,Wednesday,1,No
South Carolina,Thursday,1,Yes
South Carolina,Friday,1,Yes
South Carolina,Friday,1,No
South Carolina,Sunday,1,No
South Carolina,Monday,1,No
South Carolina,Tuesday,1,No
South Carolina,Tuesday,1,No
South Carolina,Tuesday,1,No
South Carolina,Wednesday,1,No
South Carolina,Thursday,1,No
South Carolina,Friday,1,No
South Carolina,Saturday,1,No
South Carolina,Saturday,1,Yes
South Carolina,Sunday,1,Yes
South Carolina,Sunday,1,No
South Carolina,Monday,1,No
South Carolina,Wednesday,1,No
South Carolina,Wednesday,1,Yes
South Carolina,Monday,1,No
South Carolina,Tuesday,1,No
South Carolina,Thursday,1,No
South Carolina,Friday,3,Yes
South Carolina,Friday,1,No
South Carolina,Friday,1,No
South Carolina,Sunday,4,No
South Carolina,Sunday,1,Yes
South Carolina,Sunday,1,No
South Carolina,Sunday,1,No
South Carolina,Tuesday,1,Yes
South Carolina,Wednesday,1,No
South Carolina,Wednesday,1,No
South Carolina,Wednesday,1,No
South Carolina,Thursday,1,No
South Carolina,Thursday,1,Yes
South Carolina,Friday,1,No
South Carolina,Friday,1,Yes
South Carolina,Saturday,1,No
South Carolina,Saturday,1,Yes
South Carolina,Saturday,1,No
South Carolina,Saturday,1,Yes
South Carolina,Sunday,1,Yes
South Carolina,Sunday,1,No
South Carolina,Tuesday,2,No
South Carolina,Wednesday,1,No
South Carolina,Saturday,1,No
South Carolina,Saturday,1,Yes
South Carolina,Saturday,1,Yes
South Carolina,Saturday,1,No
South Carolina,Sunday,1,No
South Carolina,Saturday,1,Yes
South Carolina,Monday,1,No
South Carolina,Tuesday,1,No
South Carolina,Tuesday,1,No
South Carolina,Wednesday,1,No
South Carolina,Thursday,1,No
South Carolina,Thursday,1,No
South Carolina,Thursday,1,No
South Carolina,Thursday,1,No
South Carolina,Friday,1,No
South Carolina,Friday,1,Yes
South Carolina,Friday,1,No
South Carolina,Saturday,1,No
South Carolina,Saturday,1,Yes
South Carolina,Saturday,1,Yes
South Carolina,Saturday,1,Yes
South Carolina,Saturday,4,Yes
South Carolina,Sunday,1,No
South Carolina,Sunday,1,No
South Carolina,Wednesday,1,No
South Carolina,Friday,1,No
South Carolina,Tuesday,1,No
South Carolina,Monday,1,Yes
South Carolina,Thursday,1,Yes
South Carolina,Monday,1,No
South Carolina,Tuesday,1,No
South Carolina,Thursday,1,No
South Carolina,Friday,1,No
South Carolina,Friday,1,No
South Carolina,Friday,2,No
South Carolina,Friday,1,No
South Carolina,Friday,1,Yes
South Carolina,Saturday,1,No
South Carolina,Saturday,1,Yes
South Carolina,Saturday,1,No
South Carolina,Friday,1,No
South Carolina,Sunday,1,No
South Carolina,Sunday,1,No
South Carolina,Monday,1,No
South Carolina,Tuesday,1,No
South Carolina,Friday,1,Yes
South Carolina,Saturday,1,No
South Carolina,Sunday,1,No
South Carolina,Sunday,1,No
South Carolina,Sunday,1,No
South Carolina,Sunday,1,No
South Carolina,Sunday,1,No
South Carolina,Monday,1,No
South Carolina,Friday,1,No
South Carolina,Tuesday,1,Yes
South Carolina,Tuesday,1,No
South Carolina,Thursday,1,Yes
South Carolina,Thursday,1,No
South Carolina,Thursday,1,Yes
South Carolina,Thursday,1,No
South Carolina,Friday,2,No
South Carolina,Saturday,1,No
South Carolina,Saturday,1,No
South Carolina,Saturday,1,No
South Carolina,Sunday,1,No
South Carolina,Sunday,1,Yes
South Carolina,Sunday,1,No
South Carolina,Sunday,1,Yes
South Carolina,Monday,1,No
South Carolina,Tuesday,1,No
South Carolina,Monday,1,Yes
South Carolina,Tuesday,1,No
South Carolina,Tuesday,1,No
South Carolina,Wednesday,1,No
South Carolina,Thursday,1,Yes
South Carolina,Thursday,1,No
South Carolina,Friday,1,Yes
South Carolina,Friday,1,Yes
South Carolina,Thursday,1,No
South Carolina,Thursday,1,No
South Carolina,Monday,1,No
South Carolina,Saturday,1,No
South Carolina,Monday,1,No
South Carolina,Saturday,1,No
South Carolina,Saturday,1,Yes
South Carolina,Saturday,1,Yes
South Carolina,Saturday,1,Yes
South Carolina,Saturday,1,Yes
South Carolina,Sunday,1,No
South Carolina,Tuesday,1,Yes
South Carolina,Friday,1,Yes
South Carolina,Friday,1,No
South Carolina,Saturday,1,No
South Carolina,Wednesday,1,No
South Carolina,Monday,1,No
South Carolina,Monday,1,No
South Carolina,Tuesday,1,Yes
South Carolina,Tuesday,1,No
South Carolina,Monday,1,No
South Carolina,Wednesday,1,Yes
South Carolina,Wednesday,1,No
South Carolina,Thursday,1,No
South Carolina,Thursday,1,Yes
South Carolina,Thursday,1,No
South Carolina,Thursday,1,No
South Carolina,Thursday,1,Yes
South Carolina,Friday,1,Yes
South Carolina,Saturday,1,No
South Carolina,Saturday,1,No
South Carolina,Saturday,1,No
South Carolina,Saturday,1,No
South Carolina,Monday,1,Yes
South Carolina,Sunday,1,No
South Carolina,Monday,1,No
South Carolina,Monday,1,Yes
South Carolina,Monday,1,No
South Carolina,Tuesday,1,No
South Carolina,Wednesday,1,Yes
South Carolina,Tuesday,1,No
South Carolina,Tuesday,1,No
South Carolina,Wednesday,1,No
South Carolina,Wednesday,1,No
South Carolina,Wednesday,1,No
South Carolina,Wednesday,1,No
South Carolina,Wednesday,3,No
South Carolina,Thursday,1,No
South Carolina,Thursday,1,No
South Carolina,Thursday,1,No
South Carolina,Thursday,1,No
South Carolina,Friday,1,Yes
South Carolina,Friday,1,No
South Carolina,Friday,1,No
South Carolina,Saturday,2,Yes
South Carolina,Saturday,1,Yes
South Carolina,Saturday,1,No
South Carolina,Saturday,1,Yes
South Carolina,Sunday,1,No
South Carolina,Sunday,1,No
South Carolina,Sunday,1,Yes
South Carolina,Sunday,1,Yes
South Carolina,Sunday,1,No
South Carolina,Sunday,1,No
South Carolina,Monday,1,Yes
South Carolina,Monday,1,No
South Carolina,Monday,1,No
South Carolina,Monday,2,No
South Carolina,Tuesday,1,No
South Carolina,Wednesday,1,No
South Carolina,Thursday,1,No
South Carolina,Friday,1,Yes
South Carolina,Thursday,1,No
South Carolina,Friday,1,Yes
South Carolina,Friday,1,Yes
South Carolina,Saturday,2,Yes
South Carolina,Saturday,1,Yes
South Carolina,Saturday,1,No
South Carolina,Saturday,1,No
South Carolina,Sunday,1,No
South Carolina,Monday,1,No
South Carolina,Monday,1,No
South Carolina,Monday,1,No
South Carolina,Tuesday,1,Yes
South Carolina,Wednesday,1,No
South Carolina,Wednesday,1,Yes
South Carolina,Thursday,1,No
South Carolina,Thursday,1,No
South Carolina,Thursday,1,No
South Carolina,Thursday,1,No
South Carolina,Thursday,1,Yes
South Carolina,Friday,1,No
South Carolina,Friday,1,No
South Carolina,Saturday,1,Yes
South Carolina,Sunday,1,Yes
South Carolina,Sunday,1,No
South Carolina,Sunday,1,Yes
South Carolina,Monday,2,No
South Carolina,Monday,1,No
South Carolina,Monday,1,No
South Carolina,Tuesday,2,Yes
South Carolina,Tuesday,1,No
South Carolina,Wednesday,1,No
South Carolina,Friday,1,No
South Carolina,Friday,1,No
South Carolina,Saturday,1,Yes
South Carolina,Saturday,1,Yes
South Carolina,Saturday,1,No
South Carolina,Saturday,1,No
South Carolina,Saturday,1,Yes
South Carolina,Sunday,1,Yes
South Carolina,Sunday,1,No
South Carolina,Sunday,1,No
South Carolina,Sunday,1,Yes
South Carolina,Monday,1,No
South Carolina,Sunday,1,No
South Carolina,Thursday,1,No
South Carolina,Sunday,1,Yes
South Carolina,Sunday,1,Yes
South Carolina,Thursday,1,No
South Carolina,Tuesday,1,No
South Carolina,Wednesday,1,Yes
South Carolina,Wednesday,1,No
South Carolina,Wednesday,2,No
South Carolina,Thursday,1,No
South Carolina,Thursday,1,No
South Carolina,Thursday,1,No
South Carolina,Thursday,1,No
South Carolina,Friday,1,No
South Carolina,Friday,1,No
South Carolina,Friday,1,No
South Carolina,Friday,1,No
South Carolina,Friday,3,Yes
South Carolina,Saturday,1,Yes
South Carolina,Saturday,1,No
South Carolina,Saturday,1,Yes
South Carolina,Saturday,1,No
South Carolina,Saturday,2,Yes
South Carolina,Sunday,1,No
South Carolina,Sunday,1,No
South Carolina,Sunday,1,Yes
South Carolina,Sunday,1,Yes
South Carolina,Sunday,1,No
South Carolina,Sunday,1,No
South Carolina,Monday,1,No
South Carolina,Monday,3,No
South Carolina,Monday,1,No
South Carolina,Tuesday,1,Yes
South Carolina,Tuesday,1,No
South Carolina,Sunday,1,No
South Carolina,Wednesday,2,No
South Carolina,Wednesday,2,No
South Carolina,Wednesday,1,No
South Carolina,Wednesday,1,No
South Carolina,Thursday,1,No
South Carolina,Thursday,1,No
South Carolina,Saturday,1,No
South Carolina,Saturday,1,Yes
South Carolina,Sunday,1,No
South Carolina,Monday,3,No
South Carolina,Monday,2,No
South Carolina,Monday,1,No
South Carolina,Monday,1,No
South Carolina,Tuesday,1,No
South Carolina,Tuesday,1,Yes
South Carolina,Tuesday,1,No
South Carolina,Wednesday,1,No
South Carolina,Thursday,1,Yes
South Carolina,Friday,1,No
South Carolina,Friday,1,No
South Carolina,Saturday,1,No
South Carolina,Saturday,1,No
South Carolina,Saturday,1,Yes
South Carolina,Saturday,1,No
South Carolina,Saturday,1,No
South Carolina,Saturday,2,Yes
South Carolina,Sunday,1,No
South Carolina,Sunday,2,No
South Carolina,Sunday,1,No
South Carolina,Sunday,1,Yes
South Carolina,Monday,1,Yes
South Carolina,Monday,1,No
South Carolina,Tuesday,1,Yes
South Carolina,Tuesday,1,No
South Carolina,Tuesday,1,No
South Carolina,Thursday,1,No
South Carolina,Saturday,1,No
South Carolina,Friday,1,Yes
South Carolina,Wednesday,1,Yes
South Carolina,Wednesday,1,No
South Carolina,Thursday,1,No
South Carolina,Wednesday,1,No
South Carolina,Friday,1,No
South Carolina,Friday,1,Yes
South Carolina,Friday,2,No
South Carolina,Saturday,1,Yes
South Carolina,Saturday,1,No
South Carolina,Sunday,1,No
South Carolina,Monday,1,Yes
South Carolina,Monday,1,No
South Carolina,Tuesday,2,No
South Carolina,Tuesday,1,No
South Carolina,Tuesday,1,No
South Carolina,Wednesday,1,No
South Carolina,Wednesday,1,No
South Carolina,Wednesday,1,No
South Carolina,Wednesday,1,Yes
South Carolina,Thursday,1,No
South Carolina,Friday,1,No
South Carolina,Saturday,1,Yes
South Carolina,Saturday,1,Yes
South Carolina,Saturday,1,Yes
South Carolina,Saturday,1,No
South Carolina,Saturday,1,Yes
South Carolina,Sunday,1,No
South Carolina,Sunday,1,Yes
South Carolina,Sunday,1,No
South Carolina,Sunday,1,No
South Carolina,Monday,1,No
South Carolina,Monday,1,Yes
South Carolina,Tuesday,1,No
South Carolina,Wednesday,1,Yes
South Carolina,Saturday,1,No
South Carolina,Saturday,1,Yes
South Carolina,Saturday,1,No
South Carolina,Saturday,2,Yes
South Carolina,Saturday,1,No
South Carolina,Wednesday,1,Yes
South Carolina,Sunday,1,No
South Carolina,Monday,1,No
South Carolina,Monday,1,No
South Carolina,Tuesday,1,No
South Carolina,Thursday,1,No
South Carolina,Sunday,1,Yes
South Carolina,Tuesday,1,No
South Carolina,Saturday,1,Yes
South Carolina,Saturday,1,Yes
South Carolina,Thursday,1,Yes
South Carolina,Thursday,1,Yes
South Carolina,Thursday,1,No
South Carolina,Thursday,1,No
South Carolina,Friday,1,No
South Carolina,Friday,1,No
South Carolina,Friday,1,No
South Carolina,Saturday,1,No
South Carolina,Saturday,1,No
South Carolina,Saturday,2,No
South Carolina,Saturday,1,No
South Carolina,Saturday,1,No
South Carolina,Sunday,2,Yes
South Carolina,Monday,1,No
South Carolina,Monday,1,Yes
South Carolina,Tuesday,1,No
South Carolina,Tuesday,1,No
South Carolina,Tuesday,1,No
South Carolina,Wednesday,1,No
South Carolina,Wednesday,1,No
South Carolina,Tuesday,1,Yes
South Carolina,Thursday,1,No
South Carolina,Thursday,1,No
South Carolina,Thursday,1,No
South Carolina,Thursday,1,Yes
South Carolina,Thursday,1,Yes
South Carolina,Friday,1,Yes
South Carolina,Friday,1,No
South Carolina,Saturday,1,No
South Carolina,Saturday,1,No
South Carolina,Friday,1,No
South Carolina,Sunday,1,Yes
South Carolina,Saturday,1,No
South Carolina,Saturday,1,No
South Carolina,Saturday,1,Yes
South Carolina,Thursday,1,No
South Carolina,Tuesday,1,No
South Carolina,Monday,1,No
South Carolina,Saturday,1,Yes
South Carolina,Saturday,1,No
South Carolina,Sunday,1,No
South Carolina,Sunday,1,No
South Carolina,Monday,1,No
South Carolina,Saturday,1,No
South Carolina,Tuesday,1,Yes
South Carolina,Friday,1,No
South Carolina,Friday,2,No
South Carolina,Friday,1,Yes
South Carolina,Friday,1,Yes
South Carolina,Saturday,1,No
South Carolina,Saturday,1,No
South Carolina,Saturday,1,No
South Carolina,Saturday,1,No
South Carolina,Saturday,1,No
South Carolina,Thursday,1,No
South Carolina,Saturday,1,No
South Carolina,Wednesday,1,No
South Carolina,Sunday,1,Yes
South Carolina,Tuesday,1,No
South Carolina,Saturday,1,No
South Carolina,Thursday,1,No
South Carolina,Friday,1,No
South Carolina,Sunday,1,No
South Carolina,Monday,1,No
South Carolina,Monday,1,No
South Carolina,Tuesday,1,No
South Carolina,Tuesday,1,No
South Carolina,Wednesday,1,No
South Carolina,Wednesday,1,No
South Carolina,Wednesday,1,No
South Carolina,Friday,1,No
South Carolina,Friday,1,No
South Carolina,Friday,1,No
South Carolina,Sunday,1,Yes
South Carolina,Sunday,1,No
South Carolina,Sunday,1,No
South Carolina,Monday,1,Yes
South Carolina,Monday,1,No
South Carolina,Monday,1,No
South Carolina,Tuesday,1,No
South Carolina,Friday,1,No
South Carolina,Thursday,1,Yes
South Carolina,Friday,1,No
South Carolina,Saturday,1,Yes
South Carolina,Saturday,1,Yes
South Carolina,Sunday,1,Yes
South Carolina,Sunday,1,Yes
South Carolina,Sunday,1,Yes
South Carolina,Tuesday,1,No
South Carolina,Wednesday,2,No
South Carolina,Thursday,1,No
South Carolina,Friday,1,No
South Carolina,Friday,1,No
South Carolina,Friday,1,No
South Carolina,Friday,1,No
South Carolina,Friday,1,No
South Carolina,Saturday,1,No
South Carolina,Saturday,1,No
South Carolina,Saturday,1,Yes
South Carolina,Tuesday,1,No
South Carolina,Tuesday,1,No
South Carolina,Tuesday,1,No
South Carolina,Wednesday,1,No
South Carolina,Sunday,1,No
South Carolina,Wednesday,1,No
South Carolina,Thursday,1,No
South Carolina,Thursday,1,No
South Carolina,Thursday,1,No
South Carolina,Thursday,1,No
South Carolina,Friday,1,No
South Carolina,Friday,1,No
South Carolina,Saturday,1,Yes
South Carolina,Saturday,1,No
South Carolina,Sunday,1,Yes
South Carolina,Sunday,1,No
South Carolina,Tuesday,1,No
South Carolina,Tuesday,1,Yes
South Carolina,Thursday,1,No
South Carolina,Sunday,1,No
South Carolina,Wednesday,1,No
South Carolina,Wednesday,1,Yes
South Carolina,Wednesday,1,No
South Carolina,Thursday,1,No
South Carolina,Wednesday,2,No
South Carolina,Friday,1,No
South Carolina,Friday,1,Yes
South Carolina,Saturday,1,Yes
South Carolina,Saturday,1,No
South Carolina,Saturday,1,No
South Carolina,Saturday,1,Yes
South Carolina,Saturday,1,Yes
South Carolina,Saturday,1,No
South Carolina,Saturday,1,No
South Carolina,Saturday,1,No
South Carolina,Monday,1,No
South Carolina,Thursday,1,No
South Carolina,Monday,1,No
South Carolina,Monday,1,No
South Carolina,Tuesday,1,No
South Carolina,Friday,1,Yes
South Carolina,Saturday,2,No
South Carolina,Sunday,1,No
South Carolina,Sunday,1,No
South Carolina,Sunday,1,Yes
South Carolina,Monday,1,No
South Carolina,Monday,1,No
South Carolina,Monday,1,No
South Carolina,Monday,1,No
South Carolina,Monday,2,No
South Carolina,Monday,1,No
South Carolina,Tuesday,1,No
South Carolina,Tuesday,1,Yes
South Carolina,Wednesday,1,No
South Carolina,Wednesday,1,No
South Carolina,Thursday,1,No
South Carolina,Thursday,1,No
South Carolina,Thursday,1,No
South Carolina,Thursday,1,No
South Carolina,Friday,1,No
South Carolina,Friday,1,Yes
South Carolina,Friday,1,No
South Carolina,Friday,1,Yes
South Carolina,Saturday,1,No
South Carolina,Saturday,1,No
South Carolina,Saturday,1,Yes
South Carolina,Sunday,1,No
South Carolina,Saturday,1,Yes
South Carolina,Sunday,1,Yes
South Carolina,Sunday,1,No
South Carolina,Saturday,1,No
South Carolina,Sunday,1,Yes
South Carolina,Monday,1,Yes
South Carolina,Monday,1,No
South Carolina,Monday,1,No
South Carolina,Tuesday,1,No
South Carolina,Tuesday,1,No
South Carolina,Friday,1,No
South Carolina,Tuesday,1,No
South Carolina,Wednesday,1,No
South Carolina,Thursday,1,No
South Carolina,Friday,1,No
South Carolina,Saturday,1,Yes
South Carolina,Saturday,2,No
South Carolina,Saturday,1,Yes
South Carolina,Monday,1,No
South Carolina,Monday,1,No
South Carolina,Monday,1,No
South Carolina,Tuesday,1,Yes
South Carolina,Tuesday,1,No
South Carolina,Tuesday,1,No
South Carolina,Wednesday,1,No
South Carolina,Wednesday,1,No
South Carolina,Thursday,1,No
South Carolina,Thursday,1,No
South Carolina,Friday,1,No
South Carolina,Sunday,1,No
South Carolina,Saturday,1,No
South Carolina,Friday,1,No
South Carolina,Friday,1,No
South Carolina,Saturday,1,No
South Carolina,Saturday,1,Yes
South Carolina,Saturday,1,No
South Carolina,Saturday,1,No
South Carolina,Saturday,1,Yes
South Carolina,Sunday,1,No
South Carolina,Sunday,2,Yes
South Carolina,Sunday,1,Yes
South Carolina,Monday,1,No
South Carolina,Monday,1,Yes
South Carolina,Monday,1,No
South Carolina,Tuesday,1,No
South Carolina,Sunday,1,No
South Carolina,Tuesday,1,No
South Carolina,Tuesday,1,No
South Carolina,Wednesday,1,No
South Carolina,Wednesday,1,Yes
South Carolina,Thursday,1,No
South Carolina,Monday,1,No
South Carolina,Saturday,1,No
South Carolina,Saturday,1,No
South Carolina,Saturday,1,No
South Carolina,Saturday,1,No
South Carolina,Sunday,1,Yes
South Carolina,Sunday,2,Yes
South Carolina,Monday,1,No
South Carolina,Monday,1,Yes
South Carolina,Monday,1,No
South Carolina,Monday,1,No
South Carolina,Tuesday,1,No
South Carolina,Wednesday,1,No
South Carolina,Wednesday,1,No
South Carolina,Wednesday,1,No
South Carolina,Thursday,1,No
South Carolina,Friday,1,Yes
South Carolina,Saturday,2,No
South Carolina,Saturday,1,Yes
South Carolina,Sunday,1,No
South Carolina,Sunday,1,No
South Carolina,Sunday,1,Yes
South Carolina,Sunday,1,No
South Carolina,Sunday,1,No
South Carolina,Monday,1,No
South Carolina,Tuesday,1,Yes
South Carolina,Tuesday,1,No
South Carolina,Tuesday,1,No
South Carolina,Tuesday,1,No
South Carolina,Tuesday,1,No
South Carolina,Thursday,1,No
South Carolina,Thursday,1,Yes
South Carolina,Friday,1,Yes
South Carolina,Friday,1,Yes
South Carolina,Friday,1,No
South Carolina,Friday,1,No
South Carolina,Friday,1,No
South Carolina,Sunday,1,No
South Carolina,Sunday,1,No
South Carolina,Sunday,1,No
South Carolina,Sunday,1,No
South Carolina,Sunday,1,No
South Carolina,Sunday,1,No
South Carolina,Tuesday,1,No
South Carolina,Wednesday,1,Yes
South Carolina,Wednesday,1,No
South Carolina,Thursday,1,Yes
South Carolina,Thursday,2,No
South Carolina,Thursday,2,Yes
South Carolina,Thursday,1,No
South Carolina,Friday,1,No
South Carolina,Saturday,1,No
South Carolina,Monday,1,No
South Carolina,Wednesday,1,Yes
South Carolina,Thursday,1,No
South Carolina,Friday,1,No
South Carolina,Saturday,1,No
South Carolina,Tuesday,1,No
South Carolina,Saturday,1,No
South Carolina,Saturday,1,No
South Carolina,Saturday,1,Yes
South Carolina,Saturday,1,No
South Carolina,Tuesday,1,No
South Carolina,Tuesday,1,No
South Carolina,Tuesday,1,No
South Carolina,Tuesday,1,No
South Carolina,Tuesday,1,No
South Carolina,Tuesday,1,No
South Carolina,Thursday,1,Yes
South Carolina,Thursday,1,No
South Carolina,Thursday,1,No
South Carolina,Friday,1,No
South Carolina,Friday,1,No
South Carolina,Friday,1,Yes
South Carolina,Friday,1,No
South Carolina,Saturday,1,Yes
South Carolina,Friday,1,Yes
South Carolina,Saturday,1,No
South Carolina,Saturday,1,No
South Carolina,Saturday,1,Yes
South Carolina,Tuesday,1,No
South Carolina,Friday,1,No
South Carolina,Saturday,1,No
South Carolina,Friday,1,Yes
South Carolina,Saturday,2,No
South Carolina,Monday,1,Yes
South Carolina,Monday,1,No
South Carolina,Monday,1,No
South Carolina,Monday,1,No
South Carolina,Monday,1,Yes
South Carolina,Tuesday,1,No
South Carolina,Tuesday,1,Yes
South Carolina,Wednesday,1,No
South Carolina,Wednesday,1,Yes
South Carolina,Wednesday,1,No
South Carolina,Thursday,1,No
South Carolina,Wednesday,1,Yes
South Carolina,Thursday,1,No
South Carolina,Thursday,1,No
South Carolina,Thursday,1,Yes
South Carolina,Thursday,1,No
South Carolina,Thursday,1,No
South Carolina,Thursday,1,Yes
South Carolina,Friday,1,No
South Carolina,Friday,1,No
South Carolina,Saturday,1,No
South Carolina,Saturday,1,Yes
South Carolina,Saturday,1,Yes
South Carolina,Sunday,1,Yes
South Carolina,Sunday,1,No
South Carolina,Sunday,1,No
South Carolina,Sunday,1,No
South Carolina,Sunday,1,No
South Carolina,Tuesday,1,No
South Carolina,Wednesday,1,No
South Carolina,Wednesday,1,No
South Carolina,Wednesday,2,No
South Carolina,Wednesday,1,No
South Carolina,Thursday,1,Yes
South Carolina,Thursday,1,No
South Carolina,Friday,1,No
South Carolina,Friday,1,No
South Carolina,Friday,1,No
South Carolina,Friday,1,No
South Carolina,Saturday,2,No
South Carolina,Saturday,1,Yes
South Carolina,Saturday,1,No
South Carolina,Saturday,1,Yes
South Carolina,Saturday,1,No
South Carolina,Sunday,1,Yes
South Carolina,Sunday,1,No
South Carolina,Monday,1,No
South Carolina,Monday,1,No
South Carolina,Monday,1,Yes
South Carolina,Monday,1,No
South Carolina,Monday,2,No
South Carolina,Monday,1,No
South Carolina,Tuesday,1,No
South Carolina,Wednesday,1,Yes
South Carolina,Wednesday,1,No
South Carolina,Friday,1,No
South Carolina,Friday,1,No
South Carolina,Friday,1,Yes
South Carolina,Friday,1,No
South Carolina,Saturday,1,Yes
South Carolina,Saturday,1,No
South Carolina,Saturday,1,No
South Carolina,Sunday,1,Yes
South Carolina,Sunday,1,No
South Carolina,Monday,1,No
South Carolina,Monday,1,No
South Carolina,Monday,1,Yes
South Carolina,Monday,1,No
South Carolina,Monday,1,No
South Carolina,Tuesday,1,No
South Carolina,Wednesday,1,No
South Carolina,Thursday,1,Yes
South Carolina,Thursday,1,No
South Carolina,Thursday,1,No
South Carolina,Thursday,2,No
South Carolina,Thursday,1,No
South Carolina,Thursday,2,No
South Carolina,Thursday,1,No
South Carolina,Friday,2,Yes
South Carolina,Friday,1,No
South Carolina,Friday,1,Yes
South Carolina,Friday,1,No
South Carolina,Friday,1,No
South Carolina,Saturday,1,Yes
South Carolina,Sunday,1,No
South Carolina,Monday,1,No
South Carolina,Monday,1,Yes
South Carolina,Monday,1,No
South Carolina,Tuesday,1,No
South Carolina,Tuesday,1,No
South Carolina,Tuesday,1,No
South Carolina,Tuesday,1,No
South Carolina,Wednesday,1,No
South Carolina,Wednesday,1,No
South Carolina,Tuesday,2,Yes
South Carolina,Thursday,1,No
South Carolina,Saturday,1,Yes
South Carolina,Friday,1,Yes
South Carolina,Saturday,1,Yes
South Carolina,Sunday,1,No
South Carolina,Sunday,1,No
South Carolina,Monday,1,No
South Carolina,Tuesday,1,No
South Carolina,Tuesday,1,No
South Carolina,Tuesday,1,Yes
South Carolina,Tuesday,1,No
South Carolina,Wednesday,1,Yes
South Carolina,Thursday,1,Yes
South Carolina,Sunday,1,No
South Carolina,Sunday,1,No
South Carolina,Monday,1,No
South Carolina,Tuesday,1,No
South Carolina,Saturday,1,No
South Carolina,Wednesday,1,No
South Carolina,Sunday,1,No
South Carolina,Friday,1,No
South Carolina,Tuesday,1,Yes
South Carolina,Tuesday,1,No
South Carolina,Thursday,1,No
South Carolina,Friday,1,Yes
South Carolina,Wednesday,1,No
South Carolina,Tuesday,1,No
South Carolina,Tuesday,1,No
South Carolina,Tuesday,1,No
South Carolina,Wednesday,2,No
South Carolina,Wednesday,1,No
South Carolina,Wednesday,1,No
South Carolina,Wednesday,1,No
South Carolina,Wednesday,1,No
South Carolina,Thursday,2,Yes
South Carolina,Thursday,1,No
South Carolina,Thursday,1,No
South Carolina,Thursday,1,No
South Carolina,Friday,1,No
South Carolina,Thursday,1,No
South Carolina,Tuesday,1,No
South Carolina,Wednesday,1,No
South Carolina,Friday,1,No
South Carolina,Saturday,1,Yes
South Carolina,Saturday,1,No
South Carolina,Saturday,1,Yes
South Carolina,Monday,1,No
South Carolina,Saturday,1,No
South Carolina,Thursday,1,No
South Carolina,Monday,1,Yes
South Carolina,Saturday,1,No
South Carolina,Sunday,1,No
South Carolina,Sunday,1,Yes
South Carolina,Monday,1,No
South Carolina,Monday,1,No
South Carolina,Tuesday,1,No
South Carolina,Tuesday,2,No
South Carolina,Tuesday,1,No
South Carolina,Tuesday,1,No
South Carolina,Tuesday,1,No
South Carolina,Thursday,1,No
South Carolina,Thursday,1,No
South Carolina,Friday,1,No
South Carolina,Friday,1,No
South Carolina,Saturday,1,No
South Carolina,Friday,1,Yes
South Carolina,Saturday,1,Yes
South Carolina,Saturday,1,Yes
South Carolina,Saturday,1,No
South Carolina,Sunday,1,Yes
South Carolina,Sunday,1,No
South Carolina,Sunday,1,No
South Carolina,Tuesday,1,No
South Carolina,Tuesday,1,No
South Carolina,Wednesday,1,No
South Carolina,Wednesday,1,No
South Carolina,Tuesday,1,No
South Carolina,Wednesday,1,No
South Carolina,Thursday,1,No
South Carolina,Friday,1,No
South Carolina,Friday,1,No
South Carolina,Friday,1,No
South Carolina,Tuesday,1,Yes
South Carolina,Saturday,1,No
South Carolina,Saturday,1,No
South Carolina,Sunday,1,No
South Carolina,Sunday,1,No
South Carolina,Sunday,1,Yes
South Carolina,Sunday,1,No
South Carolina,Tuesday,1,No
South Carolina,Tuesday,1,No
South Carolina,Wednesday,1,No
South Carolina,Wednesday,1,No
South Carolina,Saturday,1,No
South Carolina,Thursday,1,Yes
South Carolina,Thursday,1,Yes
South Carolina,Friday,1,No
South Carolina,Friday,4,Yes
South Carolina,Friday,1,Yes
South Carolina,Friday,1,No
South Carolina,Saturday,1,No
South Carolina,Saturday,1,No
South Carolina,Saturday,1,No
South Carolina,Saturday,1,No
South Carolina,Saturday,1,Yes
South Carolina,Saturday,1,No
South Carolina,Sunday,1,Yes
South Carolina,Tuesday,1,No
South Carolina,Friday,1,No
South Carolina,Sunday,1,No
South Carolina,Tuesday,1,No
South Carolina,Tuesday,1,Yes
South Carolina,Thursday,1,No
South Carolina,Wednesday,1,No
South Carolina,Thursday,1,No
South Carolina,Friday,1,No
South Carolina,Thursday,1,No
South Carolina,Tuesday,1,No
South Carolina,Tuesday,1,Yes
South Carolina,Tuesday,1,No
South Carolina,Wednesday,1,No
South Carolina,Thursday,1,No
South Carolina,Sunday,1,No
South Carolina,Saturday,1,No
South Carolina,Thursday,1,No
South Carolina,Wednesday,1,No
South Carolina,Wednesday,1,Yes
South Carolina,Thursday,1,Yes
South Carolina,Friday,1,No
South Carolina,Friday,1,No
South Carolina,Saturday,1,Yes
South Carolina,Saturday,1,Yes
South Carolina,Monday,1,No
South Carolina,Wednesday,1,No
South Carolina,Thursday,1,Yes
South Carolina,Tuesday,1,No
South Carolina,Sunday,1,No
South Carolina,Tuesday,1,Yes
South Carolina,Monday,2,No
South Carolina,Sunday,1,Yes
South Carolina,Tuesday,1,No
South Carolina,Tuesday,1,No
South Carolina,Wednesday,1,No
South Carolina,Thursday,1,No
South Carolina,Thursday,1,No
South Carolina,Saturday,1,No
South Carolina,Saturday,1,Yes
South Carolina,Sunday,1,No
South Carolina,Sunday,1,No
South Carolina,Sunday,1,Yes
South Carolina,Tuesday,1,No
South Carolina,Tuesday,1,Yes
South Carolina,Tuesday,1,No
South Carolina,Tuesday,1,No
South Carolina,Thursday,1,No
South Carolina,Thursday,1,No
South Carolina,Thursday,1,Yes
South Carolina,Thursday,1,No
South Carolina,Friday,1,No
South Carolina,Friday,1,No
South Carolina,Friday,1,No
South Carolina,Saturday,1,Yes
South Carolina,Friday,1,No
South Carolina,Sunday,1,Yes
South Carolina,Monday,1,No
South Carolina,Monday,1,No
South Carolina,Sunday,1,No
South Carolina,Monday,1,Yes
South Carolina,Tuesday,1,No
South Carolina,Saturday,2,Yes
South Carolina,Thursday,1,Yes
South Carolina,Thursday,1,Yes
South Carolina,Thursday,1,No
South Carolina,Monday,1,No
South Carolina,Monday,2,No
South Carolina,Tuesday,2,Yes
South Carolina,Monday,1,No
South Dakota,Saturday,1,No
South Dakota,Saturday,1,No
South Dakota,Saturday,1,Yes
South Dakota,Friday,1,No
South Dakota,Friday,2,No
South Dakota,Wednesday,1,No
South Dakota,Saturday,3,Yes
South Dakota,Monday,1,Yes
South Dakota,Saturday,1,Yes
South Dakota,Thursday,1,No
South Dakota,Friday,1,No
South Dakota,Thursday,1,No
South Dakota,Saturday,3,No
South Dakota,Wednesday,1,No
South Dakota,Monday,1,No
South Dakota,Friday,1,No
South Dakota,Saturday,1,Yes
South Dakota,Sunday,1,Yes
South Dakota,Thursday,1,Yes
South Dakota,Thursday,1,No
South Dakota,Sunday,1,No
South Dakota,Saturday,1,Yes
South Dakota,Tuesday,2,Yes
South Dakota,Sunday,1,Yes
South Dakota,Sunday,1,Yes
South Dakota,Monday,1,No
South Dakota,Thursday,1,No
South Dakota,Sunday,1,No
South Dakota,Sunday,1,Yes
South Dakota,Monday,1,No
South Dakota,Sunday,1,No
South Dakota,Saturday,1,Yes
South Dakota,Monday,1,No
South Dakota,Thursday,2,No
South Dakota,Tuesday,2,No
South Dakota,Sunday,1,Yes
South Dakota,Monday,1,No
South Dakota,Tuesday,1,Yes
South Dakota,Tuesday,1,No
South Dakota,Saturday,1,Yes
South Dakota,Tuesday,1,Yes
South Dakota,Saturday,1,No
South Dakota,Monday,3,No
South Dakota,Wednesday,1,No
South Dakota,Saturday,1,No
South Dakota,Wednesday,5,Yes
South Dakota,Saturday,1,Yes
South Dakota,Wednesday,1,No
South Dakota,Thursday,1,No
South Dakota,Monday,2,Yes
South Dakota,Monday,1,Yes
South Dakota,Saturday,1,Yes
South Dakota,Sunday,1,Yes
South Dakota,Saturday,1,No
South Dakota,Tuesday,1,No
South Dakota,Monday,1,Yes
South Dakota,Saturday,1,No
South Dakota,Saturday,1,No
South Dakota,Saturday,1,Yes
South Dakota,Tuesday,1,Yes
South Dakota,Wednesday,1,Yes
South Dakota,Wednesday,1,Yes
South Dakota,Monday,1,No
South Dakota,Saturday,1,Yes
South Dakota,Friday,1,No
South Dakota,Saturday,1,No
South Dakota,Saturday,1,No
South Dakota,Saturday,1,No
South Dakota,Tuesday,1,No
South Dakota,Sunday,1,No
South Dakota,Saturday,1,No
South Dakota,Friday,1,No
South Dakota,Friday,1,No
South Dakota,Friday,2,No
South Dakota,Monday,1,No
South Dakota,Tuesday,1,No
South Dakota,Wednesday,1,No
South Dakota,Tuesday,1,Yes
South Dakota,Friday,1,No
South Dakota,Monday,1,Yes
South Dakota,Friday,1,No
South Dakota,Saturday,1,No
South Dakota,Sunday,1,No
South Dakota,Monday,1,Yes
South Dakota,Monday,1,No
South Dakota,Tuesday,1,No
South Dakota,Thursday,1,No
South Dakota,Sunday,2,No
South Dakota,Thursday,2,Yes
South Dakota,Friday,1,No
South Dakota,Wednesday,1,Yes
South Dakota,Wednesday,1,Yes
South Dakota,Saturday,1,No
South Dakota,Sunday,1,Yes
South Dakota,Sunday,1,Yes
South Dakota,Wednesday,1,No
South Dakota,Wednesday,1,No
South Dakota,Friday,1,No
South Dakota,Sunday,1,No
South Dakota,Monday,1,No
South Dakota,Tuesday,2,No
South Dakota,Wednesday,1,No
South Dakota,Monday,1,Yes
South Dakota,Tuesday,1,Yes
South Dakota,Saturday,1,No
South Dakota,Sunday,1,No
South Dakota,Monday,1,No
South Dakota,Saturday,1,No
South Dakota,Thursday,2,No
South Dakota,Sunday,1,No
Tennessee,Monday,1,No
Tennessee,Monday,1,Yes
Tennessee,Tuesday,1,No
Tennessee,Thursday,1,No
Tennessee,Monday,1,No
Tennessee,Monday,1,No
Tennessee,Wednesday,1,No
Tennessee,Wednesday,1,No
Tennessee,Friday,1,No
Tennessee,Saturday,2,No
Tennessee,Saturday,2,Yes
Tennessee,Thursday,1,No
Tennessee,Thursday,1,No
Tennessee,Saturday,1,No
Tennessee,Sunday,1,Yes
Tennessee,Monday,1,No
Tennessee,Monday,1,No
Tennessee,Saturday,1,No
Tennessee,Friday,2,No
Tennessee,Monday,1,No
Tennessee,Friday,1,No
Tennessee,Wednesday,1,No
Tennessee,Tuesday,1,No
Tennessee,Saturday,1,No
Tennessee,Thursday,1,Yes
Tennessee,Monday,1,No
Tennessee,Wednesday,1,Yes
Tennessee,Tuesday,1,No
Tennessee,Thursday,1,No
Tennessee,Sunday,1,No
Tennessee,Wednesday,1,No
Tennessee,Friday,1,No
Tennessee,Saturday,1,No
Tennessee,Sunday,1,No
Tennessee,Wednesday,1,No
Tennessee,Thursday,1,No
Tennessee,Saturday,1,No
Tennessee,Sunday,1,No
Tennessee,Monday,1,No
Tennessee,Sunday,1,Yes
Tennessee,Monday,1,No
Tennessee,Friday,1,Yes
Tennessee,Tuesday,1,No
Tennessee,Thursday,1,No
Tennessee,Monday,1,No
Tennessee,Friday,1,No
Tennessee,Friday,1,No
Tennessee,Tuesday,1,No
Tennessee,Friday,3,No
Tennessee,Saturday,1,Yes
Tennessee,Friday,1,No
Tennessee,Tuesday,1,No
Tennessee,Thursday,1,No
Tennessee,Friday,1,No
Tennessee,Sunday,1,Yes
Tennessee,Thursday,1,No
Tennessee,Wednesday,1,No
Tennessee,Wednesday,1,No
Tennessee,Thursday,1,Yes
Tennessee,Thursday,1,No
Tennessee,Friday,1,No
Tennessee,Friday,1,Yes
Tennessee,Friday,1,No
Tennessee,Thursday,1,Yes
Tennessee,Sunday,1,No
Tennessee,Sunday,1,No
Tennessee,Thursday,1,No
Tennessee,Wednesday,1,No
Tennessee,Saturday,1,No
Tennessee,Thursday,1,No
Tennessee,Thursday,1,No
Tennessee,Friday,1,No
Tennessee,Saturday,1,No
Tennessee,Sunday,1,No
Tennessee,Thursday,1,No
Tennessee,Monday,1,No
Tennessee,Tuesday,3,No
Tennessee,Wednesday,1,No
Tennessee,Saturday,1,No
Tennessee,Friday,1,No
Tennessee,Friday,1,No
Tennessee,Friday,1,No
Tennessee,Monday,1,No
Tennessee,Monday,1,Yes
Tennessee,Wednesday,1,Yes
Tennessee,Thursday,1,No
Tennessee,Saturday,1,No
Tennessee,Sunday,1,Yes
Tennessee,Sunday,1,Yes
Tennessee,Sunday,1,No
Tennessee,Monday,1,No
Tennessee,Monday,1,No
Tennessee,Thursday,1,No
Tennessee,Tuesday,1,No
Tennessee,Friday,1,No
Tennessee,Monday,1,No
Tennessee,Wednesday,1,No
Tennessee,Friday,1,No
Tennessee,Saturday,1,No
Tennessee,Saturday,1,No
Tennessee,Monday,1,Yes
Tennessee,Sunday,1,No
Tennessee,Saturday,1,Yes
Tennessee,Monday,1,No
Tennessee,Thursday,1,No
Tennessee,Saturday,1,No
Tennessee,Sunday,1,No
Tennessee,Wednesday,1,No
Tennessee,Thursday,1,No
Tennessee,Sunday,1,No
Tennessee,Wednesday,1,No
Tennessee,Tuesday,1,No
Tennessee,Thursday,1,Yes
Tennessee,Saturday,1,Yes
Tennessee,Monday,1,Yes
Tennessee,Friday,1,No
Tennessee,Saturday,1,Yes
Tennessee,Sunday,1,Yes
Tennessee,Thursday,2,No
Tennessee,Wednesday,1,No
Tennessee,Thursday,1,No
Tennessee,Saturday,1,Yes
Tennessee,Friday,1,No
Tennessee,Monday,1,No
Tennessee,Wednesday,1,No
Tennessee,Saturday,1,No
Tennessee,Wednesday,1,No
Tennessee,Saturday,1,No
Tennessee,Monday,1,No
Tennessee,Wednesday,1,No
Tennessee,Friday,1,No
Tennessee,Sunday,1,No
Tennessee,Sunday,1,Yes
Tennessee,Wednesday,1,No
Tennessee,Wednesday,1,No
Tennessee,Monday,1,No
Tennessee,Sunday,1,No
Tennessee,Sunday,1,No
Tennessee,Sunday,1,No
Tennessee,Sunday,1,No
Tennessee,Monday,1,Yes
Tennessee,Friday,2,No
Tennessee,Thursday,1,Yes
Tennessee,Friday,1,No
Tennessee,Friday,1,No
Tennessee,Thursday,1,No
Tennessee,Monday,1,No
Tennessee,Saturday,3,No
Tennessee,Wednesday,1,No
Tennessee,Wednesday,1,Yes
Tennessee,Saturday,1,No
Tennessee,Saturday,1,No
Tennessee,Sunday,3,Yes
Tennessee,Sunday,1,No
Tennessee,Monday,2,No
Tennessee,Monday,1,No
Tennessee,Saturday,1,No
Tennessee,Sunday,1,Yes
Tennessee,Sunday,1,No
Tennessee,Wednesday,1,No
Tennessee,Monday,1,No
Tennessee,Sunday,1,Yes
Tennessee,Wednesday,1,No
Tennessee,Tuesday,1,No
Tennessee,Saturday,1,No
Tennessee,Monday,1,No
Tennessee,Saturday,1,Yes
Tennessee,Sunday,1,No
Tennessee,Sunday,2,No
Tennessee,Tuesday,1,No
Tennessee,Thursday,1,No
Tennessee,Saturday,3,No
Tennessee,Saturday,1,No
Tennessee,Saturday,1,No
Tennessee,Monday,1,No
Tennessee,Friday,1,No
Tennessee,Friday,1,Yes
Tennessee,Thursday,1,No
Tennessee,Wednesday,1,No
Tennessee,Tuesday,1,No
Tennessee,Sunday,1,No
Tennessee,Sunday,1,No
Tennessee,Sunday,1,Yes
Tennessee,Wednesday,1,No
Tennessee,Saturday,1,Yes
Tennessee,Sunday,1,No
Tennessee,Sunday,1,Yes
Tennessee,Friday,1,No
Tennessee,Thursday,2,Yes
Tennessee,Saturday,1,No
Tennessee,Sunday,1,Yes
Tennessee,Saturday,1,No
Tennessee,Thursday,1,No
Tennessee,Wednesday,1,No
Tennessee,Monday,1,No
Tennessee,Saturday,1,Yes
Tennessee,Saturday,1,No
Tennessee,Thursday,1,Yes
Tennessee,Tuesday,1,No
Tennessee,Friday,1,Yes
Tennessee,Saturday,1,No
Tennessee,Sunday,1,Yes
Tennessee,Thursday,1,Yes
Tennessee,Tuesday,1,No
Tennessee,Tuesday,1,No
Tennessee,Thursday,1,No
Tennessee,Saturday,2,No
Tennessee,Tuesday,1,No
Tennessee,Friday,1,No
Tennessee,Saturday,1,Yes
Tennessee,Sunday,2,No
Tennessee,Tuesday,1,No
Tennessee,Tuesday,1,No
Tennessee,Saturday,1,No
Tennessee,Tuesday,1,No
Tennessee,Monday,1,No
Tennessee,Wednesday,1,No
Tennessee,Saturday,1,Yes
Tennessee,Tuesday,1,No
Tennessee,Thursday,1,No
Tennessee,Monday,1,No
Tennessee,Friday,1,No
Tennessee,Friday,1,No
Tennessee,Sunday,1,Yes
Tennessee,Thursday,1,No
Tennessee,Wednesday,1,No
Tennessee,Monday,1,No
Tennessee,Tuesday,1,No
Tennessee,Monday,1,No
Tennessee,Monday,1,Yes
Tennessee,Tuesday,1,Yes
Tennessee,Thursday,1,No
Tennessee,Sunday,1,No
Tennessee,Monday,1,Yes
Tennessee,Monday,1,No
Tennessee,Saturday,1,Yes
Tennessee,Thursday,1,No
Tennessee,Wednesday,1,No
Tennessee,Monday,1,No
Tennessee,Monday,1,No
Tennessee,Friday,1,No
Tennessee,Saturday,1,Yes
Tennessee,Friday,2,No
Tennessee,Saturday,2,No
Tennessee,Wednesday,1,No
Tennessee,Monday,1,Yes
Tennessee,Saturday,1,Yes
Tennessee,Saturday,2,No
Tennessee,Wednesday,1,No
Tennessee,Friday,1,No
Tennessee,Saturday,1,No
Tennessee,Saturday,1,No
Tennessee,Saturday,1,No
Tennessee,Monday,1,No
Tennessee,Wednesday,1,No
Tennessee,Monday,1,No
Tennessee,Sunday,1,Yes
Tennessee,Sunday,1,No
Tennessee,Sunday,1,No
Tennessee,Sunday,1,No
Tennessee,Friday,1,No
Tennessee,Wednesday,1,No
Tennessee,Tuesday,1,No
Tennessee,Tuesday,1,No
Tennessee,Monday,1,No
Tennessee,Saturday,1,No
Tennessee,Wednesday,1,No
Tennessee,Thursday,1,No
Tennessee,Wednesday,1,No
Tennessee,Thursday,1,No
Tennessee,Thursday,1,No
Tennessee,Sunday,1,Yes
Tennessee,Thursday,1,No
Tennessee,Thursday,1,No
Tennessee,Saturday,1,No
Tennessee,Saturday,1,No
Tennessee,Saturday,1,No
Tennessee,Sunday,1,No
Tennessee,Wednesday,1,No
Tennessee,Sunday,1,No
Tennessee,Sunday,1,Yes
Tennessee,Monday,1,No
Tennessee,Monday,1,Yes
Tennessee,Monday,1,No
Tennessee,Thursday,1,No
Tennessee,Sunday,1,Yes
Tennessee,Monday,1,No
Tennessee,Sunday,1,No
Tennessee,Friday,1,No
Tennessee,Tuesday,1,No
Tennessee,Thursday,1,No
Tennessee,Wednesday,1,Yes
Tennessee,Sunday,1,No
Tennessee,Sunday,1,Yes
Tennessee,Tuesday,1,No
Tennessee,Friday,1,No
Tennessee,Sunday,1,Yes
Tennessee,Friday,1,No
Tennessee,Monday,1,Yes
Tennessee,Wednesday,1,No
Tennessee,Friday,1,No
Tennessee,Thursday,1,No
Tennessee,Thursday,1,No
Tennessee,Saturday,1,No
Tennessee,Thursday,1,No
Tennessee,Sunday,1,No
Tennessee,Monday,2,No
Tennessee,Thursday,1,No
Tennessee,Saturday,1,No
Tennessee,Saturday,1,No
Tennessee,Saturday,1,Yes
Tennessee,Saturday,1,No
Tennessee,Saturday,1,No
Tennessee,Thursday,1,No
Tennessee,Tuesday,1,Yes
Tennessee,Tuesday,1,No
Tennessee,Tuesday,1,No
Tennessee,Saturday,1,No
Tennessee,Wednesday,1,No
Tennessee,Saturday,1,Yes
Tennessee,Friday,1,No
Tennessee,Friday,1,No
Tennessee,Thursday,1,No
Tennessee,Sunday,1,Yes
Tennessee,Thursday,1,No
Tennessee,Thursday,1,No
Tennessee,Wednesday,1,No
Tennessee,Wednesday,1,No
Tennessee,Tuesday,1,No
Tennessee,Tuesday,1,No
Tennessee,Tuesday,1,No
Tennessee,Wednesday,1,No
Tennessee,Wednesday,1,No
Tennessee,Friday,1,No
Tennessee,Thursday,1,No
Tennessee,Sunday,1,No
Tennessee,Thursday,1,No
Tennessee,Monday,1,No
Tennessee,Wednesday,1,No
Tennessee,Thursday,1,Yes
Tennessee,Saturday,1,No
Tennessee,Sunday,1,No
Tennessee,Friday,1,No
Tennessee,Friday,1,Yes
Tennessee,Saturday,1,No
Tennessee,Sunday,1,Yes
Tennessee,Wednesday,1,No
Tennessee,Tuesday,1,No
Tennessee,Saturday,1,No
Tennessee,Thursday,1,No
Tennessee,Saturday,1,No
Tennessee,Wednesday,1,No
Tennessee,Saturday,1,No
Tennessee,Thursday,1,No
Tennessee,Friday,1,No
Tennessee,Monday,1,No
Tennessee,Saturday,2,Yes
Tennessee,Sunday,1,Yes
Tennessee,Sunday,1,Yes
Tennessee,Monday,1,No
Tennessee,Saturday,2,No
Tennessee,Wednesday,1,No
Tennessee,Monday,1,No
Tennessee,Tuesday,1,No
Tennessee,Sunday,1,Yes
Tennessee,Sunday,1,No
Tennessee,Monday,1,No
Tennessee,Wednesday,1,No
Tennessee,Thursday,1,Yes
Tennessee,Saturday,1,No
Tennessee,Saturday,1,Yes
Tennessee,Tuesday,1,No
Tennessee,Wednesday,1,Yes
Tennessee,Thursday,1,No
Tennessee,Sunday,1,No
Tennessee,Friday,1,No
Tennessee,Saturday,1,No
Tennessee,Sunday,1,No
Tennessee,Sunday,1,No
Tennessee,Wednesday,1,No
Tennessee,Thursday,1,No
Tennessee,Thursday,1,Yes
Tennessee,Tuesday,1,No
Tennessee,Wednesday,1,Yes
Tennessee,Thursday,1,Yes
Tennessee,Friday,1,Yes
Tennessee,Friday,1,No
Tennessee,Sunday,2,No
Tennessee,Sunday,1,No
Tennessee,Saturday,1,No
Tennessee,Monday,1,No
Tennessee,Tuesday,1,No
Tennessee,Saturday,1,No
Tennessee,Friday,1,No
Tennessee,Wednesday,1,No
Tennessee,Tuesday,1,No
Tennessee,Tuesday,1,No
Tennessee,Thursday,1,No
Tennessee,Sunday,1,No
Tennessee,Saturday,1,No
Tennessee,Saturday,1,No
Tennessee,Saturday,1,No
Tennessee,Sunday,1,No
Tennessee,Sunday,1,No
Tennessee,Saturday,1,Yes
Tennessee,Monday,1,No
Tennessee,Monday,1,No
Tennessee,Sunday,1,No
Tennessee,Tuesday,1,No
Tennessee,Saturday,3,Yes
Tennessee,Saturday,1,No
Tennessee,Sunday,1,Yes
Tennessee,Friday,1,No
Tennessee,Friday,1,No
Tennessee,Saturday,2,No
Tennessee,Friday,4,No
Tennessee,Saturday,1,Yes
Tennessee,Saturday,1,Yes
Tennessee,Saturday,1,No
Tennessee,Saturday,1,No
Tennessee,Saturday,1,Yes
Tennessee,Wednesday,1,No
Tennessee,Wednesday,1,No
Tennessee,Sunday,1,No
Tennessee,Thursday,1,No
Tennessee,Monday,1,No
Tennessee,Saturday,1,Yes
Tennessee,Monday,1,No
Tennessee,Thursday,1,No
Tennessee,Saturday,1,Yes
Tennessee,Monday,1,No
Tennessee,Saturday,1,No
Tennessee,Thursday,1,No
Tennessee,Sunday,1,No
Tennessee,Sunday,1,No
Tennessee,Tuesday,2,No
Tennessee,Tuesday,1,Yes
Tennessee,Wednesday,1,No
Tennessee,Wednesday,1,Yes
Tennessee,Thursday,1,Yes
Tennessee,Thursday,1,No
Tennessee,Tuesday,1,Yes
Tennessee,Thursday,1,No
Tennessee,Sunday,3,No
Tennessee,Wednesday,1,No
Tennessee,Saturday,1,No
Tennessee,Saturday,1,No
Tennessee,Friday,1,No
Tennessee,Tuesday,1,No
Tennessee,Friday,1,No
Tennessee,Friday,1,No
Tennessee,Thursday,1,No
Tennessee,Saturday,1,No
Tennessee,Friday,1,No
Tennessee,Saturday,1,No
Tennessee,Monday,1,No
Tennessee,Wednesday,1,Yes
Tennessee,Thursday,1,No
Tennessee,Friday,1,No
Tennessee,Friday,1,No
Tennessee,Saturday,1,Yes
Tennessee,Saturday,1,No
Tennessee,Monday,1,No
Tennessee,Monday,1,Yes
Tennessee,Tuesday,1,No
Tennessee,Thursday,1,No
Tennessee,Wednesday,1,No
Tennessee,Friday,1,No
Tennessee,Friday,1,No
Tennessee,Friday,1,Yes
Tennessee,Friday,1,No
Tennessee,Friday,1,Yes
Tennessee,Saturday,1,No
Tennessee,Sunday,1,Yes
Tennessee,Sunday,1,No
Tennessee,Saturday,1,No
Tennessee,Monday,1,No
Tennessee,Tuesday,1,No
Tennessee,Saturday,1,Yes
Tennessee,Sunday,1,No
Tennessee,Thursday,1,No
Tennessee,Monday,1,Yes
Tennessee,Monday,1,No
Tennessee,Monday,1,No
Tennessee,Tuesday,1,No
Tennessee,Monday,1,Yes
Tennessee,Tuesday,1,No
Tennessee,Wednesday,1,No
Tennessee,Wednesday,1,Yes
Tennessee,Friday,1,No
Tennessee,Friday,1,No
Tennessee,Friday,1,Yes
Tennessee,Friday,1,No
Tennessee,Saturday,1,No
Tennessee,Tuesday,1,No
Tennessee,Wednesday,1,No
Tennessee,Saturday,1,No
Tennessee,Saturday,1,Yes
Tennessee,Saturday,1,Yes
Tennessee,Sunday,1,No
Tennessee,Sunday,1,No
Tennessee,Saturday,1,No
Tennessee,Wednesday,1,No
Tennessee,Tuesday,1,No
Tennessee,Thursday,2,No
Tennessee,Monday,1,No
Tennessee,Saturday,1,No
Tennessee,Monday,3,No
Tennessee,Monday,1,No
Tennessee,Saturday,1,No
Tennessee,Saturday,1,No
Tennessee,Thursday,1,No
Tennessee,Saturday,1,No
Tennessee,Tuesday,1,No
Tennessee,Wednesday,1,No
Tennessee,Wednesday,1,No
Tennessee,Friday,1,No
Tennessee,Wednesday,1,Yes
Tennessee,Thursday,1,No
Tennessee,Thursday,1,No
Tennessee,Thursday,1,No
Tennessee,Thursday,1,No
Tennessee,Thursday,1,No
Tennessee,Tuesday,1,No
Tennessee,Saturday,1,Yes
Tennessee,Saturday,1,No
Tennessee,Saturday,1,Yes
Tennessee,Saturday,1,No
Tennessee,Sunday,1,No
Tennessee,Wednesday,1,No
Tennessee,Sunday,1,No
Tennessee,Friday,1,No
Tennessee,Sunday,1,No
Tennessee,Sunday,1,No
Tennessee,Monday,1,Yes
Tennessee,Saturday,1,No
Tennessee,Saturday,1,No
Tennessee,Tuesday,1,Yes
Tennessee,Thursday,1,No
Tennessee,Wednesday,1,Yes
Tennessee,Tuesday,1,No
Tennessee,Monday,1,No
Tennessee,Thursday,1,No
Tennessee,Saturday,1,No
Tennessee,Sunday,1,Yes
Tennessee,Thursday,1,No
Tennessee,Thursday,3,No
Tennessee,Saturday,1,No
Tennessee,Sunday,1,No
Tennessee,Monday,1,No
Tennessee,Friday,2,No
Tennessee,Saturday,1,No
Tennessee,Saturday,1,Yes
Tennessee,Sunday,1,Yes
Tennessee,Sunday,1,Yes
Tennessee,Saturday,1,No
Tennessee,Saturday,2,No
Tennessee,Friday,1,No
Tennessee,Wednesday,1,No
Tennessee,Monday,1,No
Tennessee,Monday,2,No
Tennessee,Tuesday,1,No
Tennessee,Saturday,1,No
Tennessee,Monday,1,No
Tennessee,Tuesday,1,Yes
Tennessee,Saturday,1,No
Tennessee,Wednesday,1,No
Tennessee,Wednesday,1,No
Tennessee,Wednesday,1,No
Tennessee,Monday,1,No
Tennessee,Monday,1,No
Tennessee,Wednesday,1,No
Tennessee,Saturday,1,No
Tennessee,Sunday,1,No
Tennessee,Sunday,1,Yes
Tennessee,Tuesday,1,No
Tennessee,Thursday,1,Yes
Tennessee,Saturday,1,No
Tennessee,Monday,1,No
Tennessee,Thursday,1,No
Tennessee,Tuesday,1,No
Tennessee,Saturday,1,No
Tennessee,Sunday,1,Yes
Tennessee,Monday,1,Yes
Tennessee,Sunday,1,No
Tennessee,Saturday,1,No
Tennessee,Wednesday,1,No
Tennessee,Tuesday,1,No
Tennessee,Friday,1,No
Tennessee,Sunday,1,No
Tennessee,Wednesday,1,No
Tennessee,Wednesday,1,No
Tennessee,Saturday,1,Yes
Tennessee,Sunday,1,No
Tennessee,Tuesday,1,Yes
Tennessee,Wednesday,1,Yes
Tennessee,Sunday,1,Yes
Tennessee,Friday,1,Yes
Tennessee,Monday,1,No
Tennessee,Thursday,1,No
Tennessee,Thursday,1,No
Tennessee,Saturday,1,No
Tennessee,Sunday,1,No
Tennessee,Friday,1,No
Tennessee,Friday,1,No
Tennessee,Friday,1,No
Tennessee,Friday,1,No
Tennessee,Saturday,1,Yes
Tennessee,Friday,1,No
Tennessee,Saturday,1,No
Tennessee,Saturday,1,No
Tennessee,Saturday,1,No
Tennessee,Saturday,1,No
Tennessee,Saturday,1,Yes
Tennessee,Friday,1,No
Tennessee,Sunday,1,No
Tennessee,Sunday,1,No
Tennessee,Monday,1,No
Tennessee,Thursday,1,No
Tennessee,Friday,1,No
Tennessee,Tuesday,1,No
Tennessee,Monday,1,No
Tennessee,Friday,1,No
Tennessee,Friday,1,No
Tennessee,Sunday,1,Yes
Tennessee,Friday,1,No
Tennessee,Wednesday,1,No
Tennessee,Wednesday,1,Yes
Tennessee,Monday,1,No
Tennessee,Wednesday,1,No
Tennessee,Thursday,1,No
Tennessee,Saturday,1,No
Tennessee,Sunday,1,Yes
Tennessee,Tuesday,1,No
Tennessee,Tuesday,1,No
Tennessee,Tuesday,1,Yes
Tennessee,Monday,1,No
Tennessee,Wednesday,1,No
Tennessee,Thursday,1,No
Tennessee,Friday,1,No
Tennessee,Saturday,2,No
Tennessee,Sunday,1,No
Tennessee,Sunday,1,No
Tennessee,Sunday,1,No
Tennessee,Sunday,1,Yes
Tennessee,Saturday,1,Yes
Tennessee,Friday,1,Yes
Tennessee,Saturday,1,No
Tennessee,Monday,1,No
Tennessee,Monday,1,Yes
Tennessee,Wednesday,1,No
Tennessee,Monday,1,No
Tennessee,Wednesday,1,No
Tennessee,Saturday,1,No
Tennessee,Wednesday,1,No
Tennessee,Wednesday,1,No
Tennessee,Thursday,1,No
Tennessee,Sunday,1,No
Tennessee,Monday,2,No
Tennessee,Thursday,1,No
Tennessee,Wednesday,1,Yes
Tennessee,Wednesday,1,No
Tennessee,Thursday,1,No
Tennessee,Monday,1,No
Tennessee,Monday,1,No
Tennessee,Tuesday,1,No
Tennessee,Saturday,1,No
Tennessee,Friday,1,No
Tennessee,Wednesday,1,No
Tennessee,Saturday,1,Yes
Tennessee,Sunday,1,No
Tennessee,Friday,1,Yes
Tennessee,Saturday,1,No
Tennessee,Tuesday,1,No
Tennessee,Wednesday,1,No
Tennessee,Wednesday,1,No
Tennessee,Thursday,1,Yes
Tennessee,Friday,1,No
Tennessee,Monday,1,No
Tennessee,Tuesday,1,Yes
Tennessee,Tuesday,1,Yes
Tennessee,Sunday,1,No
Tennessee,Wednesday,1,No
Tennessee,Saturday,1,No
Tennessee,Sunday,1,No
Tennessee,Monday,1,No
Tennessee,Tuesday,2,Yes
Tennessee,Tuesday,1,No
Tennessee,Saturday,1,Yes
Tennessee,Tuesday,1,No
Tennessee,Wednesday,1,No
Tennessee,Sunday,4,No
Tennessee,Friday,1,No
Tennessee,Saturday,1,No
Tennessee,Saturday,1,Yes
Tennessee,Saturday,1,No
Tennessee,Saturday,1,No
Tennessee,Saturday,1,No
Tennessee,Saturday,1,No
Tennessee,Friday,1,Yes
Tennessee,Monday,1,No
Tennessee,Tuesday,1,No
Tennessee,Friday,1,No
Tennessee,Friday,1,Yes
Tennessee,Saturday,1,Yes
Tennessee,Tuesday,1,No
Tennessee,Tuesday,1,No
Tennessee,Saturday,1,Yes
Tennessee,Monday,1,Yes
Tennessee,Friday,1,No
Tennessee,Sunday,1,No
Tennessee,Friday,1,Yes
Tennessee,Saturday,1,No
Tennessee,Thursday,1,No
Tennessee,Wednesday,1,No
Tennessee,Friday,1,No
Tennessee,Friday,2,No
Tennessee,Saturday,1,Yes
Tennessee,Sunday,1,No
Tennessee,Monday,1,Yes
Tennessee,Friday,1,No
Tennessee,Saturday,1,Yes
Tennessee,Friday,1,No
Tennessee,Tuesday,1,Yes
Tennessee,Monday,1,No
Tennessee,Saturday,1,No
Tennessee,Sunday,1,No
Tennessee,Thursday,1,No
Tennessee,Friday,1,No
Tennessee,Friday,1,Yes
Tennessee,Friday,1,No
Tennessee,Tuesday,1,No
Tennessee,Saturday,1,No
Tennessee,Saturday,1,No
Tennessee,Sunday,1,No
Tennessee,Monday,1,No
Tennessee,Wednesday,1,No
Tennessee,Sunday,1,Yes
Tennessee,Thursday,1,No
Tennessee,Friday,1,Yes
Tennessee,Thursday,1,No
Tennessee,Saturday,1,No
Tennessee,Thursday,1,No
Tennessee,Wednesday,1,No
Tennessee,Saturday,1,No
Tennessee,Saturday,1,No
Tennessee,Saturday,1,No
Tennessee,Friday,1,No
Tennessee,Thursday,1,Yes
Tennessee,Tuesday,1,No
Tennessee,Saturday,1,No
Tennessee,Saturday,1,Yes
Tennessee,Saturday,1,No
Tennessee,Saturday,1,No
Tennessee,Saturday,1,Yes
Tennessee,Monday,1,Yes
Tennessee,Saturday,1,No
Tennessee,Tuesday,1,No
Tennessee,Tuesday,1,No
Tennessee,Sunday,1,Yes
Tennessee,Tuesday,1,No
Tennessee,Monday,1,No
Tennessee,Tuesday,1,No
Tennessee,Monday,1,No
Tennessee,Thursday,1,No
Tennessee,Thursday,1,No
Tennessee,Friday,1,No
Tennessee,Thursday,1,No
Tennessee,Wednesday,1,No
Tennessee,Monday,1,No
Tennessee,Friday,1,No
Tennessee,Friday,1,Yes
Tennessee,Thursday,1,No
Tennessee,Friday,1,No
Tennessee,Sunday,1,No
Tennessee,Wednesday,1,No
Tennessee,Sunday,1,Yes
Tennessee,Monday,1,Yes
Tennessee,Friday,1,No
Tennessee,Thursday,2,Yes
Tennessee,Thursday,1,Yes
Tennessee,Wednesday,1,Yes
Tennessee,Monday,1,No
Tennessee,Saturday,1,Yes
Tennessee,Monday,1,No
Tennessee,Monday,1,No
Tennessee,Tuesday,1,Yes
Tennessee,Thursday,1,No
Tennessee,Monday,3,No
Tennessee,Sunday,1,No
Tennessee,Saturday,1,No
Tennessee,Wednesday,1,Yes
Tennessee,Saturday,1,No
Tennessee,Wednesday,1,No
Tennessee,Sunday,1,No
Tennessee,Wednesday,1,No
Tennessee,Monday,1,No
Tennessee,Monday,1,No
Tennessee,Tuesday,1,No
Tennessee,Sunday,1,No
Tennessee,Thursday,2,No
Tennessee,Tuesday,1,No
Tennessee,Sunday,2,No
Tennessee,Monday,1,No
Tennessee,Sunday,1,No
Tennessee,Saturday,1,No
Tennessee,Thursday,1,No
Tennessee,Monday,1,No
Tennessee,Saturday,1,No
Tennessee,Monday,1,Yes
Tennessee,Thursday,1,No
Tennessee,Wednesday,1,No
Tennessee,Thursday,1,No
Tennessee,Monday,1,No
Tennessee,Tuesday,1,No
Tennessee,Tuesday,1,Yes
Tennessee,Wednesday,2,Yes
Tennessee,Saturday,1,No
Tennessee,Thursday,1,Yes
Tennessee,Sunday,1,No
Tennessee,Wednesday,1,No
Tennessee,Friday,1,Yes
Tennessee,Friday,1,No
Tennessee,Friday,1,No
Tennessee,Sunday,1,No
Tennessee,Tuesday,1,No
Tennessee,Monday,1,No
Tennessee,Sunday,1,Yes
Tennessee,Monday,1,No
Tennessee,Thursday,1,No
Tennessee,Friday,1,No
Tennessee,Friday,1,No
Tennessee,Sunday,1,No
Tennessee,Monday,1,No
Tennessee,Tuesday,1,No
Tennessee,Saturday,2,No
Tennessee,Sunday,1,No
Tennessee,Wednesday,1,No
Tennessee,Friday,2,No
Tennessee,Monday,1,No
Tennessee,Tuesday,1,No
Tennessee,Monday,1,No
Tennessee,Monday,1,Yes
Tennessee,Sunday,1,No
Tennessee,Wednesday,1,No
Tennessee,Monday,1,No
Tennessee,Thursday,1,No
Tennessee,Friday,1,No
Tennessee,Saturday,1,No
Tennessee,Friday,1,No
Tennessee,Saturday,1,No
Tennessee,Monday,1,No
Tennessee,Saturday,1,Yes
Tennessee,Wednesday,1,No
Tennessee,Thursday,1,Yes
Tennessee,Friday,1,No
Tennessee,Monday,1,No
Tennessee,Sunday,1,No
Tennessee,Wednesday,1,No
Tennessee,Friday,1,No
Tennessee,Saturday,1,No
Tennessee,Monday,1,No
Tennessee,Sunday,1,No
Tennessee,Tuesday,1,No
Tennessee,Wednesday,1,No
Tennessee,Saturday,1,No
Tennessee,Sunday,1,No
Tennessee,Friday,1,No
Tennessee,Friday,1,No
Tennessee,Sunday,1,No
Tennessee,Sunday,1,No
Tennessee,Monday,1,No
Tennessee,Tuesday,1,No
Tennessee,Friday,1,No
Tennessee,Sunday,1,No
Tennessee,Tuesday,1,No
Tennessee,Saturday,1,Yes
Tennessee,Wednesday,1,Yes
Tennessee,Saturday,1,No
Tennessee,Sunday,1,No
Tennessee,Tuesday,1,No
Tennessee,Monday,2,Yes
Tennessee,Tuesday,1,Yes
Tennessee,Saturday,1,No
Tennessee,Monday,1,No
Tennessee,Wednesday,1,No
Tennessee,Saturday,1,No
Tennessee,Monday,1,No
Tennessee,Wednesday,1,No
Tennessee,Thursday,1,No
Tennessee,Friday,1,No
Tennessee,Monday,1,No
Tennessee,Thursday,1,No
Tennessee,Monday,1,No
Tennessee,Sunday,1,No
Tennessee,Saturday,1,No
Tennessee,Monday,1,No
Tennessee,Wednesday,1,No
Tennessee,Friday,1,No
Tennessee,Sunday,1,No
Tennessee,Saturday,1,Yes
Tennessee,Saturday,1,Yes
Tennessee,Sunday,1,No
Tennessee,Friday,1,No
Tennessee,Wednesday,3,No
Tennessee,Friday,1,No
Tennessee,Thursday,3,No
Tennessee,Monday,1,No
Tennessee,Thursday,1,No
Tennessee,Wednesday,1,No
Tennessee,Wednesday,1,No
Tennessee,Wednesday,1,No
Tennessee,Sunday,1,No
Tennessee,Tuesday,1,No
Tennessee,Saturday,1,Yes
Tennessee,Friday,1,No
Tennessee,Friday,1,Yes
Tennessee,Sunday,1,No
Tennessee,Thursday,1,No
Tennessee,Sunday,1,No
Tennessee,Friday,1,No
Tennessee,Saturday,1,No
Tennessee,Saturday,1,Yes
Tennessee,Monday,1,No
Tennessee,Saturday,1,Yes
Tennessee,Wednesday,1,Yes
Tennessee,Friday,1,No
Tennessee,Saturday,1,No
Tennessee,Monday,1,No
Tennessee,Friday,1,No
Tennessee,Saturday,1,No
Tennessee,Wednesday,1,No
Tennessee,Saturday,1,No
Tennessee,Saturday,1,Yes
Tennessee,Sunday,2,No
Tennessee,Saturday,1,No
Tennessee,Sunday,1,Yes
Tennessee,Friday,1,No
Tennessee,Monday,1,No
Tennessee,Sunday,1,No
Tennessee,Friday,1,No
Tennessee,Saturday,1,No
Tennessee,Friday,1,Yes
Tennessee,Tuesday,1,No
Tennessee,Monday,1,No
Tennessee,Sunday,1,No
Tennessee,Saturday,1,No
Tennessee,Thursday,2,No
Tennessee,Saturday,1,No
Tennessee,Wednesday,1,No
Tennessee,Saturday,1,No
Tennessee,Saturday,1,No
Tennessee,Thursday,1,Yes
Tennessee,Thursday,1,No
Tennessee,Thursday,1,No
Tennessee,Sunday,1,No
Tennessee,Monday,1,No
Tennessee,Saturday,1,No
Tennessee,Sunday,1,No
Tennessee,Sunday,1,No
Tennessee,Saturday,1,No
Tennessee,Thursday,1,No
Tennessee,Tuesday,2,No
Tennessee,Wednesday,1,No
Tennessee,Saturday,1,Yes
Tennessee,Thursday,1,Yes
Tennessee,Monday,1,No
Tennessee,Thursday,1,No
Tennessee,Wednesday,1,No
Tennessee,Thursday,1,No
Tennessee,Thursday,1,Yes
Tennessee,Saturday,1,Yes
Tennessee,Tuesday,1,No
Tennessee,Friday,1,No
Texas,Monday,2,Yes
Texas,Monday,1,No
Texas,Monday,1,Yes
Texas,Monday,1,Yes
Texas,Monday,1,No
Texas,Monday,2,Yes
Texas,Monday,1,No
Texas,Monday,1,No
Texas,Monday,1,No
Texas,Monday,1,Yes
Texas,Monday,1,Yes
Texas,Tuesday,1,No
Texas,Tuesday,1,Yes
Texas,Tuesday,1,Yes
Texas,Wednesday,1,No
Texas,Wednesday,1,No
Texas,Wednesday,1,No
Texas,Wednesday,1,No
Texas,Wednesday,2,Yes
Texas,Wednesday,1,No
Texas,Wednesday,1,Yes
Texas,Wednesday,1,No
Texas,Wednesday,1,No
Texas,Thursday,1,No
Texas,Thursday,1,No
Texas,Thursday,1,No
Texas,Thursday,2,No
Texas,Thursday,1,Yes
Texas,Thursday,1,No
Texas,Thursday,1,No
Texas,Thursday,1,No
Texas,Thursday,1,No
Texas,Thursday,1,No
Texas,Friday,1,No
Texas,Friday,1,No
Texas,Friday,1,Yes
Texas,Friday,1,No
Texas,Friday,1,No
Texas,Friday,1,No
Texas,Friday,1,No
Texas,Friday,1,No
Texas,Friday,1,No
Texas,Friday,1,No
Texas,Saturday,1,Yes
Texas,Saturday,1,No
Texas,Saturday,1,Yes
Texas,Saturday,1,No
Texas,Saturday,1,No
Texas,Saturday,1,Yes
Texas,Saturday,1,Yes
Texas,Saturday,1,No
Texas,Sunday,1,No
Texas,Sunday,1,No
Texas,Sunday,1,No
Texas,Sunday,1,No
Texas,Sunday,2,No
Texas,Sunday,1,No
Texas,Sunday,1,No
Texas,Sunday,1,Yes
Texas,Sunday,2,No
Texas,Sunday,1,No
Texas,Sunday,1,No
Texas,Sunday,1,Yes
Texas,Sunday,1,Yes
Texas,Sunday,1,Yes
Texas,Monday,1,No
Texas,Monday,1,Yes
Texas,Monday,1,No
Texas,Monday,1,No
Texas,Monday,1,No
Texas,Monday,1,No
Texas,Monday,1,No
Texas,Monday,2,No
Texas,Monday,1,No
Texas,Tuesday,1,No
Texas,Tuesday,1,No
Texas,Tuesday,1,No
Texas,Tuesday,1,No
Texas,Tuesday,1,No
Texas,Tuesday,1,No
Texas,Thursday,2,No
Texas,Monday,1,No
Texas,Tuesday,2,No
Texas,Wednesday,2,No
Texas,Wednesday,1,No
Texas,Wednesday,1,Yes
Texas,Wednesday,1,No
Texas,Wednesday,1,No
Texas,Wednesday,1,No
Texas,Wednesday,1,No
Texas,Wednesday,1,Yes
Texas,Wednesday,1,No
Texas,Wednesday,1,No
Texas,Wednesday,1,No
Texas,Wednesday,2,No
Texas,Wednesday,1,No
Texas,Thursday,1,Yes
Texas,Thursday,1,No
Texas,Thursday,1,No
Texas,Thursday,2,No
Texas,Friday,1,No
Texas,Friday,1,No
Texas,Friday,1,No
Texas,Friday,1,No
Texas,Friday,1,No
Texas,Friday,1,Yes
Texas,Friday,1,No
Texas,Friday,2,No
Texas,Friday,1,Yes
Texas,Saturday,1,No
Texas,Saturday,1,No
Texas,Saturday,1,No
Texas,Saturday,1,Yes
Texas,Saturday,1,No
Texas,Saturday,1,No
Texas,Saturday,1,No
Texas,Sunday,1,No
Texas,Sunday,1,No
Texas,Sunday,1,Yes
Texas,Sunday,1,No
Texas,Sunday,1,Yes
Texas,Sunday,1,No
Texas,Sunday,2,Yes
Texas,Sunday,1,No
Texas,Monday,1,No
Texas,Monday,1,No
Texas,Monday,1,Yes
Texas,Monday,1,No
Texas,Monday,1,No
Texas,Monday,1,No
Texas,Monday,1,No
Texas,Monday,1,No
Texas,Tuesday,1,No
Texas,Tuesday,1,No
Texas,Tuesday,1,No
Texas,Tuesday,1,No
Texas,Tuesday,1,No
Texas,Tuesday,1,No
Texas,Wednesday,1,No
Texas,Wednesday,1,No
Texas,Wednesday,1,No
Texas,Wednesday,1,Yes
Texas,Wednesday,1,No
Texas,Wednesday,1,No
Texas,Thursday,1,No
Texas,Thursday,1,Yes
Texas,Friday,1,No
Texas,Friday,1,No
Texas,Friday,1,Yes
Texas,Friday,1,Yes
Texas,Friday,1,No
Texas,Saturday,1,No
Texas,Saturday,1,No
Texas,Saturday,1,No
Texas,Monday,1,No
Texas,Monday,1,No
Texas,Wednesday,1,No
Texas,Friday,1,Yes
Texas,Saturday,1,No
Texas,Saturday,1,No
Texas,Saturday,1,No
Texas,Saturday,1,No
Texas,Saturday,1,Yes
Texas,Saturday,1,Yes
Texas,Sunday,1,Yes
Texas,Sunday,2,Yes
Texas,Sunday,1,Yes
Texas,Sunday,1,Yes
Texas,Sunday,1,No
Texas,Sunday,1,Yes
Texas,Sunday,1,No
Texas,Sunday,1,Yes
Texas,Sunday,1,Yes
Texas,Sunday,1,No
Texas,Sunday,1,No
Texas,Sunday,1,No
Texas,Sunday,1,Yes
Texas,Sunday,3,Yes
Texas,Sunday,1,No
Texas,Sunday,2,No
Texas,Sunday,1,No
Texas,Monday,1,No
Texas,Monday,1,No
Texas,Monday,1,No
Texas,Monday,1,No
Texas,Monday,2,No
Texas,Monday,1,Yes
Texas,Monday,1,Yes
Texas,Monday,1,No
Texas,Tuesday,1,Yes
Texas,Tuesday,1,No
Texas,Tuesday,1,Yes
Texas,Tuesday,1,No
Texas,Tuesday,1,No
Texas,Tuesday,1,No
Texas,Wednesday,1,No
Texas,Wednesday,1,No
Texas,Wednesday,1,No
Texas,Wednesday,1,Yes
Texas,Wednesday,1,No
Texas,Wednesday,1,No
Texas,Wednesday,1,Yes
Texas,Wednesday,1,No
Texas,Wednesday,1,No
Texas,Wednesday,1,No
Texas,Thursday,1,No
Texas,Thursday,1,No
Texas,Thursday,2,No
Texas,Thursday,1,No
Texas,Thursday,1,No
Texas,Thursday,1,No
Texas,Friday,1,No
Texas,Friday,1,Yes
Texas,Friday,1,Yes
Texas,Friday,1,Yes
Texas,Friday,1,No
Texas,Friday,1,No
Texas,Friday,1,No
Texas,Friday,1,No
Texas,Friday,2,No
Texas,Friday,1,No
Texas,Friday,1,No
Texas,Friday,2,Yes
Texas,Friday,1,No
Texas,Friday,1,No
Texas,Friday,1,No
Texas,Saturday,1,No
Texas,Saturday,1,Yes
Texas,Saturday,1,Yes
Texas,Saturday,1,No
Texas,Saturday,1,Yes
Texas,Saturday,1,No
Texas,Saturday,1,No
Texas,Saturday,1,No
Texas,Sunday,1,No
Texas,Sunday,1,Yes
Texas,Sunday,1,Yes
Texas,Sunday,1,No
Texas,Sunday,1,No
Texas,Sunday,1,No
Texas,Sunday,1,No
Texas,Sunday,1,No
Texas,Sunday,1,No
Texas,Sunday,1,No
Texas,Sunday,1,Yes
Texas,Sunday,2,No
Texas,Sunday,1,Yes
Texas,Sunday,1,No
Texas,Monday,1,Yes
Texas,Monday,2,No
Texas,Monday,1,No
Texas,Monday,1,No
Texas,Monday,1,No
Texas,Monday,1,Yes
Texas,Monday,1,No
Texas,Tuesday,1,No
Texas,Tuesday,1,No
Texas,Tuesday,1,No
Texas,Tuesday,1,Yes
Texas,Thursday,1,No
Texas,Tuesday,1,No
Texas,Wednesday,1,No
Texas,Wednesday,1,No
Texas,Wednesday,1,No
Texas,Wednesday,1,No
Texas,Wednesday,1,No
Texas,Wednesday,1,No
Texas,Wednesday,2,No
Texas,Thursday,1,No
Texas,Tuesday,1,No
Texas,Thursday,1,No
Texas,Thursday,1,Yes
Texas,Thursday,1,No
Texas,Friday,1,No
Texas,Friday,2,Yes
Texas,Friday,1,No
Texas,Friday,1,No
Texas,Friday,1,Yes
Texas,Friday,1,No
Texas,Monday,1,No
Texas,Thursday,1,No
Texas,Wednesday,1,Yes
Texas,Sunday,1,No
Texas,Tuesday,1,No
Texas,Wednesday,2,Yes
Texas,Wednesday,1,No
Texas,Saturday,1,No
Texas,Monday,1,No
Texas,Sunday,1,No
Texas,Sunday,1,No
Texas,Sunday,1,No
Texas,Sunday,1,No
Texas,Monday,1,No
Texas,Monday,1,No
Texas,Monday,1,No
Texas,Monday,1,No
Texas,Monday,1,No
Texas,Monday,1,Yes
Texas,Monday,1,No
Texas,Monday,1,No
Texas,Tuesday,1,No
Texas,Tuesday,1,No
Texas,Tuesday,1,No
Texas,Tuesday,1,No
Texas,Tuesday,1,Yes
Texas,Tuesday,1,No
Texas,Wednesday,1,Yes
Texas,Wednesday,1,No
Texas,Wednesday,1,No
Texas,Wednesday,1,No
Texas,Wednesday,1,No
Texas,Wednesday,2,Yes
Texas,Wednesday,1,No
Texas,Wednesday,1,Yes
Texas,Thursday,1,No
Texas,Thursday,1,No
Texas,Thursday,1,No
Texas,Thursday,1,No
Texas,Thursday,1,Yes
Texas,Thursday,1,No
Texas,Friday,1,Yes
Texas,Friday,1,No
Texas,Friday,1,No
Texas,Friday,1,Yes
Texas,Friday,1,Yes
Texas,Friday,1,No
Texas,Friday,1,No
Texas,Friday,1,No
Texas,Friday,2,Yes
Texas,Saturday,1,No
Texas,Saturday,1,No
Texas,Saturday,1,Yes
Texas,Saturday,1,No
Texas,Saturday,1,No
Texas,Sunday,1,No
Texas,Sunday,2,Yes
Texas,Sunday,1,Yes
Texas,Sunday,1,Yes
Texas,Sunday,3,Yes
Texas,Monday,1,Yes
Texas,Monday,1,No
Texas,Monday,1,No
Texas,Tuesday,1,Yes
Texas,Tuesday,1,No
Texas,Tuesday,1,No
Texas,Wednesday,1,Yes
Texas,Wednesday,1,No
Texas,Wednesday,1,Yes
Texas,Wednesday,1,No
Texas,Wednesday,1,Yes
Texas,Thursday,1,No
Texas,Thursday,1,Yes
Texas,Saturday,1,Yes
Texas,Saturday,1,No
Texas,Saturday,1,Yes
Texas,Saturday,1,No
Texas,Sunday,1,Yes
Texas,Sunday,1,Yes
Texas,Monday,1,Yes
Texas,Monday,1,No
Texas,Tuesday,1,No
Texas,Tuesday,1,No
Texas,Tuesday,1,No
Texas,Tuesday,1,No
Texas,Tuesday,1,No
Texas,Tuesday,1,No
Texas,Tuesday,1,No
Texas,Friday,1,No
Texas,Friday,1,No
Texas,Friday,1,Yes
Texas,Saturday,1,Yes
Texas,Saturday,1,No
Texas,Saturday,1,No
Texas,Saturday,1,Yes
Texas,Saturday,1,Yes
Texas,Sunday,1,No
Texas,Sunday,1,Yes
Texas,Sunday,1,No
Texas,Monday,1,No
Texas,Tuesday,1,No
Texas,Tuesday,1,No
Texas,Tuesday,1,No
Texas,Wednesday,1,No
Texas,Wednesday,1,No
Texas,Friday,1,No
Texas,Friday,1,No
Texas,Friday,1,Yes
Texas,Saturday,2,No
Texas,Saturday,1,No
Texas,Saturday,2,No
Texas,Saturday,1,Yes
Texas,Sunday,1,Yes
Texas,Sunday,1,No
Texas,Sunday,2,Yes
Texas,Sunday,1,No
Texas,Saturday,1,No
Texas,Monday,1,No
Texas,Monday,1,No
Texas,Monday,2,No
Texas,Tuesday,1,No
Texas,Tuesday,1,No
Texas,Tuesday,2,Yes
Texas,Tuesday,1,Yes
Texas,Tuesday,1,No
Texas,Wednesday,1,No
Texas,Wednesday,1,No
Texas,Thursday,1,No
Texas,Thursday,1,No
Texas,Thursday,1,No
Texas,Thursday,1,No
Texas,Thursday,2,Yes
Texas,Thursday,1,No
Texas,Thursday,2,No
Texas,Thursday,1,No
Texas,Thursday,1,Yes
Texas,Friday,1,No
Texas,Friday,1,Yes
Texas,Friday,1,No
Texas,Friday,1,Yes
Texas,Saturday,1,Yes
Texas,Saturday,1,No
Texas,Saturday,1,Yes
Texas,Saturday,1,No
Texas,Saturday,1,No
Texas,Saturday,1,No
Texas,Saturday,1,Yes
Texas,Saturday,1,No
Texas,Saturday,1,No
Texas,Sunday,1,Yes
Texas,Sunday,1,Yes
Texas,Sunday,1,No
Texas,Monday,1,No
Texas,Monday,1,No
Texas,Monday,1,Yes
Texas,Monday,1,No
Texas,Monday,1,No
Texas,Tuesday,1,No
Texas,Wednesday,1,No
Texas,Wednesday,1,Yes
Texas,Wednesday,1,No
Texas,Thursday,1,No
Texas,Thursday,1,No
Texas,Thursday,1,Yes
Texas,Thursday,1,No
Texas,Thursday,1,No
Texas,Thursday,1,No
Texas,Thursday,1,No
Texas,Friday,1,No
Texas,Friday,1,No
Texas,Friday,1,No
Texas,Friday,1,Yes
Texas,Friday,1,Yes
Texas,Friday,1,No
Texas,Friday,1,No
Texas,Friday,1,No
Texas,Saturday,1,No
Texas,Saturday,1,Yes
Texas,Saturday,1,No
Texas,Saturday,1,Yes
Texas,Saturday,1,No
Texas,Saturday,1,No
Texas,Saturday,1,Yes
Texas,Saturday,1,No
Texas,Saturday,1,Yes
Texas,Saturday,1,No
Texas,Saturday,1,No
Texas,Saturday,1,No
Texas,Sunday,1,Yes
Texas,Sunday,2,No
Texas,Sunday,1,Yes
Texas,Monday,1,No
Texas,Monday,1,No
Texas,Monday,1,No
Texas,Monday,1,Yes
Texas,Monday,1,No
Texas,Monday,1,No
Texas,Monday,2,No
Texas,Tuesday,2,Yes
Texas,Wednesday,2,Yes
Texas,Tuesday,1,Yes
Texas,Tuesday,1,No
Texas,Wednesday,1,No
Texas,Wednesday,1,No
Texas,Wednesday,1,No
Texas,Sunday,1,No
Texas,Saturday,1,Yes
Texas,Sunday,1,No
Texas,Tuesday,1,No
Texas,Monday,1,Yes
Texas,Tuesday,1,No
Texas,Wednesday,1,No
Texas,Thursday,1,No
Texas,Saturday,1,Yes
Texas,Saturday,1,No
Texas,Sunday,1,Yes
Texas,Sunday,1,No
Texas,Sunday,1,No
Texas,Monday,1,No
Texas,Tuesday,1,Yes
Texas,Thursday,1,No
Texas,Thursday,2,No
Texas,Thursday,1,Yes
Texas,Thursday,1,Yes
Texas,Saturday,1,No
Texas,Sunday,1,Yes
Texas,Sunday,1,Yes
Texas,Sunday,3,No
Texas,Saturday,1,No
Texas,Saturday,1,No
Texas,Tuesday,1,No
Texas,Wednesday,1,No
Texas,Thursday,1,No
Texas,Saturday,1,Yes
Texas,Saturday,1,No
Texas,Saturday,1,Yes
Texas,Saturday,1,No
Texas,Saturday,1,No
Texas,Saturday,1,Yes
Texas,Saturday,1,Yes
Texas,Saturday,1,Yes
Texas,Saturday,1,No
Texas,Saturday,1,No
Texas,Saturday,1,No
Texas,Sunday,1,Yes
Texas,Sunday,1,Yes
Texas,Sunday,1,Yes
Texas,Sunday,1,No
Texas,Monday,1,No
Texas,Monday,5,No
Texas,Monday,1,No
Texas,Monday,1,Yes
Texas,Monday,1,No
Texas,Monday,1,No
Texas,Tuesday,1,No
Texas,Tuesday,1,No
Texas,Tuesday,1,No
Texas,Wednesday,1,No
Texas,Wednesday,1,No
Texas,Thursday,1,No
Texas,Thursday,1,No
Texas,Thursday,1,No
Texas,Friday,1,No
Texas,Saturday,1,No
Texas,Saturday,1,No
Texas,Saturday,1,No
Texas,Saturday,1,No
Texas,Saturday,2,No
Texas,Sunday,1,Yes
Texas,Sunday,1,No
Texas,Sunday,1,No
Texas,Sunday,1,No
Texas,Monday,1,No
Texas,Tuesday,1,No
Texas,Tuesday,1,No
Texas,Tuesday,1,No
Texas,Tuesday,1,No
Texas,Tuesday,1,No
Texas,Tuesday,1,No
Texas,Wednesday,1,No
Texas,Wednesday,1,No
Texas,Wednesday,2,No
Texas,Wednesday,1,No
Texas,Monday,1,Yes
Texas,Tuesday,1,No
Texas,Wednesday,1,Yes
Texas,Friday,1,No
Texas,Friday,1,No
Texas,Friday,1,No
Texas,Friday,1,No
Texas,Friday,1,No
Texas,Friday,2,No
Texas,Friday,1,No
Texas,Friday,1,No
Texas,Saturday,1,Yes
Texas,Sunday,2,No
Texas,Sunday,1,No
Texas,Tuesday,1,No
Texas,Tuesday,1,No
Texas,Tuesday,1,No
Texas,Wednesday,1,No
Texas,Wednesday,1,No
Texas,Wednesday,1,No
Texas,Wednesday,1,No
Texas,Thursday,1,No
Texas,Friday,1,No
Texas,Saturday,1,No
Texas,Saturday,1,No
Texas,Saturday,2,No
Texas,Sunday,1,No
Texas,Sunday,1,Yes
Texas,Monday,1,No
Texas,Tuesday,1,Yes
Texas,Wednesday,2,No
Texas,Wednesday,1,No
Texas,Wednesday,1,No
Texas,Thursday,1,Yes
Texas,Thursday,1,No
Texas,Thursday,1,Yes
Texas,Friday,1,No
Texas,Friday,1,Yes
Texas,Friday,2,No
Texas,Friday,1,No
Texas,Friday,1,Yes
Texas,Friday,1,No
Texas,Friday,1,Yes
Texas,Friday,1,No
Texas,Saturday,1,Yes
Texas,Saturday,1,Yes
Texas,Saturday,1,No
Texas,Saturday,1,Yes
Texas,Saturday,1,No
Texas,Saturday,1,Yes
Texas,Saturday,1,Yes
Texas,Saturday,1,No
Texas,Saturday,1,No
Texas,Saturday,1,No
Texas,Saturday,1,Yes
Texas,Sunday,1,No
Texas,Sunday,2,No
Texas,Sunday,1,No
Texas,Sunday,1,No
Texas,Monday,1,No
Texas,Monday,1,Yes
Texas,Monday,1,No
Texas,Monday,1,No
Texas,Tuesday,1,No
Texas,Tuesday,1,No
Texas,Tuesday,1,No
Texas,Wednesday,1,No
Texas,Wednesday,1,No
Texas,Wednesday,1,No
Texas,Wednesday,1,No
Texas,Wednesday,1,Yes
Texas,Thursday,1,No
Texas,Thursday,1,No
Texas,Thursday,1,No
Texas,Thursday,1,Yes
Texas,Thursday,1,No
Texas,Friday,1,No
Texas,Friday,2,No
Texas,Friday,1,No
Texas,Friday,1,No
Texas,Friday,1,Yes
Texas,Friday,1,No
Texas,Saturday,1,No
Texas,Saturday,1,Yes
Texas,Saturday,1,No
Texas,Saturday,1,No
Texas,Saturday,1,No
Texas,Saturday,1,No
Texas,Saturday,1,Yes
Texas,Sunday,2,No
Texas,Sunday,1,Yes
Texas,Saturday,1,No
Texas,Sunday,1,No
Texas,Wednesday,1,No
Texas,Thursday,1,No
Texas,Saturday,1,Yes
Texas,Saturday,1,No
Texas,Monday,1,Yes
Texas,Tuesday,1,No
Texas,Tuesday,1,Yes
Texas,Tuesday,1,No
Texas,Wednesday,1,No
Texas,Wednesday,1,No
Texas,Thursday,1,No
Texas,Friday,1,No
Texas,Friday,1,No
Texas,Saturday,1,No
Texas,Sunday,1,No
Texas,Sunday,1,Yes
Texas,Sunday,1,No
Texas,Monday,1,No
Texas,Tuesday,1,No
Texas,Monday,2,No
Texas,Tuesday,1,No
Texas,Tuesday,1,No
Texas,Tuesday,1,Yes
Texas,Thursday,1,No
Texas,Friday,1,No
Texas,Friday,1,No
Texas,Saturday,1,No
Texas,Tuesday,2,Yes
Texas,Sunday,1,Yes
Texas,Friday,1,No
Texas,Tuesday,1,No
Texas,Wednesday,1,No
Texas,Tuesday,1,No
Texas,Wednesday,1,Yes
Texas,Friday,1,Yes
Texas,Saturday,1,Yes
Texas,Monday,1,No
Texas,Sunday,1,No
Texas,Sunday,1,No
Texas,Tuesday,1,No
Texas,Tuesday,1,No
Texas,Thursday,1,No
Texas,Thursday,1,No
Texas,Thursday,1,No
Texas,Friday,1,No
Texas,Friday,1,No
Texas,Sunday,2,No
Texas,Sunday,1,No
Texas,Sunday,1,No
Texas,Sunday,1,No
Texas,Monday,1,Yes
Texas,Monday,1,Yes
Texas,Monday,1,No
Texas,Tuesday,1,No
Texas,Tuesday,2,No
Texas,Wednesday,1,No
Texas,Wednesday,1,No
Texas,Wednesday,1,No
Texas,Wednesday,1,No
Texas,Thursday,1,No
Texas,Thursday,1,No
Texas,Thursday,1,No
Texas,Friday,1,No
Texas,Friday,1,No
Texas,Friday,2,No
Texas,Friday,5,No
Texas,Saturday,1,No
Texas,Sunday,1,No
Texas,Sunday,1,No
Texas,Sunday,2,Yes
Texas,Sunday,1,Yes
Texas,Monday,1,Yes
Texas,Monday,1,Yes
Texas,Monday,1,No
Texas,Monday,1,Yes
Texas,Tuesday,1,No
Texas,Tuesday,1,No
Texas,Wednesday,1,No
Texas,Wednesday,1,No
Texas,Thursday,1,No
Texas,Thursday,1,No
Texas,Thursday,1,Yes
Texas,Thursday,1,No
Texas,Friday,1,No
Texas,Friday,1,No
Texas,Friday,2,No
Texas,Saturday,1,No
Texas,Saturday,1,No
Texas,Saturday,1,No
Texas,Saturday,1,No
Texas,Saturday,1,No
Texas,Friday,1,No
Texas,Friday,1,No
Texas,Friday,1,Yes
Texas,Saturday,1,No
Texas,Saturday,1,No
Texas,Saturday,1,No
Texas,Saturday,1,No
Texas,Saturday,1,No
Texas,Saturday,1,Yes
Texas,Monday,1,No
Texas,Tuesday,1,No
Texas,Thursday,1,Yes
Texas,Monday,1,No
Texas,Friday,1,No
Texas,Sunday,1,No
Texas,Monday,2,No
Texas,Wednesday,1,No
Texas,Wednesday,2,No
Texas,Thursday,1,Yes
Texas,Thursday,1,No
Texas,Saturday,2,Yes
Texas,Saturday,1,Yes
Texas,Saturday,1,No
Texas,Saturday,1,Yes
Texas,Sunday,1,No
Texas,Sunday,1,No
Texas,Monday,1,No
Texas,Tuesday,1,No
Texas,Thursday,2,Yes
Texas,Thursday,1,No
Texas,Thursday,1,No
Texas,Thursday,1,Yes
Texas,Friday,1,No
Texas,Sunday,4,No
Texas,Sunday,1,No
Texas,Sunday,1,No
Texas,Sunday,1,No
Texas,Sunday,1,Yes
Texas,Sunday,1,Yes
Texas,Sunday,3,Yes
Texas,Sunday,1,Yes
Texas,Sunday,1,No
Texas,Monday,1,No
Texas,Monday,1,No
Texas,Monday,1,Yes
Texas,Monday,2,No
Texas,Monday,1,No
Texas,Tuesday,1,No
Texas,Tuesday,1,No
Texas,Wednesday,1,No
Texas,Wednesday,2,No
Texas,Thursday,2,Yes
Texas,Thursday,1,No
Texas,Thursday,1,No
Texas,Friday,1,Yes
Texas,Saturday,1,No
Texas,Saturday,1,Yes
Texas,Sunday,1,Yes
Texas,Sunday,1,No
Texas,Sunday,1,No
Texas,Sunday,1,Yes
Texas,Monday,1,No
Texas,Monday,2,No
Texas,Monday,1,No
Texas,Monday,1,No
Texas,Friday,1,Yes
Texas,Friday,1,No
Texas,Friday,1,Yes
Texas,Friday,1,No
Texas,Monday,1,No
Texas,Monday,1,No
Texas,Sunday,1,Yes
Texas,Monday,1,No
Texas,Tuesday,1,No
Texas,Thursday,1,No
Texas,Saturday,1,No
Texas,Saturday,1,Yes
Texas,Monday,2,No
Texas,Monday,1,No
Texas,Tuesday,1,No
Texas,Tuesday,1,Yes
Texas,Wednesday,1,No
Texas,Thursday,1,Yes
Texas,Thursday,1,No
Texas,Thursday,1,No
Texas,Friday,1,No
Texas,Saturday,1,No
Texas,Sunday,1,Yes
Texas,Sunday,1,Yes
Texas,Sunday,1,Yes
Texas,Sunday,1,Yes
Texas,Monday,4,No
Texas,Tuesday,2,Yes
Texas,Wednesday,1,No
Texas,Wednesday,1,No
Texas,Thursday,1,No
Texas,Thursday,1,No
Texas,Thursday,1,No
Texas,Thursday,1,No
Texas,Thursday,1,No
Texas,Thursday,1,No
Texas,Friday,1,No
Texas,Friday,1,No
Texas,Saturday,1,Yes
Texas,Saturday,1,No
Texas,Saturday,1,No
Texas,Saturday,1,Yes
Texas,Sunday,1,Yes
Texas,Saturday,1,No
Texas,Sunday,1,Yes
Texas,Sunday,1,Yes
Texas,Monday,1,No
Texas,Monday,1,No
Texas,Tuesday,1,No
Texas,Tuesday,1,Yes
Texas,Thursday,1,No
Texas,Friday,1,Yes
Texas,Thursday,1,No
Texas,Friday,2,No
Texas,Friday,1,No
Texas,Friday,1,Yes
Texas,Friday,1,No
Texas,Friday,1,No
Texas,Saturday,1,Yes
Texas,Saturday,1,No
Texas,Saturday,1,No
Texas,Saturday,1,No
Texas,Sunday,1,No
Texas,Tuesday,1,No
Texas,Wednesday,2,No
Texas,Thursday,1,No
Texas,Thursday,1,No
Texas,Friday,1,Yes
Texas,Friday,1,No
Texas,Sunday,1,No
Texas,Sunday,3,No
Texas,Monday,1,No
Texas,Monday,1,No
Texas,Monday,1,No
Texas,Tuesday,1,No
Texas,Tuesday,1,Yes
Texas,Thursday,1,Yes
Texas,Thursday,1,No
Texas,Friday,1,No
Texas,Friday,1,No
Texas,Friday,2,No
Texas,Saturday,1,Yes
Texas,Saturday,1,Yes
Texas,Saturday,1,No
Texas,Saturday,1,No
Texas,Sunday,1,No
Texas,Sunday,1,No
Texas,Monday,1,No
Texas,Monday,1,Yes
Texas,Monday,1,Yes
Texas,Monday,1,No
Texas,Monday,1,No
Texas,Tuesday,1,No
Texas,Tuesday,1,No
Texas,Wednesday,1,No
Texas,Wednesday,1,No
Texas,Wednesday,1,No
Texas,Saturday,1,No
Texas,Saturday,1,No
Texas,Saturday,1,No
Texas,Sunday,1,Yes
Texas,Friday,1,No
Texas,Saturday,1,Yes
Texas,Friday,1,Yes
Texas,Sunday,1,No
Texas,Thursday,1,No
Texas,Thursday,2,Yes
Texas,Thursday,1,No
Texas,Sunday,1,No
Texas,Sunday,1,No
Texas,Sunday,1,No
Texas,Monday,1,No
Texas,Tuesday,1,No
Texas,Tuesday,1,Yes
Texas,Wednesday,1,No
Texas,Tuesday,1,No
Texas,Sunday,1,No
Texas,Sunday,1,Yes
Texas,Friday,1,No
Texas,Saturday,1,No
Texas,Saturday,3,No
Texas,Sunday,1,Yes
Texas,Sunday,1,Yes
Texas,Sunday,1,Yes
Texas,Monday,1,No
Texas,Tuesday,1,Yes
Texas,Thursday,2,No
Texas,Friday,1,No
Texas,Sunday,1,No
Texas,Sunday,1,No
Texas,Monday,1,Yes
Texas,Tuesday,1,No
Texas,Tuesday,1,No
Texas,Tuesday,2,No
Texas,Wednesday,1,No
Texas,Wednesday,1,Yes
Texas,Thursday,1,No
Texas,Thursday,1,No
Texas,Thursday,1,Yes
Texas,Thursday,1,Yes
Texas,Thursday,1,No
Texas,Thursday,1,No
Texas,Friday,1,No
Texas,Friday,1,Yes
Texas,Saturday,1,No
Texas,Saturday,1,Yes
Texas,Saturday,1,No
Texas,Saturday,1,Yes
Texas,Saturday,1,No
Texas,Sunday,1,No
Texas,Sunday,1,No
Texas,Sunday,1,No
Texas,Sunday,1,No
Texas,Monday,1,No
Texas,Monday,1,No
Texas,Monday,1,No
Texas,Monday,1,No
Texas,Monday,1,No
Texas,Monday,2,No
Texas,Tuesday,1,No
Texas,Tuesday,1,No
Texas,Tuesday,1,No
Texas,Tuesday,1,No
Texas,Tuesday,1,No
Texas,Tuesday,1,No
Texas,Wednesday,1,Yes
Texas,Wednesday,1,Yes
Texas,Wednesday,2,No
Texas,Wednesday,1,No
Texas,Thursday,1,No
Texas,Friday,1,No
Texas,Friday,1,No
Texas,Friday,1,No
Texas,Friday,1,Yes
Texas,Friday,1,No
Texas,Friday,1,Yes
Texas,Friday,1,Yes
Texas,Friday,1,No
Texas,Friday,1,Yes
Texas,Friday,1,No
Texas,Saturday,1,No
Texas,Saturday,1,No
Texas,Saturday,1,Yes
Texas,Saturday,1,No
Texas,Saturday,1,No
Texas,Saturday,1,No
Texas,Saturday,1,Yes
Texas,Saturday,1,No
Texas,Sunday,1,No
Texas,Sunday,1,Yes
Texas,Monday,1,No
Texas,Monday,1,Yes
Texas,Monday,1,No
Texas,Saturday,1,No
Texas,Tuesday,1,No
Texas,Saturday,1,No
Texas,Thursday,1,No
Texas,Monday,1,No
Texas,Monday,1,No
Texas,Thursday,1,No
Texas,Friday,3,No
Texas,Thursday,1,No
Texas,Saturday,1,No
Texas,Sunday,1,Yes
Texas,Wednesday,1,No
Texas,Thursday,1,No
Texas,Monday,1,No
Texas,Wednesday,1,No
Texas,Friday,1,Yes
Texas,Saturday,1,No
Texas,Saturday,1,Yes
Texas,Sunday,1,No
Texas,Tuesday,1,No
Texas,Tuesday,1,No
Texas,Wednesday,2,Yes
Texas,Wednesday,1,No
Texas,Thursday,1,No
Texas,Thursday,1,No
Texas,Friday,1,No
Texas,Friday,1,No
Texas,Friday,1,No
Texas,Sunday,1,Yes
Texas,Monday,1,No
Texas,Monday,1,No
Texas,Friday,1,No
Texas,Saturday,1,No
Texas,Saturday,1,No
Texas,Wednesday,1,No
Texas,Saturday,2,Yes
Texas,Wednesday,1,No
Texas,Saturday,1,Yes
Texas,Sunday,1,Yes
Texas,Sunday,1,Yes
Texas,Sunday,1,Yes
Texas,Monday,1,No
Texas,Monday,1,No
Texas,Monday,1,No
Texas,Tuesday,1,No
Texas,Tuesday,1,Yes
Texas,Tuesday,1,No
Texas,Tuesday,1,Yes
Texas,Tuesday,1,No
Texas,Tuesday,1,No
Texas,Tuesday,1,No
Texas,Wednesday,1,No
Texas,Wednesday,1,No
Texas,Wednesday,1,No
Texas,Wednesday,1,No
Texas,Wednesday,1,No
Texas,Wednesday,1,No
Texas,Wednesday,1,No
Texas,Wednesday,1,No
Texas,Wednesday,1,Yes
Texas,Thursday,1,No
Texas,Thursday,1,No
Texas,Thursday,1,No
Texas,Thursday,1,Yes
Texas,Thursday,1,No
Texas,Thursday,1,No
Texas,Friday,1,No
Texas,Friday,1,No
Texas,Friday,2,No
Texas,Friday,1,Yes
Texas,Friday,1,Yes
Texas,Friday,2,No
Texas,Saturday,1,Yes
Texas,Saturday,1,No
Texas,Saturday,1,No
Texas,Saturday,1,No
Texas,Saturday,1,No
Texas,Saturday,1,No
Texas,Saturday,1,Yes
Texas,Sunday,1,No
Texas,Sunday,1,No
Texas,Sunday,1,Yes
Texas,Sunday,1,No
Texas,Sunday,1,No
Texas,Sunday,1,No
Texas,Sunday,1,Yes
Texas,Sunday,1,No
Texas,Monday,1,No
Texas,Monday,1,Yes
Texas,Monday,1,Yes
Texas,Monday,1,No
Texas,Monday,2,No
Texas,Monday,1,No
Texas,Monday,1,No
Texas,Tuesday,1,No
Texas,Tuesday,1,Yes
Texas,Tuesday,2,No
Texas,Tuesday,1,No
Texas,Tuesday,1,Yes
Texas,Tuesday,1,No
Texas,Wednesday,1,No
Texas,Wednesday,1,No
Texas,Thursday,1,Yes
Texas,Thursday,1,No
Texas,Thursday,1,No
Texas,Thursday,1,Yes
Texas,Thursday,1,No
Texas,Thursday,1,No
Texas,Thursday,1,No
Texas,Friday,4,No
Texas,Friday,1,No
Texas,Friday,1,No
Texas,Friday,1,No
Texas,Friday,1,Yes
Texas,Friday,1,No
Texas,Friday,2,No
Texas,Friday,1,No
Texas,Saturday,1,No
Texas,Saturday,2,Yes
Texas,Saturday,1,No
Texas,Saturday,2,Yes
Texas,Saturday,1,Yes
Texas,Saturday,1,No
Texas,Saturday,1,Yes
Texas,Sunday,1,No
Texas,Sunday,1,Yes
Texas,Sunday,1,No
Texas,Sunday,1,No
Texas,Sunday,1,No
Texas,Monday,1,No
Texas,Monday,1,No
Texas,Tuesday,1,No
Texas,Tuesday,1,No
Texas,Wednesday,1,No
Texas,Wednesday,1,No
Texas,Friday,1,No
Texas,Friday,1,No
Texas,Friday,1,No
Texas,Saturday,1,No
Texas,Saturday,1,No
Texas,Saturday,1,No
Texas,Saturday,1,Yes
Texas,Saturday,2,No
Texas,Saturday,1,No
Texas,Monday,1,No
Texas,Thursday,1,No
Texas,Monday,1,No
Texas,Saturday,1,Yes
Texas,Wednesday,1,No
Texas,Thursday,1,No
Texas,Saturday,1,No
Texas,Saturday,1,Yes
Texas,Sunday,1,No
Texas,Monday,1,Yes
Texas,Wednesday,1,No
Texas,Wednesday,1,Yes
Texas,Wednesday,1,No
Texas,Thursday,1,No
Texas,Friday,2,Yes
Texas,Saturday,1,Yes
Texas,Saturday,1,Yes
Texas,Saturday,2,No
Texas,Saturday,1,No
Texas,Sunday,1,No
Texas,Sunday,2,No
Texas,Sunday,1,Yes
Texas,Monday,1,Yes
Texas,Monday,1,No
Texas,Monday,1,No
Texas,Tuesday,1,Yes
Texas,Tuesday,1,No
Texas,Wednesday,1,No
Texas,Wednesday,1,No
Texas,Wednesday,1,No
Texas,Thursday,1,No
Texas,Thursday,1,No
Texas,Thursday,1,No
Texas,Friday,1,No
Texas,Friday,1,Yes
Texas,Friday,1,Yes
Texas,Friday,1,No
Texas,Friday,1,Yes
Texas,Friday,1,No
Texas,Saturday,1,No
Texas,Saturday,1,Yes
Texas,Saturday,1,Yes
Texas,Saturday,1,No
Texas,Saturday,1,No
Texas,Saturday,1,Yes
Texas,Sunday,1,Yes
Texas,Sunday,1,No
Texas,Monday,1,No
Texas,Monday,1,No
Texas,Monday,1,No
Texas,Monday,1,Yes
Texas,Tuesday,1,No
Texas,Tuesday,1,No
Texas,Tuesday,1,No
Texas,Tuesday,1,No
Texas,Friday,1,No
Texas,Friday,1,No
Texas,Saturday,1,No
Texas,Saturday,1,No
Texas,Monday,1,No
Texas,Tuesday,1,No
Texas,Tuesday,1,No
Texas,Thursday,1,No
Texas,Saturday,1,No
Texas,Saturday,1,Yes
Texas,Tuesday,1,No
Texas,Sunday,1,No
Texas,Thursday,1,No
Texas,Saturday,1,No
Texas,Saturday,1,Yes
Texas,Saturday,1,No
Texas,Sunday,1,No
Texas,Sunday,1,No
Texas,Monday,1,No
Texas,Monday,1,No
Texas,Tuesday,1,Yes
Texas,Tuesday,1,No
Texas,Wednesday,2,No
Texas,Thursday,1,Yes
Texas,Thursday,1,No
Texas,Thursday,1,No
Texas,Thursday,2,No
Texas,Friday,1,No
Texas,Friday,1,No
Texas,Saturday,2,Yes
Texas,Saturday,1,Yes
Texas,Saturday,1,Yes
Texas,Saturday,1,No
Texas,Sunday,1,No
Texas,Sunday,1,Yes
Texas,Sunday,1,No
Texas,Monday,1,No
Texas,Monday,1,No
Texas,Monday,1,No
Texas,Monday,1,Yes
Texas,Monday,1,No
Texas,Monday,2,No
Texas,Monday,1,No
Texas,Tuesday,1,No
Texas,Tuesday,1,No
Texas,Tuesday,1,No
Texas,Tuesday,1,No
Texas,Tuesday,3,Yes
Texas,Wednesday,1,No
Texas,Wednesday,1,Yes
Texas,Wednesday,1,No
Texas,Thursday,1,Yes
Texas,Thursday,1,No
Texas,Thursday,1,No
Texas,Thursday,1,No
Texas,Thursday,1,No
Texas,Thursday,1,No
Texas,Friday,1,No
Texas,Friday,1,No
Texas,Friday,1,Yes
Texas,Saturday,1,No
Texas,Saturday,1,Yes
Texas,Saturday,1,Yes
Texas,Saturday,1,Yes
Texas,Saturday,1,No
Texas,Saturday,1,No
Texas,Saturday,1,No
Texas,Sunday,1,No
Texas,Sunday,1,Yes
Texas,Sunday,1,No
Texas,Sunday,1,No
Texas,Sunday,1,No
Texas,Sunday,1,No
Texas,Sunday,1,Yes
Texas,Monday,1,No
Texas,Monday,1,Yes
Texas,Monday,1,No
Texas,Monday,1,Yes
Texas,Monday,1,No
Texas,Monday,4,No
Texas,Tuesday,1,No
Texas,Tuesday,1,No
Texas,Tuesday,1,No
Texas,Wednesday,2,Yes
Texas,Wednesday,1,No
Texas,Wednesday,1,No
Texas,Wednesday,1,No
Texas,Wednesday,1,No
Texas,Wednesday,1,No
Texas,Thursday,1,No
Texas,Thursday,1,No
Texas,Thursday,1,No
Texas,Friday,1,No
Texas,Wednesday,1,No
Texas,Thursday,1,No
Texas,Saturday,1,No
Texas,Thursday,1,No
Texas,Saturday,1,No
Texas,Monday,1,Yes
Texas,Monday,1,No
Texas,Tuesday,1,No
Texas,Thursday,1,Yes
Texas,Saturday,1,Yes
Texas,Saturday,1,No
Texas,Sunday,1,No
Texas,Sunday,1,No
Texas,Thursday,1,No
Texas,Thursday,2,No
Texas,Friday,1,No
Texas,Friday,1,Yes
Texas,Saturday,1,No
Texas,Saturday,1,No
Texas,Saturday,1,No
Texas,Saturday,1,No
Texas,Saturday,1,No
Texas,Sunday,1,No
Texas,Sunday,1,No
Texas,Sunday,1,No
Texas,Sunday,1,Yes
Texas,Monday,1,No
Texas,Monday,1,No
Texas,Monday,1,No
Texas,Monday,1,No
Texas,Tuesday,1,No
Texas,Wednesday,1,No
Texas,Wednesday,1,No
Texas,Wednesday,1,No
Texas,Wednesday,1,No
Texas,Thursday,1,No
Texas,Thursday,1,No
Texas,Thursday,2,No
Texas,Friday,1,Yes
Texas,Friday,1,Yes
Texas,Friday,1,No
Texas,Friday,1,No
Texas,Friday,1,No
Texas,Friday,1,No
Texas,Friday,1,No
Texas,Friday,1,Yes
Texas,Saturday,1,Yes
Texas,Saturday,1,No
Texas,Saturday,1,Yes
Texas,Saturday,1,No
Texas,Saturday,1,No
Texas,Saturday,1,No
Texas,Saturday,2,No
Texas,Saturday,2,No
Texas,Sunday,1,Yes
Texas,Sunday,1,No
Texas,Sunday,1,No
Texas,Sunday,1,Yes
Texas,Sunday,1,No
Texas,Sunday,1,No
Texas,Monday,1,No
Texas,Monday,1,No
Texas,Monday,1,No
Texas,Monday,1,No
Texas,Monday,1,No
Texas,Monday,2,No
Texas,Monday,1,No
Texas,Monday,1,No
Texas,Monday,1,Yes
Texas,Tuesday,1,No
Texas,Tuesday,1,No
Texas,Tuesday,1,No
Texas,Tuesday,1,No
Texas,Tuesday,1,No
Texas,Tuesday,1,Yes
Texas,Tuesday,1,No
Texas,Tuesday,1,No
Texas,Wednesday,1,No
Texas,Wednesday,1,No
Texas,Wednesday,1,No
Texas,Wednesday,1,No
Texas,Wednesday,1,No
Texas,Wednesday,1,No
Texas,Wednesday,1,No
Texas,Thursday,1,No
Texas,Thursday,1,No
Texas,Thursday,1,No
Texas,Thursday,1,No
Texas,Thursday,1,No
Texas,Friday,1,No
Texas,Friday,1,No
Texas,Friday,1,No
Texas,Friday,1,No
Texas,Friday,1,No
Texas,Saturday,1,Yes
Texas,Saturday,1,No
Texas,Saturday,1,No
Texas,Saturday,1,Yes
Texas,Saturday,1,No
Texas,Saturday,1,Yes
Texas,Sunday,1,Yes
Texas,Sunday,1,No
Texas,Sunday,1,No
Texas,Sunday,1,Yes
Texas,Sunday,1,No
Texas,Sunday,1,No
Texas,Monday,1,Yes
Texas,Monday,1,No
Texas,Tuesday,2,Yes
Texas,Tuesday,1,No
Texas,Tuesday,1,No
Texas,Tuesday,1,No
Texas,Wednesday,1,Yes
Texas,Wednesday,1,No
Texas,Wednesday,1,No
Texas,Saturday,1,Yes
Texas,Friday,1,No
Texas,Friday,1,No
Texas,Friday,1,Yes
Texas,Saturday,1,No
Texas,Sunday,2,No
Texas,Sunday,1,Yes
Texas,Sunday,1,Yes
Texas,Sunday,1,No
Texas,Wednesday,1,No
Texas,Thursday,1,No
Texas,Wednesday,1,No
Texas,Wednesday,1,Yes
Texas,Wednesday,1,No
Texas,Saturday,1,Yes
Texas,Thursday,1,No
Texas,Friday,1,No
Texas,Friday,1,No
Texas,Saturday,1,Yes
Texas,Tuesday,2,No
Texas,Tuesday,1,Yes
Texas,Wednesday,1,No
Texas,Thursday,1,No
Texas,Friday,1,Yes
Texas,Friday,1,No
Texas,Saturday,1,No
Texas,Saturday,1,No
Texas,Saturday,1,Yes
Texas,Sunday,1,No
Texas,Sunday,1,No
Texas,Sunday,2,No
Texas,Monday,1,No
Texas,Monday,1,Yes
Texas,Monday,1,No
Texas,Wednesday,1,No
Texas,Thursday,2,No
Texas,Thursday,1,No
Texas,Friday,4,Yes
Texas,Friday,1,No
Texas,Friday,1,Yes
Texas,Friday,2,No
Texas,Saturday,1,Yes
Texas,Saturday,1,Yes
Texas,Saturday,1,No
Texas,Sunday,1,No
Texas,Monday,1,No
Texas,Monday,1,No
Texas,Monday,1,Yes
Texas,Tuesday,2,No
Texas,Tuesday,2,Yes
Texas,Tuesday,2,No
Texas,Wednesday,1,No
Texas,Wednesday,1,No
Texas,Wednesday,1,No
Texas,Thursday,2,No
Texas,Thursday,1,No
Texas,Saturday,1,No
Texas,Sunday,1,No
Texas,Sunday,1,No
Texas,Tuesday,1,No
Texas,Wednesday,1,No
Texas,Monday,1,Yes
Texas,Tuesday,1,Yes
Texas,Wednesday,1,Yes
Texas,Friday,1,No
Texas,Saturday,3,No
Texas,Sunday,1,No
Texas,Sunday,1,Yes
Texas,Wednesday,1,No
Texas,Wednesday,1,No
Texas,Thursday,1,No
Texas,Friday,1,No
Texas,Saturday,1,Yes
Texas,Saturday,1,No
Texas,Saturday,1,No
Texas,Saturday,1,No
Texas,Saturday,1,No
Texas,Sunday,1,Yes
Texas,Sunday,5,No
Texas,Monday,1,No
Texas,Monday,1,No
Texas,Monday,1,No
Texas,Monday,1,No
Texas,Tuesday,1,No
Texas,Tuesday,1,No
Texas,Tuesday,1,No
Texas,Wednesday,1,No
Texas,Wednesday,1,No
Texas,Wednesday,1,No
Texas,Thursday,1,No
Texas,Friday,1,Yes
Texas,Friday,1,Yes
Texas,Friday,1,No
Texas,Friday,1,No
Texas,Friday,1,No
Texas,Friday,1,No
Texas,Saturday,1,No
Texas,Saturday,1,No
Texas,Saturday,1,No
Texas,Sunday,1,No
Texas,Sunday,1,No
Texas,Sunday,1,Yes
Texas,Sunday,1,Yes
Texas,Monday,1,No
Texas,Monday,1,No
Texas,Monday,1,No
Texas,Tuesday,1,No
Texas,Tuesday,1,No
Texas,Tuesday,1,No
Texas,Tuesday,1,No
Texas,Wednesday,1,Yes
Texas,Wednesday,1,Yes
Texas,Thursday,1,No
Texas,Thursday,1,Yes
Texas,Friday,1,No
Texas,Friday,1,No
Texas,Saturday,1,No
Texas,Saturday,1,Yes
Texas,Tuesday,1,No
Texas,Friday,1,No
Texas,Sunday,1,No
Texas,Friday,1,No
Texas,Wednesday,1,No
Texas,Friday,1,No
Texas,Sunday,1,No
Texas,Sunday,1,No
Texas,Monday,1,No
Texas,Monday,1,No
Texas,Tuesday,1,No
Texas,Wednesday,1,No
Texas,Thursday,1,No
Texas,Friday,1,No
Texas,Sunday,1,No
Texas,Monday,1,No
Texas,Tuesday,1,No
Texas,Tuesday,1,No
Texas,Wednesday,1,No
Texas,Thursday,1,No
Texas,Thursday,3,No
Texas,Thursday,1,No
Texas,Saturday,1,No
Texas,Saturday,1,Yes
Texas,Saturday,1,Yes
Texas,Saturday,1,Yes
Texas,Sunday,1,No
Texas,Sunday,1,No
Texas,Sunday,2,No
Texas,Monday,1,Yes
Texas,Monday,1,No
Texas,Monday,1,No
Texas,Monday,1,No
Texas,Monday,2,No
Texas,Tuesday,1,No
Texas,Tuesday,1,No
Texas,Tuesday,1,No
Texas,Wednesday,1,No
Texas,Wednesday,1,No
Texas,Wednesday,1,No
Texas,Wednesday,1,No
Texas,Thursday,1,Yes
Texas,Thursday,1,Yes
Texas,Thursday,1,Yes
Texas,Friday,2,No
Texas,Friday,3,No
Texas,Friday,1,No
Texas,Friday,2,No
Texas,Friday,2,No
Texas,Friday,2,No
Texas,Saturday,1,No
Texas,Saturday,1,Yes
Texas,Saturday,1,No
Texas,Saturday,1,No
Texas,Saturday,1,No
Texas,Saturday,1,Yes
Texas,Saturday,1,No
Texas,Saturday,1,No
Texas,Saturday,1,No
Texas,Wednesday,1,No
Texas,Friday,1,No
Texas,Thursday,1,No
Texas,Friday,1,No
Texas,Sunday,2,No
Texas,Saturday,1,Yes
Texas,Tuesday,1,No
Texas,Saturday,1,No
Texas,Wednesday,1,No
Texas,Wednesday,3,No
Texas,Thursday,1,No
Texas,Sunday,2,No
Texas,Monday,1,Yes
Texas,Monday,1,No
Texas,Tuesday,1,No
Texas,Thursday,1,No
Texas,Thursday,1,No
Texas,Thursday,1,No
Texas,Friday,1,No
Texas,Sunday,1,Yes
Texas,Sunday,1,Yes
Texas,Sunday,1,Yes
Texas,Sunday,1,Yes
Texas,Sunday,1,Yes
Texas,Monday,2,No
Texas,Monday,1,Yes
Texas,Monday,1,No
Texas,Monday,1,No
Texas,Monday,1,No
Texas,Monday,1,Yes
Texas,Monday,1,Yes
Texas,Monday,1,No
Texas,Monday,1,No
Texas,Tuesday,1,No
Texas,Tuesday,1,No
Texas,Tuesday,1,No
Texas,Tuesday,1,No
Texas,Tuesday,1,Yes
Texas,Tuesday,1,No
Texas,Tuesday,1,No
Texas,Wednesday,1,Yes
Texas,Wednesday,1,No
Texas,Wednesday,1,No
Texas,Wednesday,1,No
Texas,Wednesday,1,Yes
Texas,Wednesday,1,Yes
Texas,Wednesday,1,No
Texas,Wednesday,1,Yes
Texas,Thursday,1,Yes
Texas,Thursday,2,No
Texas,Thursday,1,Yes
Texas,Thursday,2,No
Texas,Friday,1,No
Texas,Friday,2,Yes
Texas,Saturday,1,No
Texas,Saturday,1,No
Texas,Saturday,1,Yes
Texas,Sunday,1,No
Texas,Sunday,1,Yes
Texas,Sunday,1,No
Texas,Sunday,1,Yes
Texas,Sunday,1,No
Texas,Monday,1,No
Texas,Monday,1,No
Texas,Monday,1,No
Texas,Monday,1,No
Texas,Monday,1,No
Texas,Monday,1,Yes
Texas,Monday,1,No
Texas,Tuesday,1,Yes
Texas,Tuesday,1,No
Texas,Tuesday,1,Yes
Texas,Tuesday,1,No
Texas,Wednesday,1,No
Texas,Wednesday,1,No
Texas,Wednesday,1,No
Texas,Wednesday,1,No
Texas,Thursday,1,No
Texas,Thursday,1,Yes
Texas,Friday,1,Yes
Texas,Sunday,1,Yes
Texas,Sunday,1,Yes
Texas,Friday,1,No
Texas,Sunday,1,No
Texas,Sunday,1,No
Texas,Sunday,1,No
Texas,Friday,2,Yes
Texas,Sunday,1,No
Texas,Wednesday,1,No
Texas,Friday,1,No
Texas,Wednesday,1,No
Texas,Saturday,1,No
Texas,Sunday,1,No
Texas,Monday,1,No
Texas,Saturday,1,No
Texas,Monday,1,Yes
Texas,Wednesday,1,No
Texas,Wednesday,1,No
Texas,Thursday,1,No
Texas,Friday,1,No
Texas,Friday,1,No
Texas,Saturday,1,No
Texas,Sunday,1,No
Texas,Sunday,1,No
Texas,Sunday,1,Yes
Texas,Sunday,1,No
Texas,Sunday,1,No
Texas,Monday,1,No
Texas,Monday,1,No
Texas,Monday,1,No
Texas,Monday,1,No
Texas,Monday,1,No
Texas,Tuesday,1,No
Texas,Tuesday,1,No
Texas,Tuesday,1,No
Texas,Tuesday,1,No
Texas,Tuesday,1,Yes
Texas,Tuesday,1,No
Texas,Wednesday,2,No
Texas,Wednesday,1,No
Texas,Wednesday,1,No
Texas,Wednesday,1,No
Texas,Wednesday,2,Yes
Texas,Wednesday,1,No
Texas,Wednesday,1,No
Texas,Wednesday,1,No
Texas,Thursday,1,No
Texas,Thursday,1,No
Texas,Thursday,1,No
Texas,Thursday,1,No
Texas,Thursday,1,No
Texas,Thursday,1,No
Texas,Thursday,1,No
Texas,Friday,1,No
Texas,Friday,1,Yes
Texas,Friday,1,No
Texas,Friday,1,Yes
Texas,Friday,2,Yes
Texas,Friday,1,No
Texas,Friday,2,Yes
Texas,Saturday,1,Yes
Texas,Saturday,1,No
Texas,Saturday,1,No
Texas,Saturday,2,Yes
Texas,Saturday,1,Yes
Texas,Saturday,1,Yes
Texas,Saturday,1,No
Texas,Saturday,1,No
Texas,Saturday,3,No
Texas,Saturday,1,No
Texas,Sunday,1,No
Texas,Sunday,1,No
Texas,Sunday,1,No
Texas,Sunday,1,Yes
Texas,Sunday,1,No
Texas,Monday,1,Yes
Texas,Tuesday,1,No
Texas,Tuesday,1,No
Texas,Wednesday,1,No
Texas,Thursday,1,No
Texas,Friday,1,No
Texas,Monday,1,No
Texas,Friday,1,No
Texas,Monday,1,No
Texas,Monday,1,No
Texas,Wednesday,1,No
Texas,Friday,2,No
Texas,Saturday,1,No
Texas,Sunday,1,Yes
Texas,Wednesday,1,No
Texas,Saturday,1,No
Texas,Monday,2,No
Texas,Tuesday,2,No
Texas,Thursday,1,No
Texas,Thursday,1,No
Texas,Friday,1,No
Texas,Friday,1,No
Texas,Saturday,1,No
Texas,Saturday,3,No
Texas,Sunday,1,No
Texas,Sunday,1,No
Texas,Sunday,1,No
Texas,Sunday,1,Yes
Texas,Sunday,1,No
Texas,Monday,1,No
Texas,Monday,1,No
Texas,Monday,1,No
Texas,Tuesday,1,No
Texas,Wednesday,1,Yes
Texas,Wednesday,1,No
Texas,Wednesday,1,No
Texas,Wednesday,1,No
Texas,Thursday,1,No
Texas,Thursday,1,Yes
Texas,Thursday,1,No
Texas,Thursday,1,No
Texas,Thursday,1,No
Texas,Friday,1,No
Texas,Saturday,1,No
Texas,Saturday,1,No
Texas,Saturday,1,Yes
Texas,Saturday,1,Yes
Texas,Saturday,1,No
Texas,Saturday,1,No
Texas,Saturday,1,No
Texas,Sunday,2,No
Texas,Sunday,1,Yes
Texas,Tuesday,1,No
Texas,Tuesday,1,No
Texas,Tuesday,1,No
Texas,Wednesday,1,No
Texas,Wednesday,1,No
Texas,Wednesday,1,No
Texas,Wednesday,2,Yes
Texas,Wednesday,1,Yes
Texas,Thursday,1,No
Texas,Friday,1,No
Texas,Saturday,1,Yes
Texas,Saturday,1,Yes
Texas,Saturday,1,No
Texas,Thursday,1,No
Texas,Friday,1,No
Texas,Sunday,1,No
Texas,Friday,1,No
Texas,Wednesday,1,No
Texas,Wednesday,1,No
Texas,Thursday,1,No
Texas,Friday,1,No
Texas,Friday,1,No
Texas,Saturday,1,Yes
Texas,Saturday,1,Yes
Texas,Wednesday,1,No
Texas,Saturday,1,No
Texas,Sunday,1,No
Texas,Monday,1,No
Texas,Wednesday,2,No
Texas,Friday,1,No
Texas,Friday,1,Yes
Texas,Friday,1,Yes
Texas,Saturday,1,No
Texas,Sunday,1,No
Texas,Sunday,1,No
Texas,Sunday,1,Yes
Texas,Monday,1,Yes
Texas,Tuesday,1,No
Texas,Tuesday,1,No
Texas,Tuesday,1,No
Texas,Thursday,1,No
Texas,Thursday,1,No
Texas,Thursday,1,No
Texas,Thursday,2,Yes
Texas,Thursday,1,Yes
Texas,Thursday,1,No
Texas,Friday,1,Yes
Texas,Friday,1,Yes
Texas,Friday,1,No
Texas,Friday,1,Yes
Texas,Friday,1,No
Texas,Friday,1,No
Texas,Friday,2,Yes
Texas,Friday,1,Yes
Texas,Friday,1,Yes
Texas,Saturday,1,No
Texas,Saturday,1,No
Texas,Saturday,1,Yes
Texas,Saturday,1,Yes
Texas,Saturday,1,No
Texas,Sunday,1,Yes
Texas,Sunday,1,No
Texas,Sunday,1,No
Texas,Sunday,1,No
Texas,Sunday,1,No
Texas,Sunday,1,Yes
Texas,Sunday,1,Yes
Texas,Tuesday,1,No
Texas,Thursday,1,Yes
Texas,Tuesday,1,No
Texas,Sunday,1,No
Texas,Friday,1,No
Texas,Monday,1,No
Texas,Tuesday,1,No
Texas,Thursday,1,No
Texas,Saturday,1,No
Texas,Saturday,1,Yes
Texas,Monday,1,No
Texas,Monday,1,No
Texas,Monday,1,No
Texas,Tuesday,1,No
Texas,Tuesday,1,No
Texas,Wednesday,1,Yes
Texas,Wednesday,1,No
Texas,Thursday,1,No
Texas,Thursday,1,No
Texas,Thursday,1,No
Texas,Thursday,2,No
Texas,Friday,1,No
Texas,Friday,2,No
Texas,Friday,1,Yes
Texas,Friday,1,No
Texas,Saturday,1,No
Texas,Saturday,2,No
Texas,Sunday,1,Yes
Texas,Sunday,1,Yes
Texas,Sunday,1,Yes
Texas,Sunday,1,No
Texas,Monday,1,No
Texas,Monday,1,No
Texas,Monday,1,Yes
Texas,Monday,1,No
Texas,Monday,1,No
Texas,Monday,1,Yes
Texas,Tuesday,2,No
Texas,Tuesday,1,No
Texas,Tuesday,1,No
Texas,Tuesday,3,No
Texas,Sunday,1,No
Texas,Thursday,1,No
Texas,Friday,1,No
Texas,Saturday,1,No
Texas,Sunday,1,No
Texas,Monday,1,No
Texas,Friday,1,No
Texas,Friday,1,No
Texas,Sunday,1,Yes
Texas,Monday,1,No
Texas,Thursday,1,No
Texas,Monday,1,No
Texas,Thursday,1,No
Texas,Tuesday,1,Yes
Texas,Wednesday,1,Yes
Texas,Sunday,1,No
Texas,Monday,1,No
Texas,Sunday,1,Yes
Texas,Sunday,1,No
Texas,Tuesday,1,No
Texas,Sunday,1,Yes
Texas,Friday,1,Yes
Texas,Saturday,1,No
Texas,Friday,1,No
Texas,Saturday,1,Yes
Texas,Tuesday,1,No
Texas,Sunday,2,Yes
Texas,Tuesday,1,No
Texas,Saturday,1,Yes
Texas,Thursday,1,No
Texas,Wednesday,1,No
Texas,Friday,1,Yes
Texas,Saturday,2,No
Texas,Thursday,1,No
Texas,Thursday,1,No
Texas,Friday,1,Yes
Texas,Thursday,1,No
Texas,Thursday,3,Yes
Texas,Thursday,1,No
Texas,Monday,1,Yes
Texas,Friday,1,No
Texas,Friday,1,No
Texas,Tuesday,1,No
Texas,Wednesday,1,No
Texas,Wednesday,1,No
Texas,Wednesday,1,No
Texas,Wednesday,1,No
Texas,Thursday,1,No
Texas,Saturday,1,No
Texas,Thursday,1,Yes
Texas,Sunday,1,No
Texas,Friday,1,No
Texas,Friday,1,No
Texas,Saturday,1,No
Texas,Thursday,1,Yes
Texas,Monday,1,No
Texas,Sunday,1,No
Texas,Saturday,1,No
Texas,Saturday,1,No
Texas,Friday,1,No
Texas,Tuesday,1,No
Texas,Saturday,1,Yes
Texas,Sunday,1,Yes
Texas,Saturday,4,No
Texas,Sunday,1,Yes
Texas,Wednesday,1,Yes
Texas,Thursday,1,Yes
Texas,Wednesday,1,No
Texas,Saturday,1,Yes
Texas,Tuesday,1,No
Texas,Sunday,1,No
Texas,Thursday,1,No
Texas,Monday,1,No
Texas,Thursday,1,Yes
Texas,Saturday,1,Yes
Texas,Monday,1,No
Texas,Monday,1,No
Texas,Thursday,1,No
Texas,Sunday,1,Yes
Texas,Thursday,1,Yes
Texas,Sunday,1,No
Texas,Saturday,2,No
Texas,Wednesday,1,No
Texas,Saturday,1,Yes
Texas,Saturday,1,Yes
Texas,Monday,1,Yes
Texas,Thursday,1,Yes
Texas,Friday,1,Yes
Texas,Sunday,1,Yes
Texas,Tuesday,1,No
Texas,Thursday,1,No
Texas,Thursday,1,No
Texas,Thursday,1,No
Texas,Friday,1,No
Texas,Wednesday,1,No
Texas,Saturday,1,Yes
Texas,Saturday,1,No
Texas,Friday,1,No
Texas,Friday,1,No
Texas,Wednesday,1,No
Texas,Tuesday,1,No
Texas,Tuesday,3,No
Texas,Friday,1,No
Texas,Monday,1,No
Texas,Thursday,1,No
Texas,Tuesday,1,No
Texas,Sunday,1,No
Texas,Wednesday,1,No
Texas,Tuesday,1,No
Texas,Tuesday,1,No
Texas,Tuesday,1,No
Texas,Friday,1,No
Texas,Sunday,1,No
Texas,Monday,1,No
Texas,Tuesday,1,No
Texas,Saturday,2,Yes
Texas,Saturday,1,No
Texas,Saturday,1,Yes
Texas,Friday,1,No
Texas,Monday,1,No
Texas,Monday,1,No
Texas,Tuesday,1,No
Texas,Monday,1,No
Texas,Monday,1,No
Texas,Monday,2,No
Texas,Monday,1,No
Texas,Monday,1,No
Texas,Monday,2,No
Texas,Monday,1,No
Texas,Monday,1,No
Texas,Tuesday,1,No
Texas,Sunday,1,No
Texas,Saturday,2,Yes
Texas,Friday,1,No
Texas,Sunday,2,No
Texas,Saturday,1,No
Texas,Sunday,1,No
Texas,Sunday,1,No
Texas,Sunday,2,Yes
Texas,Sunday,1,No
Texas,Sunday,1,No
Texas,Saturday,1,No
Texas,Saturday,1,Yes
Texas,Sunday,2,Yes
Texas,Sunday,1,No
Texas,Friday,1,No
Texas,Saturday,2,No
Texas,Saturday,1,No
Texas,Friday,1,No
Texas,Friday,1,No
Texas,Saturday,1,No
Texas,Thursday,1,No
Texas,Wednesday,1,No
Texas,Wednesday,1,No
Texas,Wednesday,2,Yes
Texas,Wednesday,1,No
Texas,Thursday,1,Yes
Texas,Thursday,1,No
Texas,Thursday,1,No
Texas,Thursday,1,Yes
Texas,Wednesday,1,No
Texas,Wednesday,1,No
Texas,Thursday,2,No
Texas,Friday,1,Yes
Texas,Wednesday,1,Yes
Texas,Thursday,1,Yes
Texas,Thursday,1,No
Texas,Wednesday,1,No
Texas,Friday,1,No
Texas,Wednesday,1,No
Texas,Thursday,1,No
Texas,Thursday,2,Yes
Texas,Friday,1,No
Texas,Wednesday,1,Yes
Texas,Monday,1,No
Texas,Wednesday,1,No
Texas,Wednesday,1,No
Texas,Thursday,1,No
Texas,Saturday,1,Yes
Texas,Saturday,1,No
Texas,Monday,1,Yes
Texas,Sunday,1,No
Texas,Saturday,1,No
Texas,Sunday,1,Yes
Texas,Sunday,1,No
Texas,Monday,1,No
Texas,Saturday,1,Yes
Texas,Sunday,2,No
Texas,Monday,4,No
Texas,Sunday,1,No
Texas,Friday,1,No
Texas,Wednesday,1,No
Texas,Friday,1,No
Texas,Sunday,1,Yes
Texas,Saturday,1,Yes
Texas,Thursday,1,No
Texas,Saturday,1,Yes
Texas,Tuesday,1,No
Texas,Thursday,1,No
Texas,Thursday,1,Yes
Texas,Tuesday,1,No
Texas,Friday,1,No
Texas,Tuesday,1,No
Texas,Friday,1,No
Texas,Wednesday,1,No
Texas,Monday,1,No
Texas,Saturday,1,No
Texas,Tuesday,2,Yes
Texas,Friday,1,Yes
Texas,Wednesday,1,No
Texas,Tuesday,1,No
Texas,Saturday,1,Yes
Texas,Saturday,1,No
Texas,Thursday,1,No
Texas,Wednesday,2,No
Texas,Sunday,1,No
Texas,Monday,1,No
Texas,Thursday,1,No
Texas,Thursday,1,No
Texas,Thursday,1,No
Texas,Thursday,1,No
Texas,Saturday,2,Yes
Texas,Friday,1,Yes
Texas,Wednesday,1,No
Texas,Monday,1,Yes
Texas,Friday,1,No
Texas,Thursday,1,Yes
Texas,Tuesday,1,No
Texas,Sunday,1,No
Texas,Sunday,1,No
Texas,Friday,1,Yes
Texas,Friday,1,No
Texas,Wednesday,1,No
Texas,Sunday,1,No
Texas,Sunday,1,No
Texas,Thursday,1,No
Texas,Sunday,1,No
Texas,Sunday,1,Yes
Texas,Friday,1,Yes
Texas,Sunday,2,No
Texas,Saturday,1,No
Texas,Monday,2,No
Texas,Friday,1,Yes
Texas,Thursday,1,No
Texas,Friday,1,No
Texas,Sunday,1,Yes
Texas,Thursday,1,No
Texas,Saturday,2,No
Texas,Saturday,1,No
Texas,Tuesday,1,No
Texas,Wednesday,1,No
Texas,Wednesday,1,No
Texas,Sunday,1,No
Texas,Saturday,2,Yes
Texas,Monday,1,No
Texas,Friday,1,No
Texas,Friday,1,No
Texas,Tuesday,1,No
Texas,Friday,1,Yes
Texas,Tuesday,1,No
Texas,Saturday,1,No
Texas,Friday,1,Yes
Texas,Thursday,1,No
Texas,Tuesday,1,No
Texas,Friday,1,No
Texas,Tuesday,2,Yes
Texas,Saturday,2,Yes
Texas,Sunday,3,No
Texas,Monday,1,No
Texas,Wednesday,1,No
Texas,Monday,1,Yes
Texas,Monday,1,No
Texas,Wednesday,1,No
Texas,Saturday,1,No
Texas,Wednesday,1,No
Texas,Thursday,1,No
Texas,Friday,1,Yes
Texas,Monday,1,No
Texas,Saturday,3,No
Texas,Wednesday,1,No
Texas,Friday,1,No
Texas,Thursday,1,No
Texas,Tuesday,1,No
Texas,Saturday,1,No
Texas,Tuesday,1,No
Texas,Wednesday,1,No
Texas,Saturday,1,No
Texas,Sunday,2,No
Texas,Tuesday,1,No
Texas,Saturday,1,No
Texas,Wednesday,1,No
Texas,Friday,1,No
Texas,Sunday,1,No
Texas,Friday,1,No
Texas,Monday,1,Yes
Texas,Saturday,1,Yes
Texas,Friday,1,No
Texas,Monday,1,No
Texas,Saturday,1,No
Texas,Monday,1,No
Texas,Friday,1,No
Texas,Wednesday,1,No
Texas,Friday,1,No
Texas,Wednesday,1,No
Texas,Tuesday,1,No
Texas,Sunday,1,No
Texas,Wednesday,1,No
Texas,Saturday,1,No
Texas,Friday,1,Yes
Texas,Wednesday,1,No
Texas,Wednesday,1,Yes
Texas,Thursday,1,Yes
Texas,Friday,1,No
Texas,Sunday,1,No
Texas,Monday,1,No
Texas,Sunday,2,No
Texas,Saturday,1,No
Texas,Tuesday,1,No
Texas,Monday,1,No
Texas,Thursday,1,Yes
Texas,Sunday,1,Yes
Texas,Thursday,1,Yes
Texas,Friday,1,No
Texas,Sunday,1,No
Texas,Saturday,1,No
Texas,Tuesday,1,No
Texas,Friday,1,No
Texas,Tuesday,1,No
Texas,Tuesday,1,No
Texas,Monday,1,No
Texas,Wednesday,1,No
Texas,Friday,1,Yes
Texas,Saturday,1,No
Texas,Monday,1,No
Texas,Tuesday,1,No
Texas,Saturday,1,No
Texas,Saturday,1,Yes
Texas,Thursday,1,No
Texas,Friday,1,No
Texas,Thursday,1,No
Texas,Friday,1,No
Texas,Tuesday,1,No
Texas,Wednesday,1,No
Texas,Wednesday,1,No
Texas,Saturday,1,Yes
Texas,Thursday,2,No
Texas,Wednesday,1,No
Texas,Thursday,1,Yes
Texas,Friday,1,Yes
Texas,Friday,1,No
Texas,Friday,1,No
Texas,Saturday,1,No
Texas,Thursday,1,No
Texas,Monday,1,Yes
Texas,Tuesday,2,No
Texas,Friday,1,No
Texas,Sunday,1,Yes
Texas,Friday,1,No
Texas,Sunday,1,No
Texas,Sunday,1,Yes
Texas,Friday,1,No
Texas,Monday,1,No
Texas,Thursday,1,No
Texas,Sunday,1,Yes
Texas,Wednesday,1,No
Texas,Sunday,1,Yes
Texas,Wednesday,1,No
Texas,Sunday,1,No
Texas,Saturday,1,No
Texas,Wednesday,1,No
Texas,Thursday,4,No
Texas,Wednesday,1,No
Texas,Saturday,1,No
Texas,Friday,1,Yes
Texas,Friday,1,No
Texas,Tuesday,1,No
Texas,Thursday,1,No
Texas,Sunday,1,No
Texas,Friday,1,Yes
Texas,Saturday,1,No
Texas,Monday,1,No
Texas,Sunday,1,No
Texas,Thursday,1,No
Texas,Saturday,1,No
Texas,Thursday,1,No
Texas,Monday,1,No
Texas,Friday,1,No
Texas,Friday,1,No
Texas,Monday,1,No
Texas,Friday,1,No
Texas,Tuesday,2,Yes
Texas,Tuesday,1,No
Texas,Saturday,1,No
Texas,Sunday,1,No
Texas,Wednesday,1,No
Texas,Wednesday,1,No
Texas,Thursday,1,Yes
Texas,Saturday,1,Yes
Texas,Friday,1,No
Texas,Tuesday,1,No
Texas,Monday,1,Yes
Texas,Thursday,1,Yes
Texas,Wednesday,1,Yes
Texas,Tuesday,1,No
Texas,Friday,1,No
Texas,Sunday,1,Yes
Texas,Sunday,1,No
Texas,Thursday,1,No
Texas,Wednesday,1,No
Texas,Sunday,1,No
Texas,Tuesday,1,No
Texas,Thursday,1,No
Texas,Wednesday,1,No
Texas,Friday,1,No
Texas,Friday,1,No
Texas,Monday,1,No
Texas,Friday,1,No
Texas,Monday,1,No
Texas,Tuesday,1,No
Texas,Monday,1,Yes
Texas,Wednesday,1,No
Texas,Tuesday,1,No
Texas,Thursday,2,No
Texas,Thursday,1,No
Texas,Friday,1,No
Texas,Wednesday,1,No
Texas,Monday,1,No
Texas,Monday,1,Yes
Texas,Friday,1,Yes
Texas,Friday,1,Yes
Texas,Monday,1,Yes
Texas,Monday,1,No
Texas,Friday,1,No
Texas,Tuesday,1,Yes
Texas,Sunday,1,No
Texas,Friday,1,No
Texas,Saturday,1,Yes
Texas,Sunday,1,Yes
Texas,Sunday,2,Yes
Texas,Friday,1,Yes
Texas,Tuesday,1,No
Texas,Sunday,1,No
Texas,Monday,1,No
Texas,Monday,1,No
Texas,Sunday,1,Yes
Texas,Saturday,1,No
Texas,Monday,1,No
Texas,Saturday,1,No
Texas,Saturday,1,Yes
Texas,Sunday,1,No
Texas,Sunday,1,Yes
Texas,Sunday,1,Yes
Texas,Monday,1,No
Texas,Wednesday,1,No
Texas,Friday,2,Yes
Texas,Wednesday,2,No
Texas,Sunday,1,Yes
Texas,Saturday,1,No
Texas,Friday,1,No
Texas,Monday,1,No
Texas,Saturday,1,No
Texas,Wednesday,1,No
Texas,Wednesday,1,No
Texas,Thursday,2,No
Texas,Friday,1,No
Texas,Thursday,1,No
Texas,Thursday,1,No
Texas,Monday,1,Yes
Texas,Thursday,1,No
Texas,Thursday,1,No
Texas,Friday,2,No
Texas,Monday,1,No
Texas,Thursday,1,Yes
Texas,Wednesday,1,No
Texas,Friday,1,No
Texas,Saturday,1,Yes
Texas,Friday,1,No
Texas,Friday,1,No
Texas,Sunday,1,No
Texas,Friday,1,No
Texas,Thursday,1,Yes
Texas,Sunday,2,Yes
Texas,Monday,1,No
Texas,Thursday,1,Yes
Texas,Sunday,2,No
Texas,Tuesday,1,No
Texas,Thursday,1,Yes
Texas,Wednesday,1,No
Texas,Tuesday,1,No
Texas,Wednesday,1,No
Texas,Monday,1,No
Texas,Saturday,1,No
Texas,Tuesday,1,No
Texas,Saturday,1,No
Texas,Saturday,2,Yes
Texas,Saturday,1,No
Texas,Tuesday,1,No
Texas,Wednesday,1,No
Texas,Tuesday,2,Yes
Texas,Friday,1,No
Texas,Friday,1,No
Texas,Friday,1,No
Texas,Friday,1,No
Texas,Monday,1,No
Texas,Tuesday,1,No
Texas,Tuesday,1,No
Texas,Saturday,1,No
Texas,Monday,1,No
Texas,Tuesday,1,No
Texas,Thursday,1,No
Texas,Sunday,1,No
Texas,Thursday,1,No
Texas,Friday,1,No
Texas,Thursday,1,Yes
Texas,Friday,1,No
Texas,Friday,1,No
Texas,Sunday,1,No
Texas,Wednesday,1,No
Texas,Friday,1,Yes
Texas,Tuesday,1,Yes
Texas,Sunday,4,No
Texas,Saturday,1,No
Texas,Sunday,1,Yes
Texas,Monday,1,Yes
Texas,Tuesday,1,No
Texas,Friday,1,No
Texas,Saturday,1,No
Texas,Tuesday,1,No
Texas,Wednesday,1,No
Texas,Wednesday,1,No
Texas,Sunday,1,Yes
Texas,Wednesday,1,No
Texas,Saturday,1,No
Texas,Thursday,1,No
Texas,Saturday,1,No
Texas,Wednesday,1,No
Texas,Monday,1,Yes
Texas,Wednesday,1,No
Texas,Friday,1,No
Texas,Wednesday,1,Yes
Texas,Tuesday,2,No
Texas,Wednesday,1,No
Texas,Thursday,2,No
Texas,Thursday,1,No
Texas,Wednesday,1,No
Texas,Tuesday,1,No
Texas,Sunday,1,No
Texas,Friday,1,No
Texas,Thursday,1,No
Texas,Wednesday,1,No
Texas,Monday,1,No
Texas,Saturday,2,Yes
Texas,Sunday,1,Yes
Texas,Thursday,1,No
Texas,Saturday,3,No
Texas,Saturday,1,No
Texas,Saturday,1,No
Texas,Sunday,1,No
Texas,Sunday,1,Yes
Texas,Wednesday,1,No
Texas,Sunday,1,Yes
Texas,Thursday,1,No
Texas,Friday,1,Yes
Texas,Tuesday,1,Yes
Texas,Friday,1,No
Texas,Saturday,1,No
Texas,Friday,1,No
Texas,Saturday,1,No
Texas,Sunday,1,Yes
Texas,Sunday,1,No
Texas,Wednesday,1,No
Texas,Saturday,1,No
Texas,Tuesday,1,Yes
Texas,Tuesday,1,No
Texas,Thursday,1,No
Texas,Thursday,1,No
Texas,Thursday,1,No
Texas,Thursday,2,No
Texas,Sunday,1,No
Texas,Sunday,2,No
Texas,Sunday,1,No
Texas,Thursday,1,No
Texas,Friday,1,No
Texas,Sunday,1,No
Texas,Wednesday,1,No
Texas,Monday,1,No
Texas,Monday,1,No
Texas,Tuesday,1,No
Texas,Monday,2,No
Texas,Saturday,1,No
Texas,Sunday,1,No
Texas,Friday,1,No
Texas,Tuesday,1,No
Texas,Saturday,3,No
Texas,Wednesday,2,No
Texas,Saturday,1,No
Texas,Sunday,1,No
Texas,Sunday,1,No
Texas,Sunday,1,Yes
Texas,Thursday,1,No
Texas,Sunday,1,No
Texas,Sunday,1,No
Texas,Wednesday,1,No
Texas,Monday,1,No
Texas,Friday,1,No
Texas,Saturday,1,Yes
Texas,Tuesday,1,No
Texas,Saturday,1,No
Texas,Wednesday,1,No
Texas,Sunday,1,No
Texas,Sunday,1,Yes
Texas,Friday,2,Yes
Texas,Thursday,1,No
Texas,Sunday,1,Yes
Texas,Tuesday,1,Yes
Texas,Saturday,2,Yes
Texas,Saturday,1,No
Texas,Friday,1,No
Texas,Monday,1,No
Texas,Tuesday,1,No
Texas,Thursday,1,No
Texas,Sunday,1,No
Texas,Tuesday,1,No
Texas,Monday,1,No
Texas,Tuesday,1,No
Texas,Thursday,1,Yes
Texas,Friday,1,No
Texas,Saturday,1,Yes
Texas,Wednesday,1,Yes
Texas,Monday,1,No
Texas,Monday,1,No
Texas,Saturday,1,Yes
Texas,Sunday,1,No
Texas,Saturday,1,No
Texas,Tuesday,1,Yes
Texas,Tuesday,1,No
Texas,Sunday,1,No
Texas,Monday,2,No
Texas,Friday,2,No
Texas,Wednesday,1,Yes
Texas,Monday,1,No
Texas,Friday,1,No
Texas,Wednesday,1,No
Texas,Saturday,1,No
Texas,Thursday,1,No
Texas,Monday,1,Yes
Texas,Tuesday,1,No
Texas,Monday,1,No
Texas,Wednesday,1,No
Texas,Tuesday,1,No
Texas,Monday,1,No
Texas,Wednesday,1,No
Texas,Thursday,1,No
Texas,Wednesday,1,Yes
Texas,Sunday,1,No
Texas,Thursday,1,No
Texas,Wednesday,1,Yes
Texas,Sunday,1,Yes
Texas,Wednesday,1,No
Texas,Wednesday,2,No
Texas,Friday,1,Yes
Texas,Saturday,1,No
Texas,Wednesday,1,No
Texas,Sunday,1,Yes
Texas,Wednesday,1,No
Texas,Wednesday,1,No
Texas,Tuesday,1,No
Texas,Thursday,1,No
Texas,Thursday,1,No
Texas,Monday,2,No
Texas,Monday,3,No
Texas,Monday,1,No
Texas,Tuesday,1,No
Texas,Sunday,1,No
Texas,Thursday,1,Yes
Texas,Sunday,1,No
Texas,Tuesday,1,No
Texas,Wednesday,2,No
Texas,Saturday,1,Yes
Texas,Monday,1,No
Texas,Tuesday,1,No
Texas,Saturday,1,No
Texas,Saturday,1,No
Texas,Tuesday,1,No
Texas,Wednesday,1,Yes
Texas,Friday,1,No
Texas,Sunday,1,No
Texas,Monday,1,No
Texas,Wednesday,1,Yes
Texas,Monday,1,No
Texas,Thursday,1,No
Texas,Friday,1,No
Texas,Friday,1,No
Texas,Wednesday,1,No
Texas,Sunday,1,No
Texas,Wednesday,1,No
Texas,Friday,1,No
Texas,Sunday,1,No
Texas,Saturday,1,Yes
Texas,Thursday,1,Yes
Texas,Tuesday,1,No
Texas,Wednesday,1,Yes
Texas,Saturday,2,No
Texas,Sunday,1,No
Texas,Thursday,1,No
Texas,Wednesday,1,No
Texas,Friday,1,No
Texas,Friday,1,No
Texas,Friday,1,Yes
Texas,Sunday,2,No
Texas,Thursday,1,No
Texas,Thursday,1,No
Texas,Tuesday,1,No
Texas,Monday,1,No
Texas,Tuesday,1,No
Texas,Thursday,1,No
Texas,Friday,1,Yes
Texas,Saturday,1,No
Texas,Thursday,2,No
Texas,Thursday,2,No
Texas,Wednesday,1,No
Texas,Thursday,1,Yes
Texas,Tuesday,3,No
Texas,Sunday,1,No
Texas,Sunday,1,No
Texas,Wednesday,1,No
Texas,Monday,1,No
Texas,Monday,1,No
Texas,Monday,1,No
Texas,Saturday,1,Yes
Texas,Tuesday,1,No
Texas,Saturday,1,Yes
Texas,Wednesday,1,No
Texas,Wednesday,1,No
Texas,Tuesday,1,Yes
Texas,Monday,1,No
Texas,Friday,1,Yes
Texas,Wednesday,1,No
Texas,Monday,2,No
Texas,Monday,1,No
Texas,Saturday,1,No
Texas,Tuesday,1,No
Texas,Friday,1,No
Texas,Sunday,1,No
Texas,Saturday,1,Yes
Texas,Sunday,1,No
Texas,Monday,1,No
Texas,Sunday,1,No
Texas,Tuesday,1,No
Texas,Friday,1,No
Texas,Tuesday,1,No
Texas,Tuesday,1,No
Texas,Tuesday,1,Yes
Texas,Saturday,1,No
Texas,Friday,1,No
Texas,Saturday,1,No
Texas,Saturday,1,No
Texas,Sunday,1,Yes
Texas,Thursday,1,No
Texas,Tuesday,1,No
Texas,Saturday,1,No
Texas,Friday,1,No
Texas,Saturday,1,No
Texas,Monday,1,No
Texas,Saturday,1,No
Texas,Sunday,1,No
Texas,Monday,1,No
Texas,Saturday,1,No
Texas,Thursday,1,No
Texas,Saturday,1,Yes
Texas,Wednesday,1,No
Texas,Tuesday,1,Yes
Texas,Saturday,1,Yes
Texas,Friday,1,No
Texas,Monday,1,No
Texas,Thursday,1,No
Texas,Monday,1,No
Texas,Friday,1,Yes
Texas,Friday,1,No
Texas,Tuesday,1,Yes
Texas,Thursday,1,No
Texas,Friday,1,No
Texas,Monday,1,Yes
Texas,Saturday,1,No
Texas,Saturday,1,No
Texas,Thursday,1,Yes
Texas,Wednesday,1,No
Texas,Wednesday,1,Yes
Texas,Sunday,1,No
Texas,Saturday,1,No
Texas,Friday,1,No
Texas,Monday,1,No
Texas,Sunday,1,Yes
Texas,Sunday,1,No
Texas,Sunday,1,No
Texas,Wednesday,1,No
Texas,Monday,1,No
Texas,Friday,1,No
Texas,Sunday,1,No
Texas,Monday,1,No
Texas,Sunday,1,No
Texas,Sunday,1,No
Texas,Sunday,1,Yes
Texas,Monday,1,No
Texas,Sunday,1,No
Texas,Saturday,1,Yes
Texas,Saturday,1,No
Texas,Monday,1,No
Texas,Friday,1,No
Texas,Sunday,1,Yes
Texas,Monday,1,No
Texas,Sunday,1,Yes
Texas,Tuesday,1,No
Texas,Tuesday,2,No
Texas,Wednesday,1,No
Texas,Tuesday,1,No
Texas,Wednesday,1,No
Texas,Friday,1,No
Texas,Tuesday,1,No
Texas,Friday,1,No
Texas,Saturday,1,No
Texas,Wednesday,1,No
Texas,Saturday,1,No
Texas,Wednesday,1,No
Texas,Friday,1,No
Texas,Sunday,1,Yes
Texas,Monday,1,No
Texas,Sunday,1,Yes
Texas,Friday,1,No
Texas,Wednesday,1,No
Texas,Monday,1,No
Texas,Friday,1,No
Texas,Sunday,1,Yes
Texas,Wednesday,1,Yes
Texas,Sunday,1,No
Texas,Saturday,2,Yes
Texas,Saturday,1,Yes
Texas,Sunday,1,No
Texas,Thursday,1,Yes
Texas,Tuesday,1,No
Texas,Friday,1,Yes
Texas,Saturday,2,Yes
Texas,Thursday,1,No
Texas,Wednesday,1,No
Texas,Thursday,1,No
Texas,Tuesday,1,No
Texas,Saturday,1,No
Texas,Tuesday,1,No
Texas,Wednesday,1,No
Texas,Monday,1,No
Texas,Friday,1,Yes
Texas,Monday,1,No
Texas,Sunday,2,No
Texas,Sunday,1,No
Texas,Saturday,1,No
Texas,Thursday,1,Yes
Texas,Tuesday,1,No
Texas,Friday,1,Yes
Texas,Friday,1,No
Texas,Sunday,2,Yes
Texas,Saturday,1,No
Texas,Sunday,1,No
Texas,Saturday,1,No
Texas,Friday,1,No
Texas,Sunday,1,No
Texas,Sunday,1,Yes
Texas,Saturday,2,Yes
Texas,Thursday,1,No
Texas,Thursday,1,No
Texas,Monday,1,No
Texas,Saturday,1,No
Texas,Sunday,1,Yes
Texas,Tuesday,1,No
Texas,Tuesday,1,Yes
Texas,Wednesday,1,No
Texas,Sunday,1,No
Texas,Sunday,1,No
Texas,Sunday,1,No
Texas,Saturday,1,No
Texas,Thursday,1,No
Texas,Friday,1,No
Texas,Tuesday,1,No
Texas,Sunday,2,Yes
Texas,Tuesday,1,No
Texas,Monday,1,Yes
Texas,Tuesday,1,No
Texas,Wednesday,1,No
Texas,Tuesday,1,No
Texas,Thursday,1,No
Texas,Friday,1,No
Texas,Saturday,1,No
Texas,Saturday,1,No
Texas,Sunday,1,No
Texas,Friday,1,No
Texas,Tuesday,1,No
Texas,Saturday,1,No
Texas,Monday,1,Yes
Texas,Saturday,1,Yes
Texas,Friday,1,No
Texas,Wednesday,1,Yes
Texas,Monday,1,Yes
Texas,Sunday,1,No
Texas,Monday,1,No
Texas,Saturday,1,No
Texas,Tuesday,1,No
Texas,Friday,1,Yes
Texas,Thursday,1,No
Texas,Sunday,1,No
Texas,Tuesday,1,No
Texas,Wednesday,1,No
Texas,Tuesday,1,No
Texas,Thursday,1,No
Texas,Tuesday,1,No
Texas,Wednesday,1,No
Texas,Tuesday,2,No
Texas,Thursday,1,No
Texas,Friday,1,No
Texas,Sunday,1,No
Texas,Saturday,1,Yes
Texas,Tuesday,1,Yes
Texas,Wednesday,1,Yes
Texas,Wednesday,1,Yes
Texas,Saturday,1,Yes
Texas,Monday,1,Yes
Texas,Thursday,1,No
Texas,Wednesday,1,No
Texas,Tuesday,1,Yes
Texas,Friday,1,No
Texas,Friday,1,No
Texas,Wednesday,1,No
Texas,Sunday,1,No
Texas,Monday,1,No
Texas,Monday,1,No
Texas,Wednesday,1,No
Texas,Monday,1,No
Texas,Tuesday,1,Yes
Texas,Friday,1,No
Texas,Sunday,2,Yes
Texas,Friday,2,Yes
Texas,Thursday,1,Yes
Texas,Saturday,1,Yes
Texas,Thursday,2,No
Texas,Tuesday,1,No
Texas,Saturday,1,No
Texas,Tuesday,1,No
Texas,Monday,1,No
Texas,Friday,1,No
Texas,Sunday,1,No
Texas,Monday,1,Yes
Texas,Sunday,2,Yes
Texas,Saturday,1,No
Texas,Wednesday,1,No
Texas,Thursday,1,No
Texas,Thursday,1,Yes
Texas,Thursday,2,No
Texas,Thursday,1,Yes
Texas,Sunday,2,No
Texas,Sunday,2,Yes
Texas,Friday,2,No
Texas,Friday,1,No
Texas,Monday,1,No
Texas,Thursday,1,No
Texas,Sunday,1,Yes
Texas,Monday,4,No
Texas,Sunday,1,Yes
Texas,Thursday,1,No
Texas,Tuesday,1,No
Texas,Tuesday,1,No
Texas,Friday,1,No
Texas,Wednesday,1,No
Texas,Sunday,1,No
Texas,Sunday,1,Yes
Texas,Thursday,1,Yes
Texas,Sunday,1,No
Texas,Monday,1,No
Texas,Saturday,1,Yes
Texas,Monday,1,No
Texas,Thursday,2,Yes
Texas,Sunday,1,No
Texas,Friday,1,No
Texas,Wednesday,1,No
Texas,Saturday,1,No
Texas,Friday,1,Yes
Texas,Sunday,1,Yes
Texas,Wednesday,1,No
Texas,Friday,1,Yes
Texas,Wednesday,1,No
Texas,Monday,4,No
Texas,Tuesday,3,Yes
Texas,Thursday,2,No
Texas,Tuesday,1,No
Texas,Monday,1,No
Texas,Tuesday,1,No
Texas,Thursday,1,No
Texas,Wednesday,1,No
Texas,Friday,1,Yes
Texas,Sunday,1,No
Texas,Sunday,1,No
Texas,Saturday,1,No
Texas,Tuesday,1,No
Texas,Thursday,1,Yes
Texas,Wednesday,1,No
Texas,Sunday,1,No
Texas,Saturday,1,Yes
Texas,Saturday,1,Yes
Texas,Wednesday,1,No
Texas,Thursday,1,Yes
Texas,Thursday,1,No
Texas,Thursday,1,No
Texas,Thursday,1,No
Texas,Monday,1,No
Texas,Saturday,1,No
Texas,Monday,1,Yes
Texas,Saturday,1,Yes
Texas,Wednesday,1,No
Texas,Saturday,1,No
Texas,Thursday,1,Yes
Texas,Friday,1,No
Texas,Sunday,1,Yes
Texas,Friday,1,No
Texas,Sunday,1,Yes
Texas,Thursday,1,No
Texas,Thursday,1,No
Texas,Sunday,1,No
Texas,Thursday,1,No
Texas,Saturday,1,No
Texas,Monday,1,No
Texas,Saturday,2,No
Texas,Friday,1,Yes
Texas,Thursday,1,No
Texas,Wednesday,1,No
Texas,Monday,1,No
Texas,Monday,1,No
Texas,Monday,1,Yes
Texas,Wednesday,1,Yes
Texas,Tuesday,1,No
Texas,Sunday,1,No
Texas,Wednesday,1,No
Texas,Saturday,1,No
Texas,Tuesday,1,No
Texas,Saturday,1,No
Texas,Sunday,1,No
Texas,Friday,1,Yes
Texas,Friday,1,Yes
Texas,Tuesday,1,No
Texas,Friday,1,Yes
Texas,Thursday,1,Yes
Texas,Wednesday,1,No
Texas,Thursday,1,No
Texas,Thursday,1,No
Texas,Friday,1,No
Texas,Friday,1,No
Texas,Sunday,1,No
Texas,Saturday,1,Yes
Texas,Monday,1,No
Texas,Monday,1,No
Texas,Wednesday,1,No
Texas,Thursday,1,No
Texas,Wednesday,1,No
Texas,Wednesday,1,Yes
Texas,Wednesday,1,No
Texas,Thursday,1,No
Texas,Tuesday,1,No
Texas,Sunday,1,No
Texas,Wednesday,1,No
Texas,Wednesday,1,No
Texas,Saturday,1,No
Texas,Tuesday,1,No
Texas,Friday,1,No
Texas,Sunday,1,No
Texas,Thursday,1,No
Texas,Wednesday,2,Yes
Texas,Sunday,1,No
Texas,Thursday,1,No
Texas,Sunday,1,No
Texas,Friday,1,No
Texas,Sunday,1,No
Texas,Sunday,2,Yes
Texas,Sunday,1,No
Texas,Thursday,1,Yes
Texas,Sunday,1,No
Texas,Saturday,1,No
Texas,Thursday,1,No
Texas,Tuesday,1,No
Texas,Thursday,1,No
Texas,Saturday,1,Yes
Texas,Friday,1,No
Texas,Thursday,1,No
Texas,Sunday,1,No
Texas,Saturday,1,No
Texas,Sunday,1,Yes
Texas,Tuesday,1,Yes
Texas,Monday,1,Yes
Texas,Saturday,1,No
Texas,Sunday,1,No
Texas,Sunday,1,No
Texas,Tuesday,1,Yes
Texas,Thursday,1,Yes
Texas,Friday,1,Yes
Texas,Wednesday,1,No
Texas,Friday,2,Yes
Texas,Sunday,1,Yes
Texas,Sunday,1,Yes
Texas,Sunday,1,No
Texas,Friday,1,No
Texas,Monday,2,No
Texas,Wednesday,1,No
Texas,Tuesday,1,No
Texas,Wednesday,1,No
Texas,Sunday,1,Yes
Texas,Wednesday,1,No
Texas,Monday,1,No
Texas,Monday,1,No
Texas,Thursday,1,No
Texas,Saturday,1,No
Texas,Sunday,1,Yes
Texas,Tuesday,3,No
Texas,Sunday,1,No
Texas,Wednesday,1,No
Texas,Monday,1,No
Texas,Sunday,1,No
Texas,Thursday,1,No
Texas,Sunday,1,Yes
Texas,Wednesday,1,No
Texas,Thursday,1,No
Texas,Monday,1,No
Texas,Tuesday,1,No
Texas,Saturday,1,No
Texas,Thursday,1,No
Texas,Friday,1,No
Texas,Wednesday,1,No
Texas,Thursday,1,No
Texas,Monday,1,No
Texas,Tuesday,1,No
Texas,Wednesday,1,No
Texas,Friday,1,No
Texas,Tuesday,1,No
Texas,Thursday,1,No
Texas,Tuesday,1,No
Texas,Tuesday,1,Yes
Texas,Friday,1,No
Texas,Friday,1,No
Texas,Friday,1,No
Texas,Wednesday,1,No
Texas,Saturday,1,No
Texas,Friday,1,No
Texas,Monday,1,Yes
Texas,Thursday,1,No
Texas,Thursday,1,No
Texas,Saturday,1,No
Texas,Friday,1,Yes
Texas,Sunday,1,No
Texas,Saturday,1,No
Texas,Monday,1,No
Texas,Wednesday,1,No
Texas,Monday,2,No
Texas,Tuesday,1,No
Texas,Thursday,1,No
Texas,Monday,1,Yes
Texas,Monday,1,No
Texas,Wednesday,1,No
Texas,Monday,1,No
Texas,Saturday,1,No
Texas,Friday,1,No
Texas,Tuesday,1,Yes
Texas,Saturday,1,No
Texas,Tuesday,1,No
Texas,Friday,1,No
Texas,Monday,1,No
Texas,Thursday,1,No
Texas,Sunday,1,Yes
Texas,Sunday,1,Yes
Texas,Saturday,1,No
Texas,Monday,1,No
Texas,Monday,1,No
Texas,Sunday,1,Yes
Texas,Wednesday,1,Yes
Texas,Sunday,1,No
Texas,Thursday,1,No
Texas,Sunday,1,Yes
Texas,Tuesday,1,No
Texas,Wednesday,2,No
Texas,Friday,2,No
Texas,Thursday,1,No
Texas,Wednesday,1,No
Texas,Wednesday,2,No
Texas,Sunday,1,No
Texas,Friday,1,Yes
Texas,Friday,1,No
Texas,Friday,1,No
Texas,Wednesday,1,No
Texas,Friday,1,No
Texas,Thursday,1,Yes
Texas,Monday,1,No
Texas,Thursday,1,No
Texas,Friday,1,No
Texas,Thursday,1,No
Texas,Saturday,1,No
Texas,Sunday,1,No
Texas,Thursday,1,Yes
Texas,Tuesday,1,No
Texas,Tuesday,1,No
Texas,Monday,1,No
Texas,Wednesday,1,No
Texas,Wednesday,1,No
Texas,Friday,1,No
Texas,Tuesday,1,No
Texas,Wednesday,1,No
Texas,Thursday,1,No
Texas,Sunday,1,No
Texas,Saturday,1,Yes
Texas,Monday,1,No
Texas,Wednesday,1,Yes
Texas,Saturday,1,No
Texas,Thursday,1,No
Texas,Sunday,1,No
Texas,Sunday,1,No
Texas,Monday,1,No
Texas,Thursday,1,No
Texas,Monday,1,No
Texas,Sunday,1,Yes
Texas,Wednesday,2,No
Texas,Saturday,1,Yes
Texas,Friday,1,Yes
Texas,Thursday,2,No
Texas,Thursday,1,No
Texas,Saturday,1,Yes
Texas,Tuesday,1,No
Texas,Friday,1,Yes
Texas,Sunday,1,No
Texas,Saturday,1,Yes
Texas,Monday,1,Yes
Texas,Saturday,1,Yes
Texas,Monday,1,No
Texas,Saturday,1,No
Texas,Saturday,1,No
Texas,Sunday,1,No
Texas,Sunday,1,No
Texas,Wednesday,1,No
Texas,Thursday,1,No
Texas,Sunday,1,No
Texas,Tuesday,1,No
Texas,Saturday,1,Yes
Texas,Tuesday,1,Yes
Texas,Friday,1,Yes
Texas,Thursday,1,Yes
Texas,Wednesday,1,No
Texas,Friday,1,No
Texas,Thursday,1,No
Texas,Monday,1,No
Texas,Thursday,1,Yes
Texas,Monday,1,No
Texas,Friday,1,No
Texas,Friday,1,No
Texas,Friday,2,No
Texas,Friday,1,No
Texas,Tuesday,1,No
Texas,Saturday,1,No
Texas,Saturday,1,No
Texas,Saturday,1,No
Texas,Thursday,1,No
Texas,Monday,1,No
Texas,Friday,1,No
Texas,Sunday,1,No
Texas,Friday,1,No
Texas,Saturday,1,Yes
Texas,Saturday,1,No
Texas,Tuesday,1,Yes
Texas,Sunday,1,No
Texas,Saturday,1,No
Texas,Sunday,1,Yes
Texas,Friday,1,Yes
Texas,Friday,1,No
Texas,Tuesday,1,No
Texas,Wednesday,1,No
Texas,Saturday,1,No
Texas,Monday,1,No
Texas,Wednesday,1,No
Texas,Sunday,1,No
Texas,Saturday,1,No
Texas,Thursday,1,No
Texas,Friday,1,No
Texas,Saturday,1,Yes
Texas,Saturday,1,No
Texas,Wednesday,5,No
Texas,Sunday,1,Yes
Texas,Saturday,1,No
Texas,Wednesday,1,No
Texas,Saturday,1,No
Texas,Thursday,1,No
Texas,Friday,1,No
Texas,Monday,1,No
Texas,Wednesday,1,Yes
Texas,Monday,1,No
Texas,Sunday,1,No
Texas,Wednesday,1,No
Texas,Tuesday,1,No
Texas,Monday,1,Yes
Texas,Thursday,1,Yes
Texas,Saturday,1,Yes
Texas,Tuesday,1,Yes
Texas,Monday,1,Yes
Texas,Friday,1,No
Texas,Sunday,2,Yes
Texas,Saturday,1,No
Texas,Wednesday,1,Yes
Texas,Saturday,1,No
Texas,Tuesday,2,No
Texas,Monday,1,No
Texas,Wednesday,1,No
Texas,Saturday,1,No
Texas,Monday,1,No
Texas,Tuesday,1,No
Texas,Monday,1,No
Texas,Sunday,1,Yes
Texas,Wednesday,1,No
Texas,Sunday,1,No
Texas,Sunday,1,No
Texas,Sunday,1,Yes
Texas,Saturday,1,No
Texas,Saturday,2,No
Texas,Saturday,1,No
Texas,Monday,2,No
Texas,Wednesday,3,No
Texas,Monday,1,No
Texas,Monday,1,No
Texas,Tuesday,1,No
Texas,Saturday,1,Yes
Texas,Friday,1,Yes
Texas,Monday,1,No
Texas,Wednesday,1,No
Texas,Sunday,1,Yes
Texas,Friday,1,No
Texas,Friday,1,No
Texas,Saturday,1,No
Texas,Saturday,1,No
Texas,Friday,1,Yes
Texas,Thursday,1,No
Texas,Monday,1,No
Texas,Friday,1,No
Texas,Sunday,1,Yes
Texas,Wednesday,1,No
Texas,Wednesday,1,No
Texas,Tuesday,1,No
Texas,Saturday,1,No
Texas,Sunday,1,No
Texas,Friday,1,Yes
Texas,Monday,1,Yes
Texas,Friday,1,No
Texas,Monday,1,No
Texas,Sunday,1,No
Texas,Friday,1,No
Texas,Tuesday,1,No
Texas,Monday,1,No
Texas,Wednesday,1,Yes
Texas,Monday,1,No
Texas,Sunday,1,Yes
Texas,Tuesday,1,No
Texas,Thursday,1,No
Texas,Wednesday,1,No
Texas,Saturday,1,No
Texas,Tuesday,1,No
Texas,Saturday,1,No
Texas,Sunday,1,Yes
Texas,Wednesday,1,No
Texas,Sunday,1,No
Texas,Wednesday,1,No
Texas,Saturday,1,No
Texas,Sunday,3,No
Texas,Sunday,1,No
Texas,Thursday,1,No
Texas,Tuesday,1,No
Texas,Saturday,1,No
Texas,Saturday,1,No
Texas,Saturday,1,No
Texas,Tuesday,1,No
Texas,Wednesday,1,No
Texas,Sunday,2,No
Texas,Tuesday,1,No
Texas,Tuesday,1,No
Texas,Sunday,1,Yes
Texas,Monday,1,No
Texas,Monday,1,No
Texas,Monday,1,No
Texas,Friday,1,No
Texas,Monday,1,No
Texas,Thursday,2,No
Texas,Monday,1,No
Texas,Sunday,1,Yes
Texas,Sunday,1,Yes
Texas,Monday,1,No
Texas,Saturday,1,No
Texas,Wednesday,1,Yes
Texas,Friday,1,No
Texas,Wednesday,1,No
Texas,Saturday,2,Yes
Texas,Friday,2,No
Texas,Wednesday,1,No
Texas,Tuesday,1,Yes
Texas,Thursday,1,No
Texas,Wednesday,1,No
Texas,Wednesday,1,No
Utah,Monday,1,Yes
Utah,Monday,1,No
Utah,Tuesday,1,No
Utah,Thursday,1,No
Utah,Thursday,1,No
Utah,Monday,1,No
Utah,Tuesday,1,No
Utah,Monday,1,Yes
Utah,Sunday,1,No
Utah,Thursday,1,No
Utah,Sunday,1,Yes
Utah,Wednesday,1,No
Utah,Wednesday,1,No
Utah,Sunday,1,Yes
Utah,Sunday,1,No
Utah,Sunday,1,Yes
Utah,Monday,1,Yes
Utah,Monday,1,No
Utah,Saturday,1,Yes
Utah,Wednesday,1,No
Utah,Wednesday,2,Yes
Utah,Saturday,1,Yes
Utah,Saturday,1,No
Utah,Thursday,1,No
Utah,Monday,1,No
Utah,Wednesday,1,No
Utah,Friday,1,No
Utah,Tuesday,1,No
Utah,Saturday,1,No
Utah,Sunday,1,Yes
Utah,Thursday,1,No
Utah,Friday,1,No
Utah,Wednesday,1,No
Utah,Thursday,1,Yes
Utah,Tuesday,1,No
Utah,Saturday,1,No
Utah,Monday,1,Yes
Utah,Sunday,1,No
Utah,Tuesday,1,No
Utah,Monday,1,No
Utah,Saturday,1,Yes
Utah,Friday,1,Yes
Utah,Thursday,1,No
Utah,Saturday,1,No
Utah,Wednesday,2,No
Utah,Sunday,1,No
Utah,Saturday,1,No
Utah,Friday,1,No
Utah,Tuesday,1,No
Utah,Tuesday,1,No
Utah,Saturday,1,Yes
Utah,Sunday,1,Yes
Utah,Sunday,1,No
Utah,Saturday,1,No
Utah,Friday,1,No
Utah,Wednesday,1,No
Utah,Friday,1,Yes
Utah,Saturday,1,Yes
Utah,Tuesday,1,Yes
Utah,Thursday,1,No
Utah,Friday,1,No
Utah,Tuesday,1,No
Utah,Monday,1,No
Utah,Wednesday,1,No
Utah,Monday,1,No
Utah,Sunday,1,No
Utah,Saturday,1,No
Utah,Monday,1,No
Utah,Sunday,1,No
Utah,Thursday,1,No
Utah,Monday,1,No
Utah,Thursday,1,No
Utah,Friday,1,No
Utah,Friday,1,No
Utah,Monday,1,No
Utah,Friday,1,Yes
Utah,Tuesday,1,No
Utah,Tuesday,1,Yes
Utah,Saturday,1,No
Utah,Tuesday,1,No
Utah,Tuesday,1,No
Utah,Saturday,2,No
Utah,Wednesday,1,No
Utah,Tuesday,1,No
Utah,Tuesday,1,No
Utah,Friday,1,No
Utah,Thursday,1,No
Utah,Friday,1,No
Utah,Wednesday,1,No
Utah,Saturday,1,Yes
Utah,Tuesday,1,No
Utah,Friday,1,Yes
Utah,Wednesday,1,No
Utah,Saturday,1,No
Utah,Tuesday,3,No
Utah,Sunday,1,No
Utah,Saturday,1,No
Utah,Saturday,1,No
Utah,Monday,1,No
Utah,Tuesday,1,No
Utah,Tuesday,1,No
Utah,Saturday,1,No
Utah,Thursday,1,No
Utah,Thursday,1,No
Utah,Monday,1,No
Utah,Thursday,1,No
Utah,Wednesday,1,Yes
Utah,Friday,1,Yes
Utah,Wednesday,2,No
Utah,Sunday,1,No
Utah,Sunday,1,No
Utah,Tuesday,1,No
Utah,Thursday,3,No
Utah,Sunday,1,No
Utah,Tuesday,1,No
Utah,Saturday,1,Yes
Utah,Tuesday,1,No
Utah,Saturday,1,No
Utah,Tuesday,1,Yes
Utah,Friday,2,No
Utah,Friday,2,No
Utah,Wednesday,1,No
Utah,Sunday,1,No
Utah,Thursday,1,No
Utah,Saturday,1,No
Utah,Friday,1,No
Utah,Thursday,1,No
Utah,Thursday,2,Yes
Utah,Friday,1,Yes
Utah,Thursday,1,No
Utah,Sunday,1,Yes
Utah,Wednesday,1,No
Utah,Sunday,1,No
Utah,Wednesday,1,Yes
Utah,Sunday,1,No
Utah,Saturday,2,No
Utah,Friday,1,No
Utah,Sunday,1,No
Utah,Monday,1,No
Utah,Saturday,2,Yes
Utah,Wednesday,1,No
Utah,Thursday,1,Yes
Utah,Saturday,1,No
Utah,Wednesday,1,No
Utah,Sunday,1,No
Utah,Sunday,1,No
Utah,Sunday,1,Yes
Utah,Saturday,1,No
Utah,Sunday,1,Yes
Utah,Wednesday,1,No
Utah,Friday,1,No
Utah,Saturday,1,Yes
Utah,Tuesday,1,No
Utah,Thursday,1,No
Utah,Sunday,1,Yes
Utah,Monday,1,No
Utah,Wednesday,1,No
Utah,Tuesday,1,No
Utah,Saturday,1,No
Utah,Tuesday,1,No
Utah,Sunday,1,Yes
Utah,Wednesday,1,No
Utah,Monday,1,No
Utah,Saturday,1,No
Utah,Tuesday,1,No
Utah,Saturday,1,Yes
Utah,Tuesday,1,No
Utah,Friday,1,Yes
Utah,Monday,1,No
Utah,Wednesday,1,No
Utah,Saturday,1,No
Utah,Thursday,1,No
Utah,Thursday,1,No
Utah,Monday,1,Yes
Utah,Monday,1,No
Utah,Monday,1,No
Utah,Thursday,1,Yes
Utah,Saturday,1,No
Utah,Friday,1,No
Utah,Tuesday,1,No
Utah,Friday,1,No
Utah,Monday,1,No
Utah,Sunday,1,Yes
Utah,Sunday,1,No
Utah,Thursday,1,No
Utah,Saturday,1,No
Utah,Thursday,1,Yes
Utah,Sunday,3,Yes
Utah,Saturday,1,No
Utah,Thursday,1,No
Utah,Tuesday,2,No
Utah,Sunday,1,Yes
Utah,Friday,6,Yes
Utah,Thursday,1,Yes
Utah,Wednesday,1,No
Utah,Sunday,1,No
Utah,Saturday,1,No
Utah,Sunday,1,Yes
Utah,Wednesday,1,No
Utah,Thursday,1,No
Utah,Wednesday,1,No
Utah,Saturday,1,No
Utah,Tuesday,1,No
Utah,Tuesday,1,Yes
Utah,Saturday,1,No
Utah,Thursday,1,No
Utah,Tuesday,1,No
Utah,Saturday,1,No
Utah,Wednesday,1,No
Utah,Monday,1,No
Utah,Sunday,1,No
Utah,Wednesday,1,No
Utah,Friday,1,Yes
Utah,Saturday,1,Yes
Utah,Monday,1,No
Utah,Sunday,1,No
Utah,Tuesday,1,No
Utah,Tuesday,1,No
Utah,Saturday,1,No
Utah,Saturday,1,No
Utah,Sunday,1,Yes
Utah,Saturday,1,No
Utah,Friday,3,Yes
Utah,Friday,1,No
Utah,Sunday,1,Yes
Utah,Saturday,1,No
Utah,Monday,1,No
Utah,Tuesday,1,No
Utah,Friday,1,No
Utah,Friday,1,Yes
Utah,Sunday,1,Yes
Utah,Saturday,1,Yes
Utah,Sunday,1,No
Utah,Wednesday,1,No
Utah,Sunday,1,No
Utah,Monday,1,No
Utah,Friday,1,No
Vermont,Monday,1,No
Vermont,Wednesday,1,Yes
Vermont,Thursday,1,No
Vermont,Sunday,2,No
Vermont,Saturday,1,No
Vermont,Sunday,1,No
Vermont,Sunday,1,Yes
Vermont,Sunday,1,No
Vermont,Friday,1,No
Vermont,Friday,1,Yes
Vermont,Sunday,1,No
Vermont,Thursday,1,No
Vermont,Sunday,1,No
Vermont,Friday,1,No
Vermont,Tuesday,1,Yes
Vermont,Friday,1,No
Vermont,Friday,2,No
Vermont,Saturday,1,No
Vermont,Wednesday,1,Yes
Vermont,Wednesday,1,No
Vermont,Friday,1,No
Vermont,Friday,2,No
Vermont,Thursday,1,No
Vermont,Sunday,1,Yes
Vermont,Thursday,2,No
Vermont,Tuesday,1,Yes
Vermont,Thursday,1,No
Vermont,Tuesday,1,No
Vermont,Wednesday,1,No
Vermont,Friday,1,No
Vermont,Saturday,2,Yes
Vermont,Friday,1,Yes
Vermont,Saturday,1,No
Vermont,Friday,1,Yes
Vermont,Friday,1,No
Vermont,Sunday,1,Yes
Vermont,Monday,1,No
Vermont,Saturday,2,No
Vermont,Sunday,1,Yes
Vermont,Wednesday,1,No
Vermont,Thursday,1,No
Vermont,Thursday,2,Yes
Vermont,Tuesday,1,No
Vermont,Wednesday,1,No
Vermont,Friday,1,No
Vermont,Friday,1,Yes
Vermont,Saturday,1,Yes
Vermont,Friday,1,No
Vermont,Sunday,1,Yes
Vermont,Monday,1,Yes
Vermont,Tuesday,1,No
Vermont,Wednesday,1,No
Vermont,Thursday,1,No
Vermont,Thursday,2,Yes
Vermont,Friday,1,No
Vermont,Sunday,1,No
Vermont,Thursday,1,No
Vermont,Thursday,1,No
Vermont,Thursday,1,Yes
Vermont,Friday,1,No
Virginia,Monday,1,No
Virginia,Wednesday,1,No
Virginia,Wednesday,1,No
Virginia,Tuesday,1,No
Virginia,Monday,1,Yes
Virginia,Thursday,1,No
Virginia,Friday,1,No
Virginia,Wednesday,1,No
Virginia,Friday,1,No
Virginia,Saturday,1,No
Virginia,Saturday,1,No
Virginia,Sunday,1,No
Virginia,Saturday,1,Yes
Virginia,Sunday,1,No
Virginia,Tuesday,1,No
Virginia,Monday,1,Yes
Virginia,Wednesday,1,No
Virginia,Saturday,1,Yes
Virginia,Friday,1,Yes
Virginia,Wednesday,1,No
Virginia,Tuesday,1,No
Virginia,Friday,1,No
Virginia,Friday,2,No
Virginia,Friday,1,Yes
Virginia,Monday,1,No
Virginia,Wednesday,1,No
Virginia,Friday,1,No
Virginia,Monday,1,No
Virginia,Sunday,1,No
Virginia,Thursday,1,No
Virginia,Saturday,1,No
Virginia,Saturday,1,No
Virginia,Saturday,1,Yes
Virginia,Friday,1,No
Virginia,Sunday,1,No
Virginia,Monday,1,No
Virginia,Saturday,1,No
Virginia,Monday,1,No
Virginia,Monday,1,No
Virginia,Monday,1,Yes
Virginia,Thursday,1,No
Virginia,Saturday,1,No
Virginia,Thursday,1,No
Virginia,Saturday,1,Yes
Virginia,Sunday,1,Yes
Virginia,Sunday,1,No
Virginia,Saturday,1,Yes
Virginia,Thursday,1,No
Virginia,Thursday,1,No
Virginia,Sunday,1,No
Virginia,Thursday,1,Yes
Virginia,Saturday,1,No
Virginia,Saturday,1,No
Virginia,Tuesday,1,No
Virginia,Sunday,1,Yes
Virginia,Thursday,1,No
Virginia,Tuesday,1,No
Virginia,Monday,1,No
Virginia,Monday,1,Yes
Virginia,Sunday,1,No
Virginia,Monday,1,No
Virginia,Thursday,2,No
Virginia,Saturday,3,Yes
Virginia,Saturday,1,No
Virginia,Thursday,1,Yes
Virginia,Thursday,1,No
Virginia,Sunday,1,Yes
Virginia,Monday,1,No
Virginia,Monday,1,No
Virginia,Wednesday,1,No
Virginia,Saturday,1,Yes
Virginia,Friday,1,No
Virginia,Tuesday,1,Yes
Virginia,Tuesday,1,Yes
Virginia,Tuesday,1,Yes
Virginia,Friday,1,No
Virginia,Tuesday,1,No
Virginia,Thursday,1,No
Virginia,Saturday,1,Yes
Virginia,Saturday,1,No
Virginia,Sunday,1,No
Virginia,Thursday,1,No
Virginia,Tuesday,1,No
Virginia,Tuesday,1,No
Virginia,Saturday,1,No
Virginia,Saturday,1,Yes
Virginia,Friday,1,No
Virginia,Monday,1,No
Virginia,Thursday,1,Yes
Virginia,Saturday,1,Yes
Virginia,Sunday,1,No
Virginia,Saturday,1,No
Virginia,Monday,1,No
Virginia,Monday,1,Yes
Virginia,Monday,1,No
Virginia,Monday,1,Yes
Virginia,Wednesday,2,Yes
Virginia,Friday,1,No
Virginia,Tuesday,1,No
Virginia,Thursday,1,Yes
Virginia,Monday,1,No
Virginia,Tuesday,1,Yes
Virginia,Wednesday,1,No
Virginia,Thursday,1,No
Virginia,Friday,1,No
Virginia,Saturday,1,No
Virginia,Tuesday,1,No
Virginia,Sunday,1,Yes
Virginia,Monday,1,No
Virginia,Wednesday,1,No
Virginia,Wednesday,1,No
Virginia,Friday,1,No
Virginia,Tuesday,1,Yes
Virginia,Thursday,1,Yes
Virginia,Sunday,1,Yes
Virginia,Saturday,2,No
Virginia,Friday,1,No
Virginia,Saturday,1,Yes
Virginia,Tuesday,1,Yes
Virginia,Monday,1,No
Virginia,Friday,1,Yes
Virginia,Thursday,1,No
Virginia,Wednesday,1,No
Virginia,Wednesday,1,No
Virginia,Sunday,1,No
Virginia,Thursday,1,No
Virginia,Saturday,2,Yes
Virginia,Saturday,1,Yes
Virginia,Friday,1,No
Virginia,Saturday,1,No
Virginia,Saturday,1,No
Virginia,Tuesday,1,Yes
Virginia,Saturday,1,Yes
Virginia,Saturday,1,Yes
Virginia,Saturday,2,Yes
Virginia,Thursday,1,Yes
Virginia,Tuesday,1,No
Virginia,Sunday,1,Yes
Virginia,Wednesday,1,No
Virginia,Thursday,1,No
Virginia,Monday,1,No
Virginia,Wednesday,1,No
Virginia,Sunday,1,Yes
Virginia,Monday,1,Yes
Virginia,Saturday,1,No
Virginia,Monday,1,Yes
Virginia,Saturday,1,No
Virginia,Saturday,2,Yes
Virginia,Tuesday,1,No
Virginia,Wednesday,1,No
Virginia,Friday,1,No
Virginia,Monday,2,No
Virginia,Monday,1,Yes
Virginia,Tuesday,1,No
Virginia,Thursday,1,Yes
Virginia,Wednesday,1,No
Virginia,Saturday,1,No
Virginia,Friday,1,No
Virginia,Wednesday,1,Yes
Virginia,Thursday,1,No
Virginia,Thursday,1,No
Virginia,Friday,2,No
Virginia,Saturday,1,No
Virginia,Tuesday,1,No
Virginia,Saturday,1,No
Virginia,Monday,1,No
Virginia,Monday,1,No
Virginia,Thursday,1,No
Virginia,Tuesday,1,No
Virginia,Friday,1,Yes
Virginia,Saturday,1,No
Virginia,Sunday,1,Yes
Virginia,Tuesday,1,Yes
Virginia,Thursday,1,No
Virginia,Sunday,1,No
Virginia,Thursday,1,Yes
Virginia,Wednesday,1,No
Virginia,Wednesday,1,Yes
Virginia,Wednesday,1,No
Virginia,Monday,1,Yes
Virginia,Saturday,1,No
Virginia,Tuesday,1,No
Virginia,Sunday,1,Yes
Virginia,Tuesday,1,Yes
Virginia,Monday,1,No
Virginia,Friday,1,Yes
Virginia,Saturday,1,No
Virginia,Friday,1,No
Virginia,Wednesday,1,No
Virginia,Tuesday,1,Yes
Virginia,Thursday,1,No
Virginia,Thursday,1,No
Virginia,Friday,1,No
Virginia,Tuesday,1,No
Virginia,Tuesday,1,No
Virginia,Thursday,1,No
Virginia,Monday,1,No
Virginia,Friday,1,Yes
Virginia,Thursday,1,No
Virginia,Monday,1,No
Virginia,Friday,1,No
Virginia,Thursday,1,Yes
Virginia,Sunday,1,No
Virginia,Tuesday,1,No
Virginia,Thursday,1,No
Virginia,Wednesday,1,Yes
Virginia,Tuesday,1,Yes
Virginia,Sunday,1,Yes
Virginia,Friday,1,Yes
Virginia,Thursday,1,No
Virginia,Sunday,1,No
Virginia,Monday,1,No
Virginia,Friday,1,No
Virginia,Friday,1,No
Virginia,Sunday,1,No
Virginia,Monday,1,Yes
Virginia,Thursday,1,No
Virginia,Sunday,1,Yes
Virginia,Monday,1,No
Virginia,Tuesday,1,No
Virginia,Sunday,1,Yes
Virginia,Friday,1,Yes
Virginia,Sunday,1,Yes
Virginia,Tuesday,1,Yes
Virginia,Wednesday,1,Yes
Virginia,Thursday,1,No
Virginia,Saturday,1,No
Virginia,Wednesday,1,No
Virginia,Friday,2,Yes
Virginia,Sunday,1,Yes
Virginia,Saturday,1,No
Virginia,Friday,1,No
Virginia,Monday,1,No
Virginia,Sunday,1,Yes
Virginia,Tuesday,1,Yes
Virginia,Wednesday,2,No
Virginia,Wednesday,1,No
Virginia,Wednesday,1,No
Virginia,Thursday,1,Yes
Virginia,Sunday,1,Yes
Virginia,Wednesday,1,Yes
Virginia,Wednesday,1,Yes
Virginia,Saturday,1,No
Virginia,Tuesday,1,No
Virginia,Saturday,1,No
Virginia,Friday,1,No
Virginia,Friday,1,No
Virginia,Monday,1,No
Virginia,Tuesday,1,No
Virginia,Saturday,1,No
Virginia,Saturday,1,Yes
Virginia,Tuesday,1,No
Virginia,Sunday,1,No
Virginia,Monday,1,No
Virginia,Wednesday,1,No
Virginia,Tuesday,1,Yes
Virginia,Friday,1,Yes
Virginia,Monday,1,No
Virginia,Saturday,1,No
Virginia,Friday,1,Yes
Virginia,Friday,1,No
Virginia,Friday,1,No
Virginia,Friday,1,No
Virginia,Wednesday,1,Yes
Virginia,Sunday,2,No
Virginia,Sunday,1,No
Virginia,Wednesday,2,No
Virginia,Saturday,1,No
Virginia,Saturday,1,Yes
Virginia,Monday,1,No
Virginia,Friday,1,Yes
Virginia,Monday,1,No
Virginia,Saturday,1,No
Virginia,Wednesday,1,No
Virginia,Friday,1,Yes
Virginia,Tuesday,1,Yes
Virginia,Sunday,1,Yes
Virginia,Friday,1,No
Virginia,Friday,2,No
Virginia,Wednesday,1,Yes
Virginia,Monday,1,No
Virginia,Saturday,1,No
Virginia,Sunday,1,No
Virginia,Thursday,1,No
Virginia,Saturday,1,No
Virginia,Sunday,1,No
Virginia,Tuesday,1,No
Virginia,Tuesday,1,No
Virginia,Friday,1,No
Virginia,Saturday,1,No
Virginia,Friday,1,No
Virginia,Saturday,1,No
Virginia,Wednesday,1,No
Virginia,Thursday,1,No
Virginia,Thursday,1,No
Virginia,Friday,2,No
Virginia,Monday,1,No
Virginia,Saturday,1,No
Virginia,Sunday,1,Yes
Virginia,Monday,1,No
Virginia,Saturday,1,No
Virginia,Monday,1,No
Virginia,Tuesday,1,Yes
Virginia,Monday,1,No
Virginia,Saturday,1,Yes
Virginia,Friday,1,Yes
Virginia,Saturday,1,No
Virginia,Tuesday,1,Yes
Virginia,Sunday,1,No
Virginia,Wednesday,1,No
Virginia,Sunday,1,Yes
Virginia,Saturday,1,No
Virginia,Saturday,1,No
Virginia,Monday,1,No
Virginia,Sunday,1,No
Virginia,Saturday,1,No
Virginia,Saturday,1,No
Virginia,Friday,1,Yes
Virginia,Saturday,1,Yes
Virginia,Monday,1,No
Virginia,Wednesday,1,No
Virginia,Sunday,1,No
Virginia,Friday,1,No
Virginia,Monday,1,No
Virginia,Tuesday,1,No
Virginia,Wednesday,1,No
Virginia,Monday,1,Yes
Virginia,Tuesday,1,Yes
Virginia,Friday,1,No
Virginia,Friday,1,Yes
Virginia,Saturday,1,Yes
Virginia,Monday,1,No
Virginia,Monday,1,No
Virginia,Sunday,1,No
Virginia,Wednesday,1,Yes
Virginia,Tuesday,1,No
Virginia,Monday,1,Yes
Virginia,Friday,1,No
Virginia,Monday,1,No
Virginia,Thursday,1,No
Virginia,Monday,1,No
Virginia,Wednesday,1,No
Virginia,Friday,1,No
Virginia,Monday,1,No
Virginia,Tuesday,1,No
Virginia,Saturday,1,No
Virginia,Saturday,1,No
Virginia,Wednesday,3,No
Virginia,Sunday,1,Yes
Virginia,Monday,1,No
Virginia,Friday,1,No
Virginia,Saturday,1,Yes
Virginia,Tuesday,1,No
Virginia,Tuesday,1,Yes
Virginia,Saturday,1,No
Virginia,Monday,1,No
Virginia,Monday,1,Yes
Virginia,Friday,1,No
Virginia,Friday,1,No
Virginia,Thursday,1,No
Virginia,Friday,1,Yes
Virginia,Monday,1,No
Virginia,Thursday,1,No
Virginia,Friday,1,No
Virginia,Friday,1,No
Virginia,Monday,1,No
Virginia,Sunday,1,Yes
Virginia,Tuesday,1,No
Virginia,Friday,1,No
Virginia,Thursday,1,No
Virginia,Monday,1,No
Virginia,Thursday,1,No
Virginia,Tuesday,1,Yes
Virginia,Sunday,2,Yes
Virginia,Tuesday,1,Yes
Virginia,Tuesday,1,No
Virginia,Friday,1,Yes
Virginia,Friday,1,No
Virginia,Tuesday,1,Yes
Virginia,Saturday,1,No
Virginia,Friday,1,No
Virginia,Sunday,1,Yes
Virginia,Tuesday,1,No
Virginia,Wednesday,1,No
Virginia,Friday,1,Yes
Virginia,Thursday,1,No
Virginia,Monday,1,No
Virginia,Tuesday,1,No
Virginia,Saturday,1,No
Virginia,Saturday,1,No
Virginia,Monday,1,No
Virginia,Wednesday,1,Yes
Virginia,Friday,1,No
Virginia,Friday,1,No
Virginia,Thursday,1,No
Virginia,Saturday,1,No
Virginia,Monday,1,No
Virginia,Monday,1,Yes
Virginia,Wednesday,1,Yes
Virginia,Thursday,2,Yes
Virginia,Tuesday,3,No
Virginia,Sunday,1,No
Virginia,Friday,1,No
Virginia,Monday,1,No
Virginia,Saturday,1,No
Virginia,Saturday,1,No
Virginia,Tuesday,1,No
Virginia,Sunday,1,No
Virginia,Sunday,1,Yes
Virginia,Saturday,1,Yes
Virginia,Saturday,1,No
Virginia,Sunday,1,Yes
Virginia,Monday,2,No
Virginia,Monday,1,No
Virginia,Tuesday,1,No
Virginia,Wednesday,1,No
Virginia,Thursday,1,No
Virginia,Monday,1,No
Virginia,Saturday,1,No
Virginia,Friday,1,No
Virginia,Wednesday,1,No
Virginia,Thursday,1,No
Virginia,Friday,1,Yes
Virginia,Wednesday,1,No
Virginia,Tuesday,1,No
Virginia,Sunday,1,No
Virginia,Saturday,1,No
Virginia,Tuesday,1,No
Virginia,Monday,1,No
Virginia,Friday,1,No
Virginia,Tuesday,1,No
Virginia,Saturday,1,Yes
Virginia,Wednesday,1,Yes
Virginia,Saturday,1,Yes
Virginia,Friday,1,No
Virginia,Sunday,1,No
Virginia,Wednesday,1,No
Virginia,Thursday,1,No
Virginia,Friday,1,Yes
Virginia,Wednesday,1,No
Virginia,Friday,1,Yes
Virginia,Wednesday,1,No
Virginia,Friday,1,No
Virginia,Saturday,1,No
Virginia,Sunday,2,No
Virginia,Tuesday,1,No
Virginia,Saturday,1,No
Virginia,Sunday,1,No
Virginia,Tuesday,1,No
Virginia,Thursday,1,Yes
Virginia,Thursday,1,Yes
Virginia,Wednesday,1,Yes
Virginia,Friday,1,Yes
Virginia,Wednesday,2,Yes
Virginia,Tuesday,1,No
Virginia,Saturday,1,No
Virginia,Sunday,1,No
Virginia,Tuesday,1,No
Virginia,Wednesday,1,Yes
Virginia,Wednesday,1,No
Virginia,Saturday,1,No
Virginia,Thursday,1,No
Virginia,Sunday,1,Yes
Virginia,Wednesday,1,No
Virginia,Wednesday,1,Yes
Virginia,Saturday,1,Yes
Virginia,Tuesday,1,Yes
Virginia,Friday,1,No
Virginia,Sunday,1,Yes
Virginia,Friday,1,Yes
Virginia,Thursday,1,No
Virginia,Thursday,1,No
Virginia,Wednesday,1,No
Virginia,Saturday,1,No
Virginia,Thursday,1,Yes
Virginia,Saturday,1,Yes
Virginia,Monday,1,Yes
Virginia,Monday,1,Yes
Virginia,Friday,2,Yes
Virginia,Sunday,1,Yes
Virginia,Sunday,2,Yes
Virginia,Sunday,2,Yes
Virginia,Monday,1,No
Virginia,Monday,1,Yes
Virginia,Thursday,1,Yes
Virginia,Wednesday,1,No
Virginia,Tuesday,2,No
Virginia,Sunday,1,Yes
Virginia,Thursday,1,Yes
Virginia,Sunday,1,No
Virginia,Tuesday,1,No
Virginia,Saturday,1,No
Virginia,Thursday,1,No
Virginia,Friday,1,Yes
Virginia,Tuesday,1,No
Virginia,Tuesday,1,No
Virginia,Saturday,1,Yes
Virginia,Sunday,1,No
Virginia,Monday,1,No
Virginia,Saturday,1,No
Virginia,Saturday,1,Yes
Virginia,Monday,1,No
Virginia,Saturday,1,No
Virginia,Friday,1,Yes
Virginia,Tuesday,1,No
Virginia,Saturday,1,Yes
Virginia,Saturday,1,Yes
Virginia,Saturday,1,No
Virginia,Tuesday,1,No
Virginia,Saturday,1,No
Virginia,Thursday,1,No
Virginia,Saturday,1,Yes
Virginia,Saturday,1,No
Virginia,Monday,1,No
Virginia,Friday,1,Yes
Virginia,Sunday,1,No
Virginia,Friday,1,No
Virginia,Tuesday,1,No
Virginia,Saturday,1,Yes
Virginia,Tuesday,1,No
Virginia,Monday,1,No
Virginia,Tuesday,1,No
Virginia,Thursday,1,Yes
Virginia,Tuesday,1,Yes
Virginia,Saturday,1,No
Virginia,Monday,1,No
Virginia,Sunday,1,No
Virginia,Wednesday,1,No
Virginia,Thursday,1,Yes
Virginia,Monday,1,No
Virginia,Friday,1,No
Virginia,Wednesday,1,Yes
Virginia,Monday,1,No
Virginia,Monday,1,No
Virginia,Friday,1,No
Virginia,Monday,1,No
Virginia,Saturday,1,Yes
Virginia,Thursday,1,No
Virginia,Wednesday,1,No
Virginia,Saturday,1,Yes
Virginia,Saturday,1,No
Virginia,Sunday,1,Yes
Virginia,Thursday,1,Yes
Virginia,Sunday,1,Yes
Virginia,Wednesday,1,Yes
Virginia,Monday,1,No
Virginia,Sunday,1,Yes
Virginia,Sunday,2,Yes
Virginia,Friday,1,Yes
Virginia,Monday,1,No
Virginia,Tuesday,1,No
Virginia,Friday,1,Yes
Virginia,Saturday,1,No
Virginia,Friday,1,No
Virginia,Wednesday,1,No
Virginia,Friday,1,Yes
Virginia,Friday,1,No
Virginia,Tuesday,1,No
Virginia,Tuesday,1,No
Virginia,Sunday,1,Yes
Virginia,Thursday,1,No
Virginia,Sunday,1,Yes
Virginia,Saturday,1,No
Virginia,Sunday,1,Yes
Virginia,Friday,1,No
Virginia,Saturday,1,Yes
Virginia,Monday,1,No
Virginia,Sunday,1,No
Virginia,Wednesday,1,No
Virginia,Tuesday,1,No
Virginia,Sunday,1,No
Virginia,Saturday,1,Yes
Virginia,Friday,1,No
Virginia,Monday,1,No
Virginia,Tuesday,1,No
Virginia,Thursday,1,No
Virginia,Monday,1,Yes
Virginia,Wednesday,1,Yes
Virginia,Thursday,1,No
Virginia,Sunday,1,No
Virginia,Wednesday,2,Yes
Virginia,Tuesday,1,No
Virginia,Wednesday,1,No
Virginia,Sunday,1,No
Virginia,Wednesday,1,No
Virginia,Thursday,1,No
Virginia,Monday,1,No
Virginia,Friday,1,No
Virginia,Wednesday,1,No
Virginia,Sunday,1,No
Virginia,Saturday,1,No
Virginia,Monday,1,No
Virginia,Saturday,1,No
Virginia,Saturday,1,Yes
Virginia,Monday,1,No
Virginia,Thursday,1,No
Virginia,Saturday,1,No
Virginia,Saturday,1,No
Virginia,Monday,1,No
Virginia,Thursday,1,No
Virginia,Thursday,1,No
Virginia,Saturday,1,No
Virginia,Friday,1,No
Virginia,Thursday,1,No
Virginia,Saturday,1,No
Virginia,Saturday,1,No
Virginia,Monday,2,No
Virginia,Friday,1,No
Virginia,Tuesday,2,Yes
Virginia,Tuesday,1,No
Virginia,Monday,1,No
Virginia,Sunday,1,No
Virginia,Friday,1,No
Virginia,Sunday,1,Yes
Virginia,Thursday,1,No
Virginia,Wednesday,1,No
Virginia,Tuesday,1,No
Virginia,Wednesday,1,No
Virginia,Monday,1,No
Virginia,Thursday,1,No
Virginia,Thursday,1,No
Virginia,Saturday,1,Yes
Virginia,Saturday,1,No
Virginia,Friday,1,No
Virginia,Saturday,1,No
Virginia,Tuesday,1,Yes
Virginia,Friday,1,No
Virginia,Friday,1,No
Virginia,Saturday,1,No
Virginia,Saturday,1,Yes
Virginia,Sunday,1,Yes
Virginia,Tuesday,1,No
Virginia,Tuesday,1,Yes
Virginia,Tuesday,1,No
Virginia,Sunday,1,No
Virginia,Saturday,1,Yes
Virginia,Saturday,1,No
Virginia,Thursday,1,No
Virginia,Thursday,1,No
Virginia,Saturday,1,No
Virginia,Sunday,1,No
Virginia,Monday,1,No
Virginia,Monday,2,Yes
Virginia,Thursday,1,No
Virginia,Monday,1,No
Virginia,Monday,1,No
Virginia,Monday,1,No
Virginia,Tuesday,1,No
Virginia,Thursday,1,No
Virginia,Sunday,1,No
Virginia,Friday,1,Yes
Virginia,Wednesday,1,No
Virginia,Friday,3,No
Virginia,Thursday,1,No
Virginia,Friday,2,No
Virginia,Wednesday,1,Yes
Virginia,Tuesday,1,No
Virginia,Wednesday,1,No
Virginia,Sunday,1,No
Virginia,Tuesday,1,No
Virginia,Tuesday,1,Yes
Virginia,Monday,1,No
Virginia,Friday,1,No
Virginia,Saturday,1,Yes
Virginia,Friday,1,No
Virginia,Saturday,1,No
Virginia,Wednesday,1,No
Virginia,Monday,1,Yes
Virginia,Sunday,1,No
Virginia,Friday,1,No
Virginia,Wednesday,2,Yes
Virginia,Sunday,1,Yes
Virginia,Friday,1,No
Virginia,Tuesday,1,No
Virginia,Wednesday,1,No
Virginia,Wednesday,1,No
Virginia,Friday,1,No
Virginia,Thursday,1,No
Virginia,Wednesday,1,No
Virginia,Tuesday,1,Yes
Virginia,Saturday,1,No
Virginia,Tuesday,1,No
Virginia,Tuesday,1,No
Virginia,Wednesday,1,No
Virginia,Friday,1,No
Virginia,Thursday,1,Yes
Virginia,Tuesday,1,No
Virginia,Saturday,1,Yes
Virginia,Friday,1,No
Virginia,Tuesday,2,Yes
Virginia,Wednesday,1,No
Virginia,Friday,1,Yes
Virginia,Saturday,1,No
Virginia,Sunday,1,No
Virginia,Wednesday,1,Yes
Virginia,Thursday,1,No
Virginia,Saturday,1,Yes
Virginia,Friday,1,Yes
Virginia,Friday,1,No
Virginia,Sunday,1,Yes
Virginia,Saturday,1,No
Virginia,Tuesday,1,No
Virginia,Thursday,1,Yes
Virginia,Monday,2,No
Virginia,Saturday,1,Yes
Virginia,Thursday,1,No
Virginia,Thursday,1,No
Virginia,Thursday,1,No
Virginia,Friday,1,No
Virginia,Friday,1,No
Virginia,Friday,1,No
Virginia,Tuesday,1,No
Virginia,Saturday,1,No
Virginia,Friday,1,No
Virginia,Tuesday,2,No
Virginia,Thursday,1,Yes
Virginia,Sunday,1,No
Virginia,Wednesday,1,No
Virginia,Saturday,1,Yes
Virginia,Saturday,1,Yes
Virginia,Friday,1,No
Virginia,Saturday,1,No
Virginia,Thursday,1,No
Virginia,Sunday,1,No
Virginia,Wednesday,1,No
Virginia,Monday,1,No
Virginia,Sunday,1,No
Virginia,Wednesday,1,No
Virginia,Monday,1,Yes
Virginia,Tuesday,1,No
Virginia,Tuesday,1,No
Virginia,Wednesday,1,Yes
Virginia,Monday,1,No
Virginia,Tuesday,1,No
Virginia,Monday,1,Yes
Virginia,Friday,1,No
Virginia,Sunday,1,No
Virginia,Saturday,1,No
Virginia,Monday,1,No
Virginia,Sunday,1,No
Virginia,Sunday,1,Yes
Virginia,Monday,1,Yes
Virginia,Thursday,1,No
Virginia,Friday,1,No
Virginia,Friday,1,No
Virginia,Monday,1,No
Virginia,Wednesday,1,Yes
Virginia,Wednesday,1,No
Virginia,Friday,1,No
Virginia,Thursday,1,No
Virginia,Saturday,1,No
Virginia,Sunday,1,No
Virginia,Friday,1,No
Virginia,Thursday,1,No
Virginia,Monday,1,Yes
Virginia,Tuesday,1,No
Virginia,Friday,1,No
Virginia,Tuesday,1,No
Virginia,Tuesday,1,No
Virginia,Thursday,1,No
Virginia,Sunday,1,No
Virginia,Saturday,1,No
Virginia,Friday,1,Yes
Virginia,Tuesday,1,No
Virginia,Sunday,1,No
Virginia,Monday,1,No
Virginia,Tuesday,1,No
Virginia,Tuesday,1,No
Virginia,Monday,1,No
Virginia,Tuesday,1,No
Virginia,Friday,1,No
Virginia,Sunday,1,Yes
Virginia,Wednesday,1,No
Virginia,Thursday,1,No
Virginia,Monday,1,No
Virginia,Wednesday,1,Yes
Virginia,Saturday,1,No
Virginia,Wednesday,1,No
Washington,Monday,1,No
Washington,Monday,1,No
Washington,Wednesday,1,No
Washington,Wednesday,1,No
Washington,Friday,1,No
Washington,Saturday,1,No
Washington,Friday,1,No
Washington,Monday,1,No
Washington,Sunday,1,Yes
Washington,Wednesday,1,No
Washington,Thursday,1,Yes
Washington,Thursday,1,No
Washington,Friday,1,Yes
Washington,Thursday,1,Yes
Washington,Wednesday,1,Yes
Washington,Friday,1,No
Washington,Thursday,1,No
Washington,Tuesday,1,No
Washington,Monday,1,No
Washington,Friday,1,No
Washington,Friday,1,No
Washington,Tuesday,1,No
Washington,Thursday,1,No
Washington,Friday,1,Yes
Washington,Monday,1,No
Washington,Thursday,1,No
Washington,Sunday,1,No
Washington,Saturday,1,No
Washington,Saturday,1,Yes
Washington,Tuesday,1,No
Washington,Wednesday,1,No
Washington,Sunday,1,No
Washington,Thursday,1,No
Washington,Friday,1,Yes
Washington,Friday,1,No
Washington,Tuesday,1,No
Washington,Friday,2,No
Washington,Saturday,1,No
Washington,Thursday,1,Yes
Washington,Wednesday,1,No
Washington,Thursday,1,Yes
Washington,Sunday,3,Yes
Washington,Thursday,1,No
Washington,Sunday,1,Yes
Washington,Thursday,1,No
Washington,Saturday,1,No
Washington,Saturday,1,No
Washington,Friday,1,No
Washington,Monday,1,No
Washington,Monday,1,No
Washington,Tuesday,1,No
Washington,Saturday,1,Yes
Washington,Sunday,1,No
Washington,Sunday,1,No
Washington,Thursday,1,No
Washington,Monday,1,Yes
Washington,Tuesday,1,No
Washington,Friday,1,Yes
Washington,Saturday,1,No
Washington,Friday,1,No
Washington,Sunday,1,No
Washington,Monday,1,No
Washington,Sunday,1,Yes
Washington,Saturday,1,Yes
Washington,Sunday,2,No
Washington,Thursday,3,No
Washington,Tuesday,1,No
Washington,Saturday,1,No
Washington,Saturday,1,No
Washington,Tuesday,1,No
Washington,Sunday,1,No
Washington,Sunday,1,Yes
Washington,Thursday,1,No
Washington,Friday,1,Yes
Washington,Friday,1,Yes
Washington,Friday,1,No
Washington,Monday,1,Yes
Washington,Saturday,1,Yes
Washington,Saturday,1,No
Washington,Wednesday,1,No
Washington,Friday,1,Yes
Washington,Thursday,1,No
Washington,Thursday,1,No
Washington,Thursday,2,No
Washington,Sunday,1,No
Washington,Saturday,1,No
Washington,Monday,1,No
Washington,Saturday,1,No
Washington,Tuesday,1,No
Washington,Friday,1,Yes
Washington,Saturday,1,Yes
Washington,Wednesday,1,No
Washington,Friday,1,No
Washington,Friday,1,Yes
Washington,Saturday,1,Yes
Washington,Saturday,1,Yes
Washington,Tuesday,1,Yes
Washington,Saturday,1,No
Washington,Saturday,1,No
Washington,Monday,2,No
Washington,Monday,2,No
Washington,Monday,1,No
Washington,Wednesday,1,No
Washington,Monday,1,Yes
Washington,Saturday,1,No
Washington,Friday,1,Yes
Washington,Friday,1,Yes
Washington,Saturday,1,Yes
Washington,Friday,1,Yes
Washington,Saturday,1,Yes
Washington,Tuesday,1,Yes
Washington,Monday,2,Yes
Washington,Thursday,1,No
Washington,Friday,1,Yes
Washington,Tuesday,1,Yes
Washington,Monday,1,No
Washington,Monday,1,No
Washington,Friday,1,No
Washington,Tuesday,1,Yes
Washington,Sunday,1,No
Washington,Wednesday,1,Yes
Washington,Wednesday,1,No
Washington,Saturday,1,Yes
Washington,Thursday,1,No
Washington,Friday,1,No
Washington,Thursday,1,No
Washington,Sunday,1,No
Washington,Tuesday,1,No
Washington,Sunday,1,Yes
Washington,Sunday,1,No
Washington,Sunday,1,No
Washington,Sunday,1,No
Washington,Tuesday,1,No
Washington,Friday,1,Yes
Washington,Saturday,1,No
Washington,Saturday,1,No
Washington,Thursday,1,No
Washington,Saturday,1,Yes
Washington,Monday,1,No
Washington,Thursday,1,No
Washington,Monday,1,No
Washington,Saturday,1,No
Washington,Tuesday,1,No
Washington,Thursday,1,No
Washington,Saturday,1,No
Washington,Friday,3,Yes
Washington,Thursday,1,Yes
Washington,Monday,1,Yes
Washington,Wednesday,1,No
Washington,Wednesday,2,No
Washington,Saturday,1,No
Washington,Thursday,1,No
Washington,Saturday,1,No
Washington,Monday,1,No
Washington,Friday,2,Yes
Washington,Saturday,1,Yes
Washington,Sunday,1,Yes
Washington,Monday,1,No
Washington,Thursday,1,No
Washington,Wednesday,1,No
Washington,Saturday,1,Yes
Washington,Sunday,1,No
Washington,Sunday,1,Yes
Washington,Saturday,1,Yes
Washington,Saturday,1,No
Washington,Monday,1,No
Washington,Monday,1,No
Washington,Saturday,1,Yes
Washington,Sunday,1,No
Washington,Sunday,1,Yes
Washington,Monday,1,No
Washington,Tuesday,1,No
Washington,Thursday,2,Yes
Washington,Saturday,1,No
Washington,Tuesday,1,Yes
Washington,Thursday,1,No
Washington,Sunday,1,Yes
Washington,Sunday,1,No
Washington,Wednesday,2,Yes
Washington,Wednesday,1,No
Washington,Friday,1,Yes
Washington,Friday,1,Yes
Washington,Sunday,1,No
Washington,Saturday,1,No
Washington,Saturday,1,No
Washington,Sunday,1,No
Washington,Tuesday,1,No
Washington,Thursday,1,No
Washington,Wednesday,1,Yes
Washington,Tuesday,1,No
Washington,Monday,1,Yes
Washington,Monday,1,No
Washington,Tuesday,1,Yes
Washington,Thursday,1,No
Washington,Friday,1,No
Washington,Saturday,1,Yes
Washington,Tuesday,1,No
Washington,Sunday,1,Yes
Washington,Sunday,1,Yes
Washington,Wednesday,1,No
Washington,Thursday,1,No
Washington,Thursday,1,Yes
Washington,Monday,2,Yes
Washington,Thursday,4,No
Washington,Sunday,1,No
Washington,Monday,1,Yes
Washington,Wednesday,2,Yes
Washington,Sunday,1,No
Washington,Wednesday,1,No
Washington,Friday,1,No
Washington,Monday,1,No
Washington,Friday,1,No
Washington,Sunday,2,Yes
Washington,Friday,1,No
Washington,Wednesday,1,No
Washington,Sunday,1,Yes
Washington,Tuesday,1,No
Washington,Wednesday,1,No
Washington,Wednesday,1,No
Washington,Saturday,1,No
Washington,Monday,1,No
Washington,Wednesday,1,No
Washington,Tuesday,1,No
Washington,Thursday,1,Yes
Washington,Tuesday,1,No
Washington,Saturday,1,Yes
Washington,Saturday,1,Yes
Washington,Friday,1,No
Washington,Saturday,1,No
Washington,Saturday,1,No
Washington,Tuesday,1,No
Washington,Wednesday,1,No
Washington,Thursday,2,No
Washington,Sunday,1,Yes
Washington,Thursday,1,No
Washington,Thursday,1,Yes
Washington,Wednesday,1,No
Washington,Wednesday,2,Yes
Washington,Saturday,1,No
Washington,Saturday,3,No
Washington,Sunday,1,No
Washington,Monday,1,No
Washington,Thursday,1,No
Washington,Sunday,1,No
Washington,Friday,1,Yes
Washington,Monday,1,No
Washington,Tuesday,1,Yes
Washington,Saturday,1,No
Washington,Friday,1,No
Washington,Sunday,1,Yes
Washington,Wednesday,1,No
Washington,Wednesday,1,No
Washington,Tuesday,2,No
Washington,Wednesday,1,No
Washington,Thursday,1,No
Washington,Saturday,1,No
Washington,Tuesday,1,No
Washington,Friday,1,Yes
Washington,Thursday,1,Yes
Washington,Monday,1,Yes
Washington,Sunday,1,Yes
Washington,Sunday,1,No
Washington,Sunday,1,Yes
Washington,Wednesday,1,No
Washington,Monday,2,No
Washington,Friday,1,Yes
Washington,Thursday,1,Yes
Washington,Friday,1,Yes
Washington,Thursday,1,No
Washington,Sunday,1,No
Washington,Tuesday,1,Yes
Washington,Monday,3,Yes
Washington,Friday,1,Yes
Washington,Saturday,1,Yes
Washington,Tuesday,1,No
Washington,Wednesday,1,Yes
Washington,Wednesday,1,Yes
Washington,Sunday,1,No
Washington,Thursday,1,Yes
Washington,Thursday,1,Yes
Washington,Sunday,1,No
Washington,Sunday,1,No
Washington,Thursday,1,No
Washington,Wednesday,1,No
Washington,Sunday,1,Yes
Washington,Sunday,1,Yes
Washington,Wednesday,1,Yes
Washington,Monday,1,No
Washington,Friday,1,No
Washington,Friday,2,No
Washington,Saturday,1,No
Washington,Monday,1,No
Washington,Friday,1,No
Washington,Saturday,1,No
Washington,Friday,1,No
Washington,Saturday,2,No
Washington,Monday,1,No
Washington,Friday,1,No
Washington,Tuesday,1,No
Washington,Thursday,1,No
Washington,Sunday,1,No
Washington,Sunday,1,No
Washington,Wednesday,1,No
Washington,Thursday,1,No
Washington,Wednesday,1,No
Washington,Monday,2,No
Washington,Saturday,1,No
Washington,Sunday,2,No
Washington,Friday,1,No
Washington,Wednesday,3,Yes
Washington,Saturday,1,No
Washington,Saturday,1,No
Washington,Thursday,1,No
Washington,Tuesday,1,Yes
Washington,Thursday,1,No
Washington,Friday,1,Yes
Washington,Tuesday,1,Yes
Washington,Saturday,1,No
Washington,Wednesday,1,No
Washington,Friday,1,No
Washington,Thursday,1,No
Washington,Friday,1,No
Washington,Wednesday,1,No
Washington,Saturday,1,No
Washington,Friday,1,Yes
Washington,Thursday,1,No
Washington,Friday,3,No
Washington,Monday,1,No
Washington,Sunday,1,No
Washington,Friday,1,No
Washington,Wednesday,1,No
Washington,Friday,1,Yes
Washington,Tuesday,1,No
Washington,Thursday,1,No
Washington,Saturday,2,No
Washington,Sunday,1,No
Washington,Sunday,1,No
Washington,Sunday,1,No
Washington,Monday,1,No
Washington,Thursday,1,No
Washington,Wednesday,1,Yes
Washington,Friday,1,No
Washington,Monday,1,No
Washington,Monday,1,No
Washington,Sunday,4,Yes
Washington,Saturday,1,Yes
Washington,Sunday,1,No
Washington,Wednesday,1,No
Washington,Wednesday,1,No
Washington,Monday,1,No
Washington,Saturday,2,Yes
Washington,Tuesday,1,No
Washington,Wednesday,1,No
Washington,Sunday,1,Yes
Washington,Thursday,1,No
Washington,Tuesday,1,No
Washington,Sunday,1,No
Washington,Monday,1,No
Washington,Saturday,1,No
Washington,Friday,1,No
Washington,Wednesday,1,No
Washington,Saturday,1,No
Washington,Saturday,1,No
Washington,Tuesday,1,No
Washington,Monday,1,Yes
Washington,Tuesday,1,No
Washington,Monday,1,No
Washington,Sunday,1,Yes
Washington,Friday,1,No
Washington,Tuesday,1,Yes
Washington,Thursday,1,No
Washington,Thursday,1,No
Washington,Friday,1,No
Washington,Tuesday,1,No
Washington,Saturday,1,Yes
Washington,Wednesday,2,No
Washington,Saturday,1,Yes
Washington,Sunday,1,No
Washington,Wednesday,1,No
Washington,Thursday,1,No
Washington,Monday,1,Yes
Washington,Thursday,1,No
Washington,Friday,2,Yes
Washington,Saturday,1,No
Washington,Sunday,1,Yes
Washington,Sunday,1,No
Washington,Monday,1,No
Washington,Sunday,1,Yes
Washington,Friday,1,Yes
Washington,Saturday,1,No
Washington,Sunday,1,No
Washington,Sunday,1,No
Washington,Friday,1,No
Washington,Monday,1,No
Washington,Saturday,1,No
Washington,Saturday,1,Yes
Washington,Sunday,1,No
Washington,Monday,1,No
Washington,Thursday,1,No
Washington,Friday,1,No
Washington,Wednesday,1,No
Washington,Tuesday,1,No
Washington,Saturday,1,No
Washington,Monday,1,No
Washington,Wednesday,1,Yes
Washington,Wednesday,1,No
Washington,Friday,1,No
Washington,Thursday,1,No
Washington,Thursday,1,No
Washington,Thursday,1,No
Washington,Monday,1,No
Washington,Monday,1,No
Washington,Sunday,1,No
Washington,Monday,1,Yes
Washington,Friday,1,No
Washington,Sunday,1,No
Washington,Friday,1,No
Washington,Wednesday,1,No
Washington,Friday,1,No
Washington,Saturday,1,No
Washington,Sunday,1,No
Washington,Friday,1,Yes
Washington,Sunday,1,No
Washington,Saturday,1,No
Washington,Saturday,1,No
Washington,Monday,1,No
Washington,Wednesday,1,Yes
Washington,Saturday,2,No
Washington,Sunday,1,No
Washington,Wednesday,1,No
Washington,Saturday,1,No
Washington,Sunday,1,Yes
Washington,Saturday,1,No
Washington,Wednesday,1,No
Washington,Monday,1,No
Washington,Friday,1,Yes
Washington,Wednesday,1,No
Washington,Monday,1,No
Washington,Tuesday,1,No
Washington,Friday,1,Yes
Washington,Thursday,1,No
Washington,Thursday,1,No
Washington,Friday,1,Yes
Washington,Tuesday,1,No
Washington,Saturday,1,No
Washington,Wednesday,1,No
Washington,Tuesday,1,Yes
Washington,Monday,1,No
Washington,Wednesday,2,No
Washington,Wednesday,1,No
Washington,Tuesday,2,Yes
Washington,Saturday,1,No
Washington,Sunday,1,No
Washington,Tuesday,1,No
Washington,Tuesday,1,Yes
Washington,Sunday,1,No
Washington,Monday,1,No
Washington,Wednesday,1,No
Washington,Wednesday,1,No
Washington,Tuesday,1,No
Washington,Monday,1,No
Washington,Wednesday,1,Yes
Washington,Tuesday,1,No
Washington,Friday,1,No
Washington,Thursday,1,No
Washington,Sunday,1,Yes
Washington,Sunday,1,No
Washington,Friday,1,No
Washington,Monday,1,No
Washington,Friday,1,No
Washington,Sunday,1,Yes
Washington,Thursday,1,Yes
Washington,Sunday,1,No
Washington,Sunday,1,No
Washington,Monday,1,No
Washington,Wednesday,1,Yes
Washington,Thursday,1,No
Washington,Wednesday,2,Yes
Washington,Monday,1,No
Washington,Monday,1,No
Washington,Monday,1,No
Washington,Thursday,1,No
Washington,Friday,1,No
Washington,Wednesday,1,No
Washington,Sunday,1,No
Washington,Wednesday,1,No
Washington,Saturday,1,No
Washington,Monday,1,No
Washington,Sunday,1,No
Washington,Tuesday,1,No
Washington,Wednesday,1,No
Washington,Monday,1,No
Washington,Sunday,1,No
Washington,Thursday,1,No
Washington,Tuesday,1,No
Washington,Thursday,1,No
Washington,Saturday,1,Yes
West Virginia,Monday,1,No
West Virginia,Friday,1,No
West Virginia,Sunday,1,Yes
West Virginia,Wednesday,1,No
West Virginia,Wednesday,1,Yes
West Virginia,Saturday,1,Yes
West Virginia,Tuesday,1,No
West Virginia,Monday,1,Yes
West Virginia,Friday,1,No
West Virginia,Monday,1,No
West Virginia,Wednesday,1,Yes
West Virginia,Monday,1,No
West Virginia,Tuesday,1,No
West Virginia,Wednesday,1,No
West Virginia,Thursday,1,No
West Virginia,Saturday,1,No
West Virginia,Thursday,1,No
West Virginia,Saturday,1,Yes
West Virginia,Saturday,1,No
West Virginia,Wednesday,1,Yes
West Virginia,Wednesday,1,No
West Virginia,Tuesday,1,No
West Virginia,Sunday,1,No
West Virginia,Wednesday,1,Yes
West Virginia,Thursday,1,Yes
West Virginia,Sunday,1,Yes
West Virginia,Tuesday,1,Yes
West Virginia,Sunday,1,Yes
West Virginia,Friday,1,No
West Virginia,Saturday,1,Yes
West Virginia,Saturday,1,No
West Virginia,Wednesday,1,No
West Virginia,Thursday,1,No
West Virginia,Saturday,1,Yes
West Virginia,Monday,1,No
West Virginia,Friday,1,Yes
West Virginia,Saturday,2,No
West Virginia,Thursday,1,Yes
West Virginia,Saturday,1,No
West Virginia,Wednesday,1,No
West Virginia,Thursday,1,No
West Virginia,Wednesday,1,No
West Virginia,Thursday,1,No
West Virginia,Saturday,1,No
West Virginia,Saturday,3,No
West Virginia,Saturday,1,No
West Virginia,Monday,3,No
West Virginia,Tuesday,1,No
West Virginia,Tuesday,1,No
West Virginia,Sunday,1,No
West Virginia,Sunday,1,No
West Virginia,Sunday,1,Yes
West Virginia,Tuesday,1,No
West Virginia,Saturday,1,No
West Virginia,Sunday,1,No
West Virginia,Tuesday,1,No
West Virginia,Wednesday,1,No
West Virginia,Thursday,1,Yes
West Virginia,Tuesday,1,No
West Virginia,Tuesday,1,No
West Virginia,Wednesday,1,No
West Virginia,Thursday,1,No
West Virginia,Thursday,2,No
West Virginia,Wednesday,2,No
West Virginia,Thursday,1,Yes
West Virginia,Monday,1,No
West Virginia,Tuesday,2,No
West Virginia,Friday,2,No
West Virginia,Monday,1,No
West Virginia,Monday,1,No
West Virginia,Wednesday,1,No
West Virginia,Wednesday,1,Yes
West Virginia,Saturday,1,No
West Virginia,Saturday,1,Yes
West Virginia,Thursday,1,No
West Virginia,Friday,1,No
West Virginia,Saturday,1,Yes
West Virginia,Saturday,1,Yes
West Virginia,Saturday,1,No
West Virginia,Wednesday,1,No
West Virginia,Tuesday,1,No
West Virginia,Monday,1,Yes
West Virginia,Monday,1,No
West Virginia,Thursday,1,No
West Virginia,Sunday,1,Yes
West Virginia,Monday,1,No
West Virginia,Monday,1,No
West Virginia,Tuesday,1,No
West Virginia,Wednesday,1,No
West Virginia,Tuesday,1,No
West Virginia,Thursday,1,No
West Virginia,Friday,1,Yes
West Virginia,Wednesday,1,No
West Virginia,Thursday,1,No
West Virginia,Saturday,2,Yes
West Virginia,Sunday,1,Yes
West Virginia,Tuesday,1,No
West Virginia,Wednesday,1,No
West Virginia,Sunday,1,No
West Virginia,Monday,1,No
West Virginia,Tuesday,1,No
West Virginia,Thursday,1,No
West Virginia,Thursday,1,No
West Virginia,Friday,1,Yes
West Virginia,Thursday,1,No
West Virginia,Tuesday,1,Yes
West Virginia,Tuesday,1,Yes
West Virginia,Tuesday,1,No
West Virginia,Saturday,1,Yes
West Virginia,Saturday,1,No
West Virginia,Thursday,1,No
West Virginia,Friday,1,No
West Virginia,Saturday,1,Yes
West Virginia,Tuesday,1,No
West Virginia,Wednesday,1,No
West Virginia,Thursday,1,No
West Virginia,Tuesday,2,No
West Virginia,Sunday,1,Yes
West Virginia,Saturday,1,No
West Virginia,Sunday,1,Yes
West Virginia,Friday,1,No
West Virginia,Wednesday,1,No
West Virginia,Monday,1,No
West Virginia,Monday,1,No
West Virginia,Wednesday,1,No
West Virginia,Sunday,1,Yes
West Virginia,Friday,1,No
West Virginia,Tuesday,1,No
West Virginia,Saturday,1,No
West Virginia,Wednesday,1,No
West Virginia,Saturday,1,No
West Virginia,Monday,1,No
West Virginia,Tuesday,1,No
West Virginia,Friday,2,No
West Virginia,Monday,1,No
West Virginia,Monday,1,No
West Virginia,Tuesday,1,No
West Virginia,Thursday,1,Yes
West Virginia,Sunday,1,No
West Virginia,Monday,1,No
West Virginia,Wednesday,1,No
West Virginia,Thursday,1,No
West Virginia,Saturday,1,No
West Virginia,Saturday,1,Yes
West Virginia,Sunday,1,No
West Virginia,Thursday,1,Yes
West Virginia,Sunday,1,No
West Virginia,Friday,1,No
West Virginia,Wednesday,1,No
West Virginia,Wednesday,1,No
West Virginia,Thursday,1,No
West Virginia,Saturday,1,No
West Virginia,Monday,1,No
West Virginia,Wednesday,1,No
West Virginia,Friday,1,No
West Virginia,Friday,2,Yes
West Virginia,Saturday,1,No
West Virginia,Monday,1,No
West Virginia,Thursday,2,No
West Virginia,Thursday,1,No
West Virginia,Tuesday,1,No
West Virginia,Friday,1,No
West Virginia,Sunday,1,No
West Virginia,Tuesday,1,Yes
West Virginia,Tuesday,1,No
West Virginia,Sunday,1,No
West Virginia,Sunday,1,Yes
West Virginia,Monday,1,No
West Virginia,Tuesday,1,Yes
West Virginia,Saturday,1,Yes
West Virginia,Saturday,1,No
West Virginia,Wednesday,1,No
West Virginia,Thursday,1,No
West Virginia,Saturday,1,No
West Virginia,Tuesday,1,No
West Virginia,Wednesday,1,No
West Virginia,Friday,1,No
West Virginia,Friday,1,No
West Virginia,Friday,1,No
West Virginia,Sunday,2,No
West Virginia,Sunday,2,No
West Virginia,Tuesday,1,No
West Virginia,Tuesday,1,No
West Virginia,Saturday,1,Yes
West Virginia,Tuesday,1,No
West Virginia,Wednesday,1,Yes
West Virginia,Thursday,1,No
West Virginia,Friday,1,No
West Virginia,Friday,1,No
West Virginia,Sunday,1,No
West Virginia,Sunday,1,No
West Virginia,Monday,1,No
West Virginia,Thursday,1,No
West Virginia,Friday,1,No
West Virginia,Friday,1,No
West Virginia,Thursday,1,No
West Virginia,Monday,2,No
West Virginia,Tuesday,1,Yes
West Virginia,Thursday,2,No
West Virginia,Thursday,1,No
West Virginia,Saturday,1,Yes
West Virginia,Saturday,1,No
West Virginia,Sunday,1,No
West Virginia,Sunday,2,No
West Virginia,Tuesday,2,No
West Virginia,Wednesday,1,No
West Virginia,Thursday,2,No
West Virginia,Friday,1,No
West Virginia,Saturday,1,Yes
West Virginia,Monday,1,No
West Virginia,Wednesday,1,No
West Virginia,Wednesday,1,No
West Virginia,Thursday,2,No
West Virginia,Monday,1,No
West Virginia,Monday,1,No
West Virginia,Tuesday,1,No
West Virginia,Tuesday,1,No
West Virginia,Saturday,1,No
West Virginia,Sunday,1,No
West Virginia,Sunday,1,No
West Virginia,Monday,1,No
West Virginia,Thursday,1,No
West Virginia,Thursday,1,No
West Virginia,Monday,1,No
West Virginia,Wednesday,1,No
West Virginia,Wednesday,1,No
West Virginia,Thursday,1,No
West Virginia,Thursday,1,No
West Virginia,Thursday,1,No
West Virginia,Friday,1,No
West Virginia,Friday,1,Yes
West Virginia,Sunday,1,Yes
West Virginia,Wednesday,1,No
West Virginia,Thursday,2,Yes
West Virginia,Tuesday,1,No
West Virginia,Thursday,2,No
West Virginia,Friday,3,No
West Virginia,Monday,1,No
West Virginia,Friday,1,Yes
West Virginia,Friday,1,No
West Virginia,Saturday,1,No
West Virginia,Sunday,1,No
West Virginia,Monday,1,No
West Virginia,Tuesday,1,No
West Virginia,Wednesday,1,No
West Virginia,Thursday,1,No
West Virginia,Friday,1,Yes
West Virginia,Saturday,2,No
West Virginia,Sunday,1,Yes
West Virginia,Monday,1,No
West Virginia,Thursday,1,No
West Virginia,Sunday,1,No
West Virginia,Monday,1,No
West Virginia,Thursday,1,Yes
West Virginia,Friday,1,No
West Virginia,Saturday,1,No
West Virginia,Saturday,1,No
West Virginia,Tuesday,1,No
West Virginia,Wednesday,1,Yes
West Virginia,Friday,2,No
West Virginia,Friday,1,No
West Virginia,Saturday,1,No
West Virginia,Wednesday,1,No
West Virginia,Sunday,2,No
West Virginia,Tuesday,1,No
Wisconsin,Sunday,1,No
Wisconsin,Wednesday,1,No
Wisconsin,Monday,1,No
Wisconsin,Saturday,1,Yes
Wisconsin,Wednesday,1,No
Wisconsin,Monday,1,Yes
Wisconsin,Monday,1,No
Wisconsin,Monday,1,No
Wisconsin,Monday,1,No
Wisconsin,Wednesday,1,No
Wisconsin,Saturday,1,Yes
Wisconsin,Friday,1,Yes
Wisconsin,Tuesday,1,No
Wisconsin,Wednesday,1,No
Wisconsin,Thursday,1,No
Wisconsin,Monday,1,Yes
Wisconsin,Tuesday,1,No
Wisconsin,Saturday,1,Yes
Wisconsin,Friday,1,No
Wisconsin,Friday,1,No
Wisconsin,Monday,1,No
Wisconsin,Saturday,1,No
Wisconsin,Friday,1,Yes
Wisconsin,Tuesday,1,No
Wisconsin,Saturday,2,Yes
Wisconsin,Monday,1,Yes
Wisconsin,Monday,1,No
Wisconsin,Friday,1,Yes
Wisconsin,Monday,1,Yes
Wisconsin,Sunday,3,Yes
Wisconsin,Monday,1,Yes
Wisconsin,Friday,1,No
Wisconsin,Friday,1,Yes
Wisconsin,Thursday,3,No
Wisconsin,Thursday,1,Yes
Wisconsin,Thursday,1,No
Wisconsin,Sunday,1,Yes
Wisconsin,Wednesday,1,Yes
Wisconsin,Sunday,1,Yes
Wisconsin,Tuesday,1,No
Wisconsin,Sunday,1,Yes
Wisconsin,Friday,1,Yes
Wisconsin,Sunday,1,No
Wisconsin,Tuesday,1,Yes
Wisconsin,Friday,1,Yes
Wisconsin,Tuesday,1,No
Wisconsin,Monday,1,Yes
Wisconsin,Tuesday,1,No
Wisconsin,Saturday,1,No
Wisconsin,Saturday,1,No
Wisconsin,Saturday,1,Yes
Wisconsin,Saturday,1,No
Wisconsin,Thursday,1,Yes
Wisconsin,Saturday,2,No
Wisconsin,Saturday,1,No
Wisconsin,Tuesday,1,No
Wisconsin,Wednesday,1,No
Wisconsin,Saturday,1,Yes
Wisconsin,Friday,1,No
Wisconsin,Monday,1,Yes
Wisconsin,Friday,1,Yes
Wisconsin,Sunday,1,Yes
Wisconsin,Monday,1,No
Wisconsin,Friday,2,No
Wisconsin,Saturday,1,Yes
Wisconsin,Saturday,1,Yes
Wisconsin,Saturday,1,Yes
Wisconsin,Tuesday,1,No
Wisconsin,Thursday,1,No
Wisconsin,Sunday,1,No
Wisconsin,Wednesday,1,Yes
Wisconsin,Wednesday,1,No
Wisconsin,Friday,1,No
Wisconsin,Wednesday,2,Yes
Wisconsin,Wednesday,1,No
Wisconsin,Wednesday,1,No
Wisconsin,Monday,1,No
Wisconsin,Wednesday,1,No
Wisconsin,Saturday,1,Yes
Wisconsin,Sunday,1,No
Wisconsin,Friday,1,No
Wisconsin,Saturday,1,No
Wisconsin,Monday,1,No
Wisconsin,Saturday,1,No
Wisconsin,Friday,1,Yes
Wisconsin,Friday,1,Yes
Wisconsin,Friday,2,No
Wisconsin,Sunday,1,Yes
Wisconsin,Saturday,1,Yes
Wisconsin,Friday,1,Yes
Wisconsin,Tuesday,1,No
Wisconsin,Thursday,1,Yes
Wisconsin,Saturday,1,No
Wisconsin,Monday,1,No
Wisconsin,Saturday,1,Yes
Wisconsin,Monday,1,Yes
Wisconsin,Monday,2,Yes
Wisconsin,Saturday,1,Yes
Wisconsin,Saturday,1,Yes
Wisconsin,Saturday,1,Yes
Wisconsin,Friday,1,No
Wisconsin,Saturday,2,Yes
Wisconsin,Friday,1,Yes
Wisconsin,Wednesday,1,Yes
Wisconsin,Wednesday,1,No
Wisconsin,Tuesday,1,No
Wisconsin,Wednesday,1,No
Wisconsin,Tuesday,1,No
Wisconsin,Saturday,1,No
Wisconsin,Monday,1,Yes
Wisconsin,Tuesday,1,No
Wisconsin,Sunday,1,No
Wisconsin,Wednesday,1,No
Wisconsin,Thursday,1,Yes
Wisconsin,Sunday,2,Yes
Wisconsin,Friday,1,Yes
Wisconsin,Saturday,1,No
Wisconsin,Monday,1,Yes
Wisconsin,Wednesday,2,No
Wisconsin,Tuesday,1,No
Wisconsin,Monday,1,No
Wisconsin,Wednesday,1,No
Wisconsin,Tuesday,1,Yes
Wisconsin,Thursday,1,No
Wisconsin,Friday,1,Yes
Wisconsin,Friday,1,No
Wisconsin,Thursday,1,No
Wisconsin,Saturday,1,Yes
Wisconsin,Thursday,1,No
Wisconsin,Sunday,1,Yes
Wisconsin,Thursday,1,No
Wisconsin,Sunday,1,Yes
Wisconsin,Friday,1,No
Wisconsin,Saturday,1,No
Wisconsin,Thursday,1,No
Wisconsin,Tuesday,1,Yes
Wisconsin,Friday,1,No
Wisconsin,Tuesday,1,No
Wisconsin,Monday,1,No
Wisconsin,Friday,1,No
Wisconsin,Monday,1,No
Wisconsin,Tuesday,1,No
Wisconsin,Wednesday,1,No
Wisconsin,Monday,1,Yes
Wisconsin,Sunday,1,Yes
Wisconsin,Thursday,1,No
Wisconsin,Sunday,1,No
Wisconsin,Wednesday,1,Yes
Wisconsin,Friday,1,No
Wisconsin,Sunday,1,Yes
Wisconsin,Saturday,1,Yes
Wisconsin,Sunday,1,Yes
Wisconsin,Sunday,1,No
Wisconsin,Monday,1,No
Wisconsin,Wednesday,1,No
Wisconsin,Friday,1,No
Wisconsin,Saturday,1,Yes
Wisconsin,Sunday,1,No
Wisconsin,Wednesday,1,No
Wisconsin,Thursday,1,No
Wisconsin,Thursday,1,Yes
Wisconsin,Wednesday,1,No
Wisconsin,Thursday,1,No
Wisconsin,Saturday,1,Yes
Wisconsin,Saturday,1,No
Wisconsin,Sunday,2,No
Wisconsin,Friday,1,No
Wisconsin,Tuesday,1,No
Wisconsin,Tuesday,2,Yes
Wisconsin,Saturday,1,No
Wisconsin,Tuesday,2,No
Wisconsin,Sunday,2,Yes
Wisconsin,Thursday,1,Yes
Wisconsin,Thursday,1,No
Wisconsin,Friday,2,No
Wisconsin,Sunday,1,Yes
Wisconsin,Monday,1,Yes
Wisconsin,Wednesday,1,No
Wisconsin,Monday,1,Yes
Wisconsin,Monday,1,No
Wisconsin,Saturday,1,No
Wisconsin,Sunday,1,Yes
Wisconsin,Friday,1,No
Wisconsin,Thursday,1,Yes
Wisconsin,Sunday,1,No
Wisconsin,Saturday,1,Yes
Wisconsin,Tuesday,1,No
Wisconsin,Saturday,1,Yes
Wisconsin,Wednesday,1,No
Wisconsin,Friday,1,No
Wisconsin,Saturday,1,No
Wisconsin,Wednesday,1,Yes
Wisconsin,Thursday,1,No
Wisconsin,Monday,3,Yes
Wisconsin,Saturday,1,No
Wisconsin,Friday,1,No
Wisconsin,Thursday,1,Yes
Wisconsin,Sunday,1,Yes
Wisconsin,Wednesday,1,Yes
Wisconsin,Wednesday,1,No
Wisconsin,Tuesday,1,No
Wisconsin,Saturday,1,Yes
Wisconsin,Wednesday,1,No
Wisconsin,Thursday,1,Yes
Wisconsin,Sunday,1,Yes
Wisconsin,Thursday,1,No
Wisconsin,Tuesday,1,No
Wisconsin,Thursday,1,No
Wisconsin,Saturday,1,No
Wisconsin,Tuesday,1,Yes
Wisconsin,Saturday,1,Yes
Wisconsin,Sunday,1,No
Wisconsin,Wednesday,1,No
Wisconsin,Saturday,1,No
Wisconsin,Thursday,1,No
Wisconsin,Monday,1,Yes
Wisconsin,Monday,1,No
Wisconsin,Saturday,1,No
Wisconsin,Friday,1,No
Wisconsin,Wednesday,1,No
Wisconsin,Friday,1,No
Wisconsin,Monday,2,No
Wisconsin,Sunday,1,No
Wisconsin,Sunday,1,No
Wisconsin,Friday,2,No
Wisconsin,Friday,1,No
Wisconsin,Sunday,1,Yes
Wisconsin,Monday,1,No
Wisconsin,Thursday,1,No
Wisconsin,Sunday,1,Yes
Wisconsin,Friday,1,No
Wisconsin,Tuesday,1,Yes
Wisconsin,Monday,1,Yes
Wisconsin,Saturday,1,Yes
Wisconsin,Sunday,1,No
Wisconsin,Thursday,1,Yes
Wisconsin,Friday,1,No
Wisconsin,Friday,3,Yes
Wisconsin,Thursday,1,No
Wisconsin,Monday,1,Yes
Wisconsin,Monday,1,No
Wisconsin,Tuesday,1,No
Wisconsin,Sunday,1,No
Wisconsin,Saturday,1,Yes
Wisconsin,Tuesday,1,Yes
Wisconsin,Thursday,1,Yes
Wisconsin,Tuesday,1,No
Wisconsin,Thursday,1,Yes
Wisconsin,Sunday,1,No
Wisconsin,Sunday,1,Yes
Wisconsin,Tuesday,1,No
Wisconsin,Wednesday,1,No
Wisconsin,Friday,1,Yes
Wisconsin,Monday,1,No
Wisconsin,Sunday,1,Yes
Wisconsin,Wednesday,2,Yes
Wisconsin,Friday,2,Yes
Wisconsin,Monday,1,No
Wisconsin,Sunday,1,Yes
Wisconsin,Sunday,2,No
Wisconsin,Wednesday,1,No
Wisconsin,Saturday,1,No
Wisconsin,Tuesday,1,No
Wisconsin,Saturday,1,No
Wisconsin,Sunday,2,Yes
Wisconsin,Thursday,1,Yes
Wisconsin,Saturday,1,No
Wisconsin,Thursday,1,Yes
Wisconsin,Monday,1,No
Wisconsin,Friday,1,No
Wisconsin,Sunday,1,No
Wisconsin,Friday,1,Yes
Wisconsin,Saturday,1,No
Wisconsin,Saturday,1,Yes
Wisconsin,Thursday,1,Yes
Wisconsin,Wednesday,1,No
Wisconsin,Saturday,1,No
Wisconsin,Saturday,1,No
Wisconsin,Sunday,1,No
Wisconsin,Wednesday,1,Yes
Wisconsin,Sunday,1,No
Wisconsin,Sunday,1,Yes
Wisconsin,Saturday,1,Yes
Wisconsin,Wednesday,1,No
Wisconsin,Tuesday,1,Yes
Wisconsin,Saturday,1,No
Wisconsin,Wednesday,2,No
Wisconsin,Monday,1,No
Wisconsin,Wednesday,1,No
Wisconsin,Thursday,1,Yes
Wisconsin,Friday,1,Yes
Wisconsin,Wednesday,1,Yes
Wisconsin,Thursday,1,No
Wisconsin,Sunday,1,No
Wisconsin,Sunday,1,Yes
Wisconsin,Friday,1,Yes
Wisconsin,Saturday,1,No
Wisconsin,Tuesday,1,No
Wisconsin,Saturday,1,No
Wisconsin,Saturday,1,No
Wisconsin,Thursday,2,Yes
Wisconsin,Tuesday,1,No
Wisconsin,Saturday,1,Yes
Wisconsin,Saturday,1,Yes
Wisconsin,Thursday,1,No
Wisconsin,Monday,1,Yes
Wisconsin,Sunday,1,Yes
Wisconsin,Saturday,1,No
Wisconsin,Sunday,1,Yes
Wisconsin,Wednesday,1,Yes
Wisconsin,Sunday,1,No
Wisconsin,Tuesday,1,No
Wisconsin,Sunday,2,No
Wisconsin,Sunday,1,No
Wisconsin,Sunday,1,No
Wisconsin,Monday,1,No
Wisconsin,Saturday,3,Yes
Wisconsin,Tuesday,2,No
Wisconsin,Wednesday,1,No
Wisconsin,Friday,1,No
Wisconsin,Sunday,1,Yes
Wisconsin,Saturday,1,Yes
Wisconsin,Sunday,1,No
Wisconsin,Sunday,1,No
Wisconsin,Sunday,1,No
Wisconsin,Wednesday,2,No
Wisconsin,Friday,1,Yes
Wisconsin,Sunday,1,No
Wisconsin,Friday,1,No
Wisconsin,Sunday,1,No
Wisconsin,Tuesday,1,No
Wisconsin,Monday,1,No
Wisconsin,Saturday,1,No
Wisconsin,Saturday,1,No
Wisconsin,Thursday,1,No
Wisconsin,Saturday,1,Yes
Wisconsin,Saturday,1,No
Wisconsin,Friday,2,Yes
Wisconsin,Monday,1,No
Wisconsin,Sunday,1,No
Wisconsin,Friday,1,No
Wisconsin,Sunday,1,Yes
Wisconsin,Sunday,1,No
Wisconsin,Sunday,2,No
Wisconsin,Friday,1,Yes
Wisconsin,Saturday,1,No
Wisconsin,Monday,1,Yes
Wisconsin,Friday,1,No
Wisconsin,Saturday,2,No
Wisconsin,Sunday,1,No
Wisconsin,Tuesday,1,No
Wisconsin,Thursday,1,No
Wisconsin,Friday,2,No
Wisconsin,Tuesday,1,No
Wisconsin,Thursday,1,Yes
Wisconsin,Sunday,1,Yes
Wisconsin,Tuesday,1,No
Wisconsin,Sunday,1,Yes
Wisconsin,Wednesday,1,No
Wisconsin,Thursday,1,Yes
Wisconsin,Thursday,1,No
Wisconsin,Thursday,1,No
Wisconsin,Saturday,1,No
Wisconsin,Friday,1,No
Wisconsin,Friday,1,Yes
Wisconsin,Tuesday,1,Yes
Wisconsin,Sunday,1,Yes
Wisconsin,Friday,1,No
Wisconsin,Tuesday,1,No
Wisconsin,Saturday,1,No
Wisconsin,Thursday,1,No
Wisconsin,Saturday,1,No
Wisconsin,Saturday,2,Yes
Wisconsin,Wednesday,1,No
Wisconsin,Thursday,1,No
Wisconsin,Saturday,4,No
Wisconsin,Sunday,1,No
Wisconsin,Saturday,2,Yes
Wisconsin,Sunday,1,Yes
Wisconsin,Monday,1,Yes
Wisconsin,Wednesday,1,No
Wisconsin,Tuesday,1,No
Wisconsin,Friday,2,Yes
Wisconsin,Saturday,2,Yes
Wisconsin,Thursday,1,No
Wisconsin,Friday,1,Yes
Wisconsin,Saturday,1,Yes
Wisconsin,Monday,1,No
Wisconsin,Monday,1,Yes
Wisconsin,Tuesday,1,Yes
Wisconsin,Sunday,1,Yes
Wisconsin,Thursday,1,Yes
Wisconsin,Tuesday,1,Yes
Wisconsin,Saturday,1,No
Wisconsin,Saturday,2,No
Wisconsin,Thursday,1,No
Wisconsin,Friday,1,No
Wisconsin,Friday,1,No
Wisconsin,Wednesday,1,No
Wisconsin,Tuesday,2,No
Wisconsin,Friday,1,Yes
Wisconsin,Thursday,1,No
Wisconsin,Monday,1,No
Wisconsin,Thursday,1,No
Wisconsin,Sunday,1,No
Wisconsin,Friday,1,Yes
Wisconsin,Friday,1,No
Wisconsin,Sunday,1,Yes
Wisconsin,Thursday,1,No
Wisconsin,Thursday,2,No
Wisconsin,Tuesday,1,No
Wisconsin,Monday,1,No
Wisconsin,Wednesday,1,No
Wisconsin,Saturday,1,No
Wisconsin,Monday,1,No
Wisconsin,Tuesday,1,Yes
Wisconsin,Thursday,1,No
Wisconsin,Tuesday,1,No
Wisconsin,Monday,1,No
Wisconsin,Friday,1,No
Wisconsin,Thursday,1,No
Wisconsin,Monday,1,No
Wisconsin,Friday,1,No
Wisconsin,Monday,1,No
Wisconsin,Monday,1,No
Wisconsin,Sunday,1,Yes
Wisconsin,Tuesday,1,No
Wisconsin,Sunday,1,Yes
Wisconsin,Sunday,1,No
Wisconsin,Wednesday,1,No
Wisconsin,Tuesday,1,No
Wisconsin,Friday,1,No
Wisconsin,Saturday,2,No
Wisconsin,Saturday,1,No
Wisconsin,Tuesday,1,Yes
Wisconsin,Saturday,2,Yes
Wisconsin,Wednesday,1,No
Wisconsin,Wednesday,1,No
Wisconsin,Thursday,1,No
Wisconsin,Saturday,2,Yes
Wisconsin,Friday,1,No
Wisconsin,Sunday,2,No
Wisconsin,Sunday,1,Yes
Wisconsin,Wednesday,1,No
Wisconsin,Thursday,1,No
Wisconsin,Monday,1,No
Wisconsin,Tuesday,1,Yes
Wisconsin,Monday,1,No
Wisconsin,Saturday,1,Yes
Wisconsin,Thursday,1,No
Wisconsin,Saturday,1,No
Wisconsin,Tuesday,2,Yes
Wisconsin,Wednesday,1,No
Wisconsin,Wednesday,1,Yes
Wisconsin,Monday,1,Yes
Wisconsin,Tuesday,1,No
Wisconsin,Friday,1,No
Wisconsin,Monday,1,No
Wisconsin,Monday,1,No
Wisconsin,Saturday,1,No
Wisconsin,Tuesday,1,No
Wisconsin,Sunday,1,Yes
Wisconsin,Wednesday,1,No
Wisconsin,Tuesday,1,No
Wisconsin,Friday,2,Yes
Wisconsin,Saturday,1,No
Wisconsin,Saturday,1,Yes
Wisconsin,Sunday,1,No
Wisconsin,Saturday,1,No
Wisconsin,Friday,1,Yes
Wisconsin,Monday,1,No
Wisconsin,Wednesday,1,No
Wisconsin,Friday,1,No
Wisconsin,Friday,1,No
Wisconsin,Friday,1,No
Wisconsin,Saturday,1,No
Wisconsin,Monday,1,No
Wisconsin,Friday,1,No
Wisconsin,Saturday,1,Yes
Wisconsin,Wednesday,1,Yes
Wisconsin,Wednesday,1,Yes
Wisconsin,Sunday,1,No
Wisconsin,Tuesday,1,No
Wisconsin,Friday,1,No
Wisconsin,Thursday,1,No
Wisconsin,Wednesday,1,No
Wisconsin,Thursday,1,Yes
Wisconsin,Friday,1,No
Wisconsin,Tuesday,1,No
Wisconsin,Monday,1,No
Wisconsin,Tuesday,1,No
Wisconsin,Friday,2,No
Wisconsin,Wednesday,1,No
Wisconsin,Sunday,1,Yes
Wisconsin,Wednesday,1,No
Wisconsin,Monday,3,No
Wisconsin,Friday,1,No
Wisconsin,Wednesday,1,Yes
Wisconsin,Tuesday,1,No
Wisconsin,Saturday,1,No
Wisconsin,Friday,1,No
Wisconsin,Monday,1,Yes
Wisconsin,Tuesday,1,No
Wisconsin,Wednesday,1,No
Wisconsin,Saturday,1,No
Wisconsin,Friday,1,No
Wisconsin,Wednesday,1,No
Wisconsin,Friday,1,Yes
Wisconsin,Sunday,1,Yes
Wisconsin,Saturday,1,Yes
Wisconsin,Friday,1,No
Wisconsin,Friday,1,No
Wisconsin,Wednesday,1,Yes
Wisconsin,Monday,1,No
Wisconsin,Saturday,1,No
Wisconsin,Friday,1,No
Wisconsin,Friday,1,No
Wisconsin,Saturday,1,Yes
Wisconsin,Tuesday,1,No
Wisconsin,Saturday,1,Yes
Wisconsin,Monday,1,Yes
Wisconsin,Saturday,1,No
Wisconsin,Tuesday,1,No
Wisconsin,Saturday,1,Yes
Wisconsin,Saturday,1,Yes
Wisconsin,Saturday,1,Yes
Wisconsin,Sunday,1,Yes
Wisconsin,Monday,1,Yes
Wisconsin,Tuesday,1,No
Wisconsin,Saturday,1,No
Wyoming,Monday,1,No
Wyoming,Monday,1,No
Wyoming,Monday,1,No
Wyoming,Thursday,1,No
Wyoming,Sunday,1,No
Wyoming,Thursday,1,No
Wyoming,Sunday,1,Yes
Wyoming,Monday,1,No
Wyoming,Friday,1,No
Wyoming,Thursday,1,No
Wyoming,Friday,1,No
Wyoming,Monday,1,No
Wyoming,Monday,1,Yes
Wyoming,Saturday,1,Yes
Wyoming,Sunday,1,No
Wyoming,Monday,1,No
Wyoming,Wednesday,1,No
Wyoming,Saturday,1,No
Wyoming,Saturday,1,No
Wyoming,Friday,1,Yes
Wyoming,Friday,1,No
Wyoming,Friday,1,No
Wyoming,Thursday,1,No
Wyoming,Thursday,1,No
Wyoming,Friday,1,No
Wyoming,Sunday,1,Yes
Wyoming,Thursday,1,No
Wyoming,Sunday,2,No
Wyoming,Tuesday,3,No
Wyoming,Monday,1,No
Wyoming,Friday,1,No
Wyoming,Saturday,1,Yes
Wyoming,Saturday,1,No
Wyoming,Monday,1,No
Wyoming,Sunday,1,Yes
Wyoming,Saturday,1,No
Wyoming,Monday,1,No
Wyoming,Friday,1,No
Wyoming,Monday,1,No
Wyoming,Saturday,1,Yes
Wyoming,Saturday,1,No
Wyoming,Thursday,1,No
Wyoming,Thursday,1,No
Wyoming,Saturday,1,No
Wyoming,Thursday,1,Yes
Wyoming,Wednesday,1,No
Wyoming,Thursday,1,Yes
Wyoming,Saturday,1,No
Wyoming,Sunday,3,No
Wyoming,Saturday,1,Yes
Wyoming,Saturday,1,Yes
Wyoming,Wednesday,1,No
Wyoming,Thursday,1,No
Wyoming,Wednesday,1,No
Wyoming,Thursday,1,No
Wyoming,Friday,1,No
Wyoming,Friday,1,Yes
Wyoming,Tuesday,1,No
Wyoming,Friday,1,Yes
Wyoming,Saturday,1,Yes
Wyoming,Monday,1,Yes
Wyoming,Friday,1,No
Wyoming,Monday,1,No
Wyoming,Tuesday,1,Yes
Wyoming,Tuesday,2,No
Wyoming,Tuesday,1,Yes
Wyoming,Thursday,1,No
Wyoming,Saturday,1,Yes
Wyoming,Monday,1,Yes
Wyoming,Thursday,1,No
Wyoming,Saturday,2,Yes
Wyoming,Monday,1,No
Wyoming,Tuesday,1,No
Wyoming,Sunday,1,No
Wyoming,Tuesday,1,No
Wyoming,Tuesday,1,Yes
Wyoming,Saturday,1,Yes
Wyoming,Tuesday,1,No
Wyoming,Saturday,1,Yes
Wyoming,Tuesday,1,No
Wyoming,Thursday,1,No
Wyoming,Friday,2,Yes
Wyoming,Sunday,1,No
Wyoming,Sunday,1,No
Wyoming,Saturday,1,No
Wyoming,Sunday,1,No
Wyoming,Friday,1,Yes
Wyoming,Tuesday,2,No
Wyoming,Thursday,1,Yes
Wyoming,Friday,3,Yes
Wyoming,Thursday,1,No
Wyoming,Tuesday,1,No
Wyoming,Monday,1,No
Wyoming,Wednesday,1,No
Wyoming,Saturday,1,No
Wyoming,Sunday,1,Yes
Wyoming,Wednesday,1,No
Wyoming,Tuesday,1,No
Wyoming,Monday,1,Yes
Wyoming,Friday,1,Yes
