FIPS,x center,y center,population,cancer risk
02185,73.8518474949123,264.844022996094,7385,2e-05
02188,62.01928186815282,278.31191803597136,7208,1.7e-05
02130,141.9121038089179,319.2708885328206,14070,2.2e-05
02201,139.94563076947165,320.21907832228834,6146,1.8e-05
02280,135.73600017402873,316.5949680873319,6684,1.7e-05
02220,128.99281362588238,315.88086232750777,8835,2e-05
02100,125.25401313223252,307.0715621080508,2392,1.3000000000000001e-05
02110,129.37280373285463,309.1614134593493,30711,2.1e-05
02232,127.67295507021687,310.5353674642897,3436,1.7e-05
02282,111.79727734627771,307.0046761493872,808,1.3000000000000001e-05
02016,22.012621738313275,346.5776379600048,5465,1.3000000000000001e-05
02013,57.641142400176925,338.20780383936744,2697,1.3000000000000001e-05
02150,78.32002418665054,325.33669997142795,13913,2.2e-05
02060,71.2701605059377,319.8072428607497,1258,1.3000000000000001e-05
02070,66.2299522213319,316.00479025899983,4922,1.7e-05
02164,71.46537754699256,322.5465660501785,1823,1.3000000000000001e-05
02122,82.46597695286272,312.35430829740005,49691,2e-05
02020,89.13295731751262,305.66974564710137,260283,4.5e-05
02261,96.93753209382015,304.28521462660075,10195,1.4999999999999999e-05
02170,87.09301611683863,299.9492300221455,59322,2.1e-05
02240,100.0348389382296,289.4064711400785,6174,1.3000000000000001e-05
02090,91.7297663663959,285.8283051682733,82840,2.5e-05
02068,84.78561759587457,293.43527220757517,1893,1.4000000000000001e-05
02050,57.04487862494636,308.6494799637224,16006,1.7e-05
02270,54.85304724523085,302.4697890081501,7028,1.3000000000000001e-05
02180,51.79017219404293,289.5685492925286,9196,1.4000000000000001e-05
02290,79.80535639901944,284.620803067158,6551,1.4000000000000001e-05
01069,410.75400908112994,257.19381744069244,88787,4e-05
01067,411.29098040078657,252.43866152452588,16310,3.4e-05
01061,405.37951372377853,258.6360295178165,25764,3.8e-05
01045,407.35215721216866,254.20042174104316,49129,3.9e-05
01031,403.2972555702955,254.86089813679482,43615,3.8e-05
01039,398.46930448505,257.2731837552419,37631,3.7e-05
01097,379.63755312898917,265.06599349319566,399843,4.2e-05
01003,385.01945791458337,265.67794310912643,140415,3.7e-05
01053,390.9300473733677,259.68547409146817,38440,4e-05
01035,392.2299183933133,255.7442495815302,14089,3.4e-05
01129,378.9927623539034,257.0807916461613,18097,3.3e-05
01023,378.0464435141565,249.1335061556421,15922,3.6e-05
01025,383.0251613346245,253.85719853411587,27867,3.6e-05
01099,388.04089689881624,254.20828908358175,24324,3.3e-05
01131,388.4476622250319,248.5813313795752,13183,3.6e-05
01013,395.44754266972114,251.1878612412636,21399,3.4e-05
01041,399.3014218857225,251.00659989501432,13665,3.3e-05
01109,403.24214889203284,249.5225117763388,29605,3.8e-05
01011,405.44314970328384,245.67119422961758,11714,4.4e-05
01087,405.13718232625354,241.85658008050754,24105,4.4e-05
01085,395.0390703631398,245.9317896763989,13473,3.6e-05
01101,399.756273448692,244.53238067314817,223510,5.6999999999999996e-05
01051,399.83861751631116,239.81122310287296,65874,4.2e-05
01001,394.66178240629057,241.01015012704738,43671,4.5e-05
01047,389.9149664891747,243.81689953909455,46365,4.1e-05
01091,382.4570621485685,245.83376596836263,22539,3.8e-05
01119,378.0644795947296,241.7725079614331,14798,3.8e-05
01105,387.4192055706565,240.65415571272467,11861,3.8e-05
01021,393.5317066351083,237.0978815435973,39593,4e-05
01037,398.5678798812869,235.4141633125616,12202,3.9e-05
01123,403.3667614824755,236.2847568389939,41475,4e-05
01027,402.029971256961,230.5544328603752,14254,3.7e-05
01121,398.7593780663942,229.58913439282856,80321,4.9e-05
01117,393.60240859437727,231.7395152437037,143293,5.6000000000000006e-05
01007,388.81181794225057,235.57724495825428,20826,4.1e-05
01065,383.79212986855407,239.3048763170706,17185,3.8e-05
01063,380.42583259902864,238.4739067880933,9974,3.9e-05
01107,378.2413674903044,232.9042303375893,20949,4e-05
01125,384.55955516335035,231.9501471856929,164875,5.4000000000000005e-05
01073,390.8261219658077,228.19741663990087,662047,7.3e-05
01127,385.9596900753426,225.4608103679556,70713,4.5e-05
01075,377.6804861687329,226.4283973792307,15904,3.9e-05
01057,381.7956627821181,226.88404732003445,18495,3.9e-05
01059,379.6489870854554,217.63962422862616,31223,3.9e-05
01093,379.44799243022385,221.7012518391561,31214,3.9e-05
01133,384.8427057088388,220.92176989581483,24843,3.8e-05
01043,390.460384381748,220.54374737555491,77483,4.1e-05
01009,393.41987435522896,222.44459126788726,51024,4.2e-05
01115,396.5830079394594,225.56434070125428,64742,4.7e-05
01015,401.7689073398316,224.2126112555817,112249,5.6000000000000006e-05
01055,399.10731978965634,221.1331688565475,103459,4.9e-05
01095,395.81187885427215,216.87809212423213,82231,3.9e-05
01103,389.95686850345487,216.41276136237224,111064,5.3e-05
01079,385.10042609809915,216.13635631847885,34803,4.1e-05
01033,379.6706601136755,214.12139696071546,54984,4.6e-05
01077,380.89349786420615,211.5037735948076,87966,4.6e-05
01083,388.26736206797415,212.09449988333984,65676,4.2e-05
01089,392.90589969338373,212.3569945603685,276700,5.1e-05
01071,398.5926944149827,211.40431092216758,53926,3.7e-05
01049,401.2526236242723,214.97725317981846,64452,3.7e-05
01019,403.62142893917684,218.46764213647404,23988,4e-05
01029,404.85906487936717,225.35815204251668,14123,4e-05
01111,406.39291896992717,230.0030986616473,22380,3.8e-05
01017,407.6731149631791,234.79135477851082,36583,4.2e-05
01081,408.6358225291323,238.8943550615683,115092,5e-05
01113,410.91376095127504,242.59106501661392,49756,5.6000000000000006e-05
01005,409.15096000307364,248.25779707105858,29038,4e-05
05017,343.9804320478766,235.04399078683602,14117,3.5e-05
05003,338.9627075769817,236.4562571890438,24209,3.8e-05
05115,324.45050340872007,207.5669092388001,54469,4.1e-05
05101,322.3210627165409,201.63204776087397,8608,2.8000000000000003e-05
05087,317.04744824979883,200.7520056143948,14243,2.7000000000000002e-05
05047,315.6048271358196,207.20528539042516,17771,3.3e-05
05071,320.00182493549886,206.40670177057788,22781,3.3e-05
05083,317.38984956214387,211.1857691327528,22486,3.4e-05
05149,321.1611102773031,213.37087451475688,21139,3.5e-05
05105,325.9734578062605,214.32325092672366,10209,3.4e-05
05029,327.66100273451804,210.2110953544955,20336,3.5e-05
05045,331.884356643687,211.4172623705637,86014,4.1e-05
05141,329.7138981662952,205.9383550765791,16192,2.9999999999999997e-05
05129,327.7176362252265,201.6679422474985,8261,2.8999999999999997e-05
05137,333.5895062762465,201.87852922061052,11499,2.8999999999999997e-05
05023,334.8145552443058,206.29141702589718,24046,3.2e-05
05145,337.9821625493957,209.52577337135975,67165,3.7e-05
05063,339.78916392427595,203.35785493297763,34233,3.3e-05
05067,343.207884656774,205.16979656362312,18418,2.9999999999999997e-05
05147,343.0542088725677,210.44076225515255,8741,2.9999999999999997e-05
05123,348.38602600672687,212.35145214440453,29329,3.3e-05
05035,353.02862364845566,210.0774922707943,50866,3.9e-05
05037,348.15128757648546,208.75313884943347,19526,3.2e-05
05111,349.07579960705215,205.0791045596084,25614,3.2e-05
05093,355.3026123250524,202.27593364560872,51979,3.3e-05
05031,349.1745369849849,201.68783613575766,82148,3.3e-05
05065,335.6188108562587,198.92026278085805,13249,2.9999999999999997e-05
05075,344.1682939040938,199.02772081209682,17774,2.9999999999999997e-05
05135,340.25533430736834,197.77617791828965,17119,3.1e-05
05055,349.71589227184035,197.94701248662318,37331,3.3e-05
05021,350.78666794889807,194.6828042616541,17609,2.8999999999999997e-05
05121,344.4629080300882,195.27226897575974,18195,2.9999999999999997e-05
05049,336.61829303759043,195.18274254249042,11642,2.8999999999999997e-05
05005,331.387726148876,196.92036085833595,38386,3.4e-05
05089,327.90849123075003,197.02364285240174,16140,2.8999999999999997e-05
05009,323.58126196977236,196.60180935449947,33948,3.3e-05
05015,318.85056920059304,196.36731292601158,25357,2.9999999999999997e-05
05007,311.51134562184393,196.58348319440375,153406,3.9e-05
05143,312.0160484273929,201.02151761446154,157715,4.2e-05
05033,311.9651961630817,206.2914217578277,53247,3.7e-05
05131,311.69791434952214,211.1525283740011,115071,4.4e-05
05127,313.7334853765727,215.550058085018,10996,3.5e-05
05097,318.25267108392035,219.8021412890959,9245,3.5e-05
05051,323.8081407546679,219.17461094582933,88068,4.2e-05
05125,328.4970621426387,218.0099708745926,83529,4.2e-05
05119,332.26548178324407,216.26610671221957,361474,5.3e-05
05085,336.80458117139386,216.07441825085826,52828,3.7e-05
05117,340.2328416313697,215.56880304808556,9539,3.2e-05
05095,344.2502398730462,217.08819221985516,10254,2.9999999999999997e-05
05077,348.4369032975827,215.33075873621257,12580,3.1e-05
05107,347.69363946873983,220.24889909260762,26445,3.5e-05
05069,337.2111832958454,222.8772197656501,84278,4e-05
05053,331.41174006761025,222.63605308837901,16464,3.8e-05
05059,325.3581896423576,222.394326466929,30353,4.3e-05
05039,329.4614957280608,226.7853564312717,9210,3.7e-05
05025,334.0678935721084,227.5375506319301,8571,3.7e-05
05079,339.0386059251936,226.5465576330652,14492,3.3e-05
05001,342.45067445316687,222.29528620842197,20749,3.4e-05
05041,344.1370548320507,227.64858600542817,15341,3.4e-05
05043,339.01896864808504,231.50253837676786,18723,3.5e-05
05011,334.5978769333693,233.1582061163031,12600,3.8e-05
05013,330.89411103869764,232.21298889349328,5744,3.8e-05
05103,327.26446106940034,231.89047962402023,28790,4.2e-05
05099,322.2251070057243,230.81730675283703,9955,3.8e-05
05057,318.3468778431719,230.0640840000735,23587,3.9e-05
05019,323.46620616497785,225.82311728065426,23546,4e-05
05109,318.317624498439,224.64497847780618,11303,3.5e-05
05061,314.7164159164828,225.6652174196104,14300,3.7e-05
05113,312.1827034952173,220.82814663840665,20229,3.3e-05
05133,312.34151701599274,227.12481530763537,15757,3.6e-05
05081,312.5093916068571,230.7140372473288,13628,3.7e-05
05091,316.1196048256174,235.89209037962138,40443,4.5e-05
05073,319.19428892724744,236.46481587736716,8559,3.8e-05
05027,323.279423918372,236.81575047473754,25603,4.5e-05
05139,330.30818263941575,237.19827206384053,45629,5.4000000000000005e-05
04015,110.31529880241335,186.919680069913,155032,3.4e-05
04012,102.22561231887288,213.13857758127426,19715,3.1e-05
04003,143.7856816644854,243.6574384456131,117755,2.6000000000000002e-05
04023,130.93731812203427,246.3148183993501,38381,2.6000000000000002e-05
04019,122.16333727099016,237.42154829941708,843746,4.3e-05
04011,151.79473892872028,228.3032756591717,8547,1.9e-05
04009,144.79241385640267,229.7921223605389,33489,2.4e-05
04001,152.83823540665966,199.80736791670785,69423,1.7e-05
04017,144.6626048353478,198.96586668879726,97470,1.9e-05
04007,135.96581931999043,217.21399208418805,51335,2.4e-05
04021,129.00908493144937,227.54341453620285,179727,3.5e-05
04027,100.9069796514696,224.60467735173884,160026,4.3e-05
04013,118.84108307807765,220.35753027302468,3072149,6.8e-05
04005,130.49320970567123,190.90476683830437,116320,2.4e-05
04025,120.33440447214664,204.16207068833324,167517,2.6000000000000002e-05
06015,30.444186074234967,87.73565341667644,27507,2.6000000000000002e-05
06093,41.89853548392551,93.45438732721674,44301,2.6000000000000002e-05
06025,86.80086716654426,218.2850422734074,142361,5.6000000000000006e-05
06065,81.25776624642485,207.7672114092151,1545387,6.1e-05
06073,71.71019185963634,214.90037955962936,2813833,6.6e-05
06059,63.268732149988296,204.59497681910156,2846289,9.8e-05
06037,58.48026927470006,199.34644219784528,9519338,0.00011
06111,51.89101875317319,191.3184242215929,753197,5.7999999999999994e-05
06083,42.20124746379539,189.00311113297366,399347,6.4e-05
06079,41.611432461687066,176.81250541387413,246681,3.6e-05
06029,57.602276792710676,181.00050164495437,661645,9.7e-05
06071,82.36336635023126,194.3556560659082,1709434,7.7e-05
06027,75.50685178119073,169.94969868250226,17945,5.3e-05
06107,59.98718881822571,170.08808362510288,368021,5.7999999999999994e-05
06031,49.54562106680871,169.21110874326462,129461,5.1e-05
06039,53.954055073043115,154.88837107563984,123109,5.9999999999999995e-05
06019,53.06320657771883,161.09980049312668,799407,6.4e-05
06053,36.41562758854656,164.03290883021566,401762,4e-05
06069,38.566950062538474,159.2431222174262,53234,3.7e-05
06047,44.46754868376484,153.09761512847652,210554,4.7e-05
06087,31.38710583440345,151.43781908295844,255602,4.4e-05
06081,29.20251518900097,145.85651765779053,707161,5.6000000000000006e-05
06001,34.28906487060258,143.97158512322645,1443741,7e-05
06085,35.0487857766289,150.1922439448635,1682585,6.3e-05
06099,43.06512695217902,147.29703558146434,446997,5.1e-05
06043,53.79135003384923,150.11615299214864,17130,2.9999999999999997e-05
06109,54.742403689893635,144.9040598274888,54501,3.7e-05
06051,64.73067683620378,147.93295777551032,12853,1.7e-05
06003,57.74592085698003,137.55864967009242,1208,1.3000000000000001e-05
06009,49.54318517117492,140.6150514145379,40554,3.3e-05
06005,50.01027692326794,137.44815273148612,35100,3.3e-05
06077,41.16658733539279,142.40222821026242,563598,5.2000000000000004e-05
06013,34.802097204339965,140.50888294593102,948816,5e-05
06017,51.462294629477285,133.5022404095757,156299,4e-05
06067,41.266877276847026,136.30007116954584,1223499,6.1e-05
06095,35.600605208759106,136.20847460206735,394542,4.6e-05
06075,29.27092206797948,141.3093614303867,776733,8.4e-05
06041,27.722050676875305,136.56050807229687,247289,3.6e-05
06055,33.021111166069076,132.49465130082498,124279,4.1e-05
06097,27.70096586103844,130.48041878032777,458614,3.9e-05
06113,37.884415617006404,131.507316158927,168660,5.9e-05
06061,49.96656741447278,129.68231660921313,248399,5.2000000000000004e-05
06057,51.51672759065307,126.46775408945332,92033,4.3e-05
06091,54.03046075074379,123.51349898949042,3555,1.7e-05
06115,45.45352088092106,125.16817436178177,60219,4.9e-05
06101,41.181206376251104,127.50094751907206,78930,5.6000000000000006e-05
06011,36.20598064279808,123.9988433629366,18804,3.4e-05
06033,31.154461693197952,123.25102365953572,58309,3.1e-05
06007,44.27609319297639,119.31918791728589,203171,4.7e-05
06021,36.18840637911511,118.39488761690409,26453,6.9e-05
06063,52.24003916075291,116.84812790907937,20824,2.4e-05
06103,39.70236196819877,112.15780932676329,56039,3.9e-05
06045,26.41823980330484,117.71285487090435,86265,3.1e-05
06023,26.65996711067601,100.30216947989813,126518,3.3e-05
06105,33.6075701633484,103.22685306157105,13022,2e-05
06089,42.93451928601926,104.9032559516165,163256,5.6999999999999996e-05
06035,57.11626618759479,111.23917719967388,33828,2.4e-05
06049,58.847019891069365,97.7640333532822,9449,2.5e-05
08083,165.85669915840094,175.12601727032347,23830,1.6e-05
08067,172.97926473486874,176.93786198430251,43941,2e-05
08099,228.9921520150058,173.5326619975766,14483,2e-05
08011,222.1639250580145,173.0506990501789,5998,1.4000000000000001e-05
08061,225.72162591812202,167.06793997527237,1622,1.2e-05
08017,227.6523718915211,162.06416730084905,2231,1.2e-05
08063,228.10231215711204,155.87271606935317,8011,1.4999999999999999e-05
08125,230.48496816458854,146.96071312432744,9841,1.4999999999999999e-05
08121,222.69039533347686,146.70286227725026,4926,1.2e-05
08095,231.6785542838264,139.3347981575608,4480,1.4000000000000001e-05
08115,231.9539683969561,135.67112173824358,2747,1.2e-05
08075,224.49377273201276,137.09170331434393,20504,1.8e-05
08087,217.10315350101175,142.652766611618,27171,2.4e-05
08009,226.7391864459016,181.6535012798719,4517,1.6e-05
08089,215.77982177482394,172.9126411847849,20311,2.1e-05
08025,215.3935413737833,167.65685570988984,5518,1.7e-05
08073,218.51123582382183,159.22734840354022,6087,1.4000000000000001e-05
08039,212.94607880203012,155.28617241122498,19872,1.8e-05
08005,211.05611214894853,150.05461681272143,487967,5.9e-05
08123,211.99008672658252,138.56235195625442,180936,4.3e-05
08001,210.8727929530283,147.17307934368392,363857,6.6e-05
08031,205.92663754804616,148.15531925649574,554636,7.900000000000001e-05
08035,205.02589711584733,153.77531398570284,175766,3.7e-05
08041,208.5638416463387,160.46644160196155,516929,4e-05
08119,202.3932936396481,159.26865171723009,20555,1.7e-05
08101,207.9120592604557,169.13340990365356,141472,3.1e-05
08071,211.5101580174672,180.51830056857673,15207,1.7e-05
08055,202.55570775952773,174.98625529807174,7862,1.6e-05
08023,197.65305887759703,179.76517620332973,3663,1.4000000000000001e-05
08021,189.86893998065102,179.91952800959632,8400,1.2e-05
08003,194.45314757480614,175.39509481207492,14966,1.8e-05
08105,188.25601130947086,174.58293603109317,12413,1.4999999999999999e-05
08027,199.29225376362515,169.0396377544634,3503,9.5e-06
08043,198.9077941545835,164.1152909928771,46145,1.7e-05
08109,190.0646927028972,168.58973457334014,5917,1.2e-05
08015,191.66208009339744,159.59632298025082,16242,1.4000000000000001e-05
08051,183.35234677868888,160.25849788659758,13956,1.4999999999999999e-05
08097,185.46581766389758,153.0960007293736,14872,1.1e-05
08065,191.09664215128558,153.86697563395015,7812,1.4999999999999999e-05
08093,197.1254437429955,155.73051778134518,14523,1.3000000000000001e-05
08059,202.18728202499904,150.40682932477628,527056,5.5e-05
08047,200.0110797753445,146.27787442029688,4757,1.8e-05
08019,198.5126717790807,148.43849029094443,9322,1.7e-05
08117,193.73497093815655,148.360758591017,23548,1.4000000000000001e-05
08037,188.04411124181684,148.0415604687991,41659,1.6e-05
08013,201.89294023390408,143.4395289193057,291288,4.2e-05
08049,194.2684718986796,142.29437108901374,12442,1.4000000000000001e-05
08069,201.52346125667802,135.69916561471504,251494,3.1e-05
08057,192.808943450544,134.68232746654144,1577,9.9e-06
08107,186.50887418648603,136.88302330861086,19690,1.4999999999999999e-05
08081,175.10444850536538,133.44248622253428,13184,2.5e-05
08103,174.91415027430344,141.67687833567243,5986,1.1e-05
08045,176.1906058864299,146.56539672090025,43791,2e-05
08029,175.530975767695,156.32969336847356,27834,1.7e-05
08077,170.54499145307403,153.71556422931562,116255,3.3e-05
08085,170.97053217673675,162.0685449052829,33432,1.9e-05
08111,175.39658080300387,170.90891565837308,558,9.1e-06
08033,166.9630749311198,170.1736993596401,1844,1e-05
08113,168.6899188213643,167.0350002673436,6594,1.1e-05
08091,174.9544502914376,165.69065687402662,3742,1.2e-05
08053,179.51738470363804,170.69704246835684,790,8.599999999999999e-06
08079,183.00161002873853,173.1034333081007,831,9.4e-06
08007,181.29367735638158,179.10991835130562,9898,1.4999999999999999e-05
09003,513.8840530714804,98.3558457052027,857183,5.6999999999999996e-05
09005,509.3198632862172,99.78342081082073,182193,4.8e-05
09001,509.0170250214538,106.53946972106137,882567,5.3e-05
09009,513.3280762991742,104.13280139433485,824008,5.4000000000000005e-05
09007,516.7862591799071,102.51490788923506,155071,5.1e-05
09011,520.6052749015205,101.04412527089023,259088,4.5e-05
09013,517.5984596659005,96.82451462974713,136364,5e-05
09015,520.6341708426518,96.49433173275038,109091,4.1e-05
10003,492.98871794976685,133.12988939572432,500265,4.9e-05
10005,497.96173503721036,144.2203887774786,156638,2.8999999999999997e-05
10001,495.0557768978749,139.21115713947927,126697,3.4e-05
12005,409.11596365764086,268.86243996482534,148217,3.8e-05
12063,412.4601385503354,261.78209210147475,46755,3.7e-05
12015,455.56058840983064,306.48177243614583,141627,3.8e-05
12071,456.61868451822653,310.53682492170293,440888,4.7e-05
12051,465.601315481938,309.0279024777753,36210,3.3e-05
12021,464.28050410509246,315.09353434214563,251377,4.2e-05
12087,470.69045303554856,327.377661071438,79589,2.8999999999999997e-05
12086,474.92340449917793,320.0483394348225,2253362,4.9e-05
12011,474.1465593809446,313.2325421730978,1623018,5e-05
12099,473.3519355489978,307.0014893664158,1131184,5.1e-05
12115,450.98853932068766,303.44822401535197,325957,4e-05
12027,456.915218257584,302.621231967951,32209,2.9999999999999997e-05
12043,464.12934244640815,304.4481400573281,10576,2.9999999999999997e-05
12085,472.576361016845,301.57624186214514,126731,4e-05
12111,471.8751914298257,297.8466764761825,192695,3.4e-05
12061,469.5864392832425,294.09396987498553,112947,2.8999999999999997e-05
12093,467.0707870235322,298.7157196062117,35910,2.9999999999999997e-05
12055,462.2072538843632,299.80959528579535,87366,3.4e-05
12049,456.3320439723935,298.74042580608887,26938,2.9999999999999997e-05
12081,450.6334772370263,300.07171324384626,264002,3.9e-05
12103,445.3750677425575,294.6977032982743,921482,4.5e-05
12057,449.5963525860445,294.23507967990787,998948,4.7e-05
12053,447.7016499414871,286.34344992251596,130802,4e-05
12101,448.09352751364816,289.3749876090854,344765,4e-05
12097,462.46626054746247,290.4013458425508,172493,4e-05
12105,456.87018452033243,292.86790839396787,483924,4e-05
12095,459.80496969347746,284.8197949570378,896344,5.2000000000000004e-05
12117,460.47484090699294,282.2659557084877,365196,4.9e-05
12069,455.0961265635252,282.1283735345081,210528,4e-05
12119,450.9550228900208,284.09719821789287,53345,4.2e-05
12017,446.3106466483852,282.6403836472127,118085,3.7e-05
12075,442.555982820491,277.2343744627149,34450,3.5e-05
12083,449.9762249492052,277.3324328689531,258916,4.3e-05
12127,460.36142031652986,277.8208388917306,443343,4.3e-05
12009,466.9339251469523,286.7577779098117,476230,3.9e-05
12133,407.685992457205,264.74993368981035,20973,3.6e-05
12059,406.11895898819506,261.55906334820685,18564,3.6e-05
12131,402.4663406324237,264.7231506308128,40601,3.6e-05
12091,397.6154346169511,264.7264096289608,170498,4.1e-05
12113,392.9367558026104,265.02618982318023,117743,4.2e-05
12033,389.6265176947307,266.32180505142003,294410,4.4e-05
12013,413.44892163826285,266.5572807691806,13017,3.9e-05
12045,413.7916904401724,272.36200097187674,13332,3.2e-05
12037,418.690980646626,272.9349044329324,11057,3.3e-05
12029,437.3721182970205,274.13586298786834,13827,3.3e-05
12041,441.17058950517037,271.9779011499079,14437,3.6e-05
12001,446.1987778150229,271.9675770609578,217955,4.5e-05
12107,453.00057695127225,272.03911634872924,70423,4e-05
12035,458.17046543887835,272.90432373176833,49832,3.2e-05
12109,455.7452877138719,267.1615049695782,123135,3.6e-05
12019,451.08231324278944,267.348641122031,140814,4.6e-05
12007,447.7386241310411,268.3416389030793,26088,3.9e-05
12125,445.5276352465554,267.18388748768416,13442,4e-05
12121,438.17845883580543,266.48514588698293,34844,3.7e-05
12067,436.2969932181077,269.02956693248774,7022,3.4e-05
12123,431.77107057653257,269.2777266695524,19256,3.5e-05
12129,422.67411779378745,268.7021340603447,22863,4.5e-05
12077,417.46404656229487,268.40556784687715,7021,4.2e-05
12039,419.67448532236017,263.6214100769185,45087,4.4e-05
12073,423.1674624825444,265.0356474149453,239452,6.1e-05
12065,427.74257048548026,264.75014832081746,12902,4.7e-05
12079,432.26232501796767,263.9941248581822,18733,3.7e-05
12047,437.86349153927557,262.38466373976604,13327,3.5e-05
12023,442.08205516173297,265.15927726482465,56513,5e-05
12003,445.7269532315376,263.3801799364988,22259,3.5e-05
12031,452.40554145311927,262.6754447620263,778879,4.9e-05
12089,450.57553205852304,259.4864184655902,57663,3.7e-05
13241,425.755603780178,206.7279966964456,15050,2.7000000000000002e-05
13281,421.9853026723896,206.82522493717545,9319,2.6000000000000002e-05
13205,423.0887177784066,254.92679920284215,23932,4e-05
13007,420.38353380817597,254.08677808656586,4074,4.1e-05
13201,417.1985680307483,256.51258564162384,6383,3.3e-05
13099,415.3329327267208,254.71107013571682,12354,3.3e-05
13253,416.2575874061214,259.55124406965984,9369,3.6e-05
13087,419.40991532330116,259.9436735516678,28240,4.9e-05
13131,423.29419822686475,259.41642118319083,23659,3.9e-05
13275,426.7307052617665,259.063364721066,42737,5.5e-05
13027,430.6247112669548,259.1165293598376,16450,4e-05
13071,427.82676825712645,254.58964597620346,42053,4e-05
13075,431.5243444536725,254.58458078221625,15771,3.6e-05
13173,435.93028407162353,255.75506954632863,7241,3.6e-05
13185,433.9733575516394,258.5025037791141,92115,4.3e-05
13101,438.6958428111214,259.697623217561,3754,3.6e-05
13065,440.17686294995246,256.97012622340173,6878,3.2e-05
13003,437.3493150401903,252.03164320261533,7609,3.4e-05
13019,433.6338678915273,253.08266224079497,16235,3.6e-05
13155,432.6353070873422,248.63649263017587,9931,3.3e-05
13277,430.1014289505037,251.01169311272187,38407,3.9e-05
13321,426.43002099628967,250.17745243319303,21967,3.5e-05
13095,422.4029403326184,250.93446190902282,96065,4.9e-05
13037,418.07505471456324,251.48796172774865,6320,3.5e-05
13061,413.9962244096391,250.71357354529076,3357,3.4e-05
13239,413.1355262512725,247.72711265414856,2598,3.9e-05
13243,416.2566384275712,248.74843182967575,7791,3.6e-05
13273,419.4902351125366,248.17481346079188,10970,3.8e-05
13177,422.8026882456168,247.60714800985596,24757,4.3e-05
13081,426.52178254727403,245.24368427345604,21996,4e-05
13287,428.53026382960235,247.7915867966935,9504,3.5e-05
13017,432.761475025727,246.67211908209285,17484,4e-05
13069,437.221314007165,248.6256996153271,37413,3.9e-05
13005,441.5579852560344,248.11068247731464,10103,3.3e-05
13305,447.37605263001234,247.27688375719083,26565,3.3e-05
13229,444.59879598684716,250.2288159345723,15636,3.1e-05
13025,447.1938279861542,251.9359478619453,14629,2.9999999999999997e-05
13299,443.2518411127007,255.2057500878249,35483,3.5e-05
13049,446.4213335573148,257.78085942559653,10282,3.1e-05
13039,451.1945400848514,254.92333486555282,43664,2.8000000000000003e-05
13127,452.1699170990903,250.75642965814788,67568,3.3e-05
13191,453.01518538071883,247.1215811855771,10847,2.5e-05
13149,409.85839445158746,229.52741457502103,11012,4.2e-05
13143,408.19455098876364,223.16704268041846,25690,4e-05
13233,408.30078824900016,220.45041719520788,38127,4.3e-05
13115,407.6923401125956,216.77987216700046,90565,5.2000000000000004e-05
13055,405.9182600779738,214.6225623624732,25470,4.3e-05
13313,409.2061440982382,209.8902678833804,83525,5.6000000000000006e-05
13047,407.58554103551694,208.75252801136497,53282,5e-05
13295,406.095655285294,211.098625287756,61053,5.4000000000000005e-05
13083,403.7232995695007,210.07412548743355,15154,4e-05
13183,448.83541653012,244.33530006238288,10304,3.2e-05
13001,443.0766232302662,245.47425267994012,17419,3.3e-05
13161,439.23347711147005,245.10670527134246,12684,3.4e-05
13259,414.9989548324797,244.8446798293685,5252,3.7e-05
13307,417.85455915396375,244.57342320750175,2390,3.6e-05
13261,421.8173044639357,244.47799066476693,33200,4e-05
13315,430.3275172701217,244.2843275917336,8577,3.3e-05
13271,435.7013567209551,243.98027043950802,11794,3.4e-05
13309,437.70673060463724,241.4020122001308,6179,3.4e-05
13091,432.9766777273111,241.3827018430917,19171,3.5e-05
13235,429.42514027007286,241.02963365325402,9588,3.6e-05
13093,426.0619039883818,242.45874823337462,11525,3.5e-05
13193,423.11254798407003,240.23735646718362,14074,3.5e-05
13249,420.07219172391564,241.52029200034528,3766,3.6e-05
13197,417.8544709590154,240.87362753194057,7144,3.6e-05
13053,414.99944709476654,241.15548052004772,14882,3.9e-05
13215,413.62244191134965,239.2862015560236,186291,5.9e-05
13269,420.499614558792,237.9808536329374,8815,3.6e-05
13263,417.1531596818978,236.3790846879572,6498,3.8e-05
13145,412.98142316367694,236.46395175452813,23695,4.3e-05
13285,411.3697700143423,232.7927064328513,58779,4.7e-05
13045,410.0295737512943,225.5801044333989,87268,4.6e-05
13223,411.687058634822,221.0698828886277,81678,4.8e-05
13213,411.6445456907849,209.84023530947368,36506,4.2e-05
13129,410.9620606855632,213.53539190336545,44104,5e-05
13015,411.5658067133626,217.0099165963894,76019,4.8e-05
13067,414.71743423074776,220.5795226128228,607751,6.4e-05
13097,413.25106089275977,223.72665202063075,92174,5.3e-05
13077,413.8152802711864,228.40718187784358,89215,4.7e-05
13199,415.06520378595656,232.2780621610653,22534,4.1e-05
13231,418.12035667874983,231.26589731760518,13688,4e-05
13293,419.33610441153513,233.96793890366195,27597,4.3e-05
13079,423.2349191123517,235.5673087665396,12495,4e-05
13225,424.84039152651206,237.36445631516602,23668,4e-05
13153,426.7206614261559,238.3282674073734,110765,4.6e-05
13023,430.6969403081643,238.2164610957949,11666,3.6e-05
13175,434.86810458647483,237.27690464855556,44874,4e-05
13319,431.5929845867583,233.23506316997276,10220,3.9e-05
13289,429.0811423135223,235.30440224168763,10590,4.1e-05
13021,426.09838985624657,233.838726299275,153887,5.4000000000000005e-05
13009,430.50912749539594,229.95794889744167,44700,4.4e-05
13169,426.9644510400866,230.88648344063697,23639,4.5e-05
13207,423.06785000242377,231.68663544988883,21757,4.1e-05
13171,420.7640713836327,231.12001070152854,15912,4.1e-05
13255,418.7081126196458,228.96805775891673,58417,4.9e-05
13113,416.4133486047157,227.23912936771006,91263,5.1e-05
13063,417.83390165091095,225.81459461644974,236517,6.6e-05
13035,422.3623186682071,228.1032863996245,19522,4.3e-05
13151,419.9071983288645,226.1288384326941,119341,5.6000000000000006e-05
13089,418.7283211070562,222.11502921323398,665865,6.8e-05
13121,416.3389596157716,222.0308023802573,816006,7e-05
13057,415.36905972532577,216.44497109038826,141903,5.3e-05
13227,415.2370484278711,213.58006446276488,22983,3.7e-05
13085,418.3301919099222,213.40731674021094,15999,3.7e-05
13117,419.1055319324129,216.24037228724904,98407,5.1e-05
13135,420.7115489054574,219.36724817262728,588448,6.3e-05
13247,420.90014607161044,223.46881216006116,70111,5.6000000000000006e-05
13159,425.2077304653559,227.4127966281807,11426,4.2e-05
13217,422.9791092697215,224.514838100336,62001,5.2000000000000004e-05
13297,423.9425462782429,221.49324214328948,60687,5e-05
13013,423.89694686778984,218.54310499971382,46144,4.7e-05
13157,425.080235770732,216.780400664839,41589,4.2e-05
13059,427.55290788068487,218.77718496199444,101489,5.3e-05
13219,426.90114155259204,220.2811640850662,26225,4.7e-05
13211,426.8362634335974,223.48388997202076,15457,4.4e-05
13237,428.5716454106797,226.8766122007529,18812,4.1e-05
13141,432.4912339706906,227.12838679841306,10076,3.8e-05
13265,433.2848042389009,222.89382616703625,2077,4e-05
13133,430.1534507917092,223.23654733815144,14406,4.1e-05
13221,430.86479733704783,219.1552561087581,12635,4.1e-05
13317,434.58517584825796,220.1220301016404,10687,3.8e-05
13301,436.1658715073935,224.79299032481052,6336,3.7e-05
13189,437.78806124839537,223.50955737723663,21231,4.2e-05
13125,436.9321854188076,226.8889714227606,2556,3.7e-05
13163,439.11204309960715,228.92711643001357,17266,3.6e-05
13303,435.303674807584,230.50554488127221,21176,3.7e-05
13167,436.98422912464247,233.7761911557827,8560,3.5e-05
13283,438.85808789904996,237.4526192229873,6854,3.4e-05
13209,439.6422989465484,240.34058754384827,8270,3.3e-05
13279,441.8576211478752,240.61285291757525,26067,3.6e-05
13179,451.8000950455892,243.21498704591252,61610,3.6e-05
13109,446.5296729693993,239.64295738561526,10495,3.3e-05
13267,445.05239892564833,241.06795461254697,22305,3.1e-05
13043,444.10123782298564,236.68783837956107,9577,3.2e-05
13107,441.24739372927513,234.81752519396665,21837,3.5e-05
13051,455.1768917426092,240.42120977713563,232048,4.2e-05
13029,451.79670707621034,240.75004133716598,23417,3.4e-05
13031,447.56221439250464,236.27795934637882,55983,3.6e-05
13165,444.6923055114982,231.4649666528687,8575,3.4e-05
13103,452.12336874605614,236.17787294863768,37535,3.5e-05
13251,448.4825764896815,231.41949085842063,15374,3.2e-05
13033,443.6682498336724,228.2228182383731,22243,3.6e-05
13245,442.22384867456907,224.52011842030862,199775,5.9e-05
13073,440.0063988683026,222.44959224303147,89288,5e-05
13181,437.49079926973394,219.36107668648287,8348,3.8e-05
13105,433.0529488657322,215.87612596939454,20511,4e-05
13195,429.06707586138697,216.25822703494583,25730,4.3e-05
13011,425.6777676852864,213.92009588363825,14422,3.7e-05
13139,422.0628064991428,214.70698271162837,139277,4.4e-05
13187,419.9689748931034,211.4761780521246,21016,3.1e-05
13123,414.8318516457402,210.68316908340225,23456,3.4e-05
13111,416.0170977924423,208.42664553329448,19798,2.9999999999999997e-05
13291,419.37329038661386,208.40057356279223,17289,2.8000000000000003e-05
13311,422.49583168192567,210.37948306733784,19944,3.2e-05
13137,424.6124881997196,210.21457632219196,35902,3.6e-05
13147,431.1499752075782,212.98983175554957,22997,3.9e-05
13119,428.2684276764978,213.0611836531898,20285,3.8e-05
13257,427.2648538091294,210.96140760141807,25435,4.1e-05
15007,170.32729024162498,311.4095193748691,58463,1.9e-05
15003,192.34819523644592,317.40271781651796,876156,2.8000000000000003e-05
15009,207.948805150966,323.61071571487173,128094,2e-05
15001,223.4098223894001,339.04145003938163,148677,2e-05
15005,204.63788013472796,320.3598842830425,147,1.4999999999999999e-05
19163,344.92701600555426,126.40178512585213,158668,5.6000000000000006e-05
19045,345.6403576752048,122.89848872643508,50149,3.5e-05
19119,291.3878781838447,105.23696819263405,11763,1.6e-05
19167,291.55807579113576,108.9721979029949,31589,2.1e-05
19149,291.6073262055499,113.57108330416409,24849,2.1e-05
19035,297.0433830847547,113.5975024436683,13035,1.9e-05
19141,297.0163751948644,109.08975858792148,15102,1.8e-05
19143,297.0082468411518,105.26780428576157,7003,1.6e-05
19059,301.4334175850464,105.2465907827916,16424,1.8e-05
19041,301.46965261655504,109.0700035954133,17372,2.2e-05
19021,301.51012292589814,113.5669791096492,20411,2.5e-05
19151,305.968958543621,113.5323038991,8662,1.8e-05
19147,305.9100587333498,109.02584817291,10147,1.8e-05
19063,305.8523499687651,105.19236975539837,11027,2.2e-05
19109,310.30605132428764,107.37656117014376,17163,1.9e-05
19091,310.40775264036665,112.91307699775172,10381,2e-05
19193,292.9805188958175,118.01734149816868,103877,3.8e-05
19093,298.0446864684259,118.03181781031492,7837,1.8e-05
19161,301.8939598090247,118.02189431705162,11529,1.8e-05
19025,306.3161514532369,117.99060718989736,11115,1.8e-05
19187,310.7111359233952,117.40623052699257,40235,2.4e-05
19073,308.7847626707783,122.54483652675695,10366,2e-05
19027,304.36159260231966,122.60770763689145,21421,2.3e-05
19047,299.38618604191447,122.64081402821573,16942,2e-05
19133,293.7405454982923,122.41336984493856,10020,2e-05
19085,295.3694102489638,127.16231619005173,15666,2.2e-05
19165,300.1616890007425,127.26431738613097,13173,2e-05
19009,303.99979885898114,127.21388797584343,6830,2e-05
19077,307.94070162153724,127.1567613135196,11353,2e-05
19001,308.2230528635915,131.70856804833358,8243,2e-05
19029,303.82044888915453,131.75948681903125,14684,2.2e-05
19155,297.84326485872674,131.70121135144538,87704,4.4e-05
19071,297.420107429777,139.41037020664228,8010,2.2e-05
19129,297.21676879166904,135.68576590611858,14547,2.5e-05
19137,301.65653799464064,135.69604680965506,11771,2.4e-05
19145,301.76797074872206,139.4739160593656,16976,2.5e-05
19173,306.14281204440294,139.44370385017777,6958,2.1e-05
19003,306.0756682259945,135.659157675192,4482,2.1e-05
19175,310.49798814055043,135.60489429327535,12309,2.6000000000000002e-05
19159,310.5513697054937,139.40364107146823,5469,2.1e-05
19053,314.99009980394686,139.28569187511363,8689,2.2e-05
19039,314.91955180139206,135.50108562691642,9133,3.1e-05
19121,312.613852775576,131.5963496275549,14019,2.4e-05
19049,312.27200651250547,127.036327536235,40750,2.8000000000000003e-05
19015,313.21983785258305,122.45241356837656,26224,2.7000000000000002e-05
19079,315.14134718851903,117.8766238861438,16438,2.2e-05
19197,314.8774002738457,113.3809038897418,14334,2.1e-05
19081,314.77373650938966,108.86319667303071,12100,1.9e-05
19189,314.6877110935407,105.03135251247349,11723,2e-05
19195,319.11330216701924,104.91448837728622,7909,2e-05
19033,319.2201120811185,108.74382359030642,46447,2.8000000000000003e-05
19069,319.33856600487906,113.266737355781,10704,2e-05
19083,319.6061597801538,117.78056265877147,18812,2.1e-05
19169,317.6678442256371,122.3486855322414,79981,2.9999999999999997e-05
19153,316.7949647359543,126.95768070584545,374601,5.2000000000000004e-05
19181,316.9749727808059,131.51280057700288,40671,3.2e-05
19117,319.3408315246865,135.3748702074687,9422,2.4e-05
19185,319.4483032887232,139.13626123314086,6730,2.2e-05
19007,323.9010082315916,138.96070017475455,13721,2.5e-05
19135,323.77736277563645,135.2358150303377,8016,2.3e-05
19125,321.43194985905643,131.35462305063592,32052,2.6000000000000002e-05
19099,321.76168178484164,126.7737799208414,37213,2.8999999999999997e-05
19127,322.10864236894287,122.22404837602105,39311,2.8999999999999997e-05
19075,323.91327900146894,117.51233537617138,12369,2.1e-05
19023,323.7968970370058,113.1417294130703,15305,2.1e-05
19067,323.6595571260463,108.88668918236236,16900,2.4e-05
19131,323.53406153832486,105.0469305175667,10874,2e-05
19089,327.9457484187298,104.88607284121244,9932,1.9e-05
19037,328.0877128344502,108.72491452397912,13095,2.1e-05
19017,328.22791183671256,112.42105857902399,23325,2.3e-05
19013,328.46899126956464,116.3645643989368,128012,4.6e-05
19171,326.53292601330287,121.50294587059263,18103,2.2e-05
19157,326.7476271018946,126.60008860230124,18815,2.4e-05
19123,325.84514955282515,131.20035481460397,22335,2.6000000000000002e-05
19179,328.2210311044907,135.06812031634107,36051,2.9999999999999997e-05
19051,328.3486331529336,138.74094484572433,8541,2.4e-05
19177,332.8374051129982,138.52366696784148,7809,2.8999999999999997e-05
19101,332.6770534494316,134.8732396680216,16181,2.8999999999999997e-05
19011,330.99162618634364,121.32530339086945,25308,2.5e-05
19095,331.2017202529485,126.432599243094,15671,2.3e-05
19107,330.29406627803456,131.0130502202978,11400,2.3e-05
19183,334.7139438491617,130.85302976459414,20670,2.5e-05
19087,336.4444497860175,135.34594435083102,20336,2.8000000000000003e-05
19111,337.6676195362468,139.8498246927218,38052,3.1e-05
19057,340.1495157851067,135.99742928336997,42351,5.1e-05
19115,339.23990114135887,132.02774564265118,12183,2.6000000000000002e-05
19139,340.3804336046019,128.71286489023262,41722,3.5e-05
19103,335.84727560625186,126.58010251890579,111006,4.3e-05
19113,335.43321483136543,121.14181019066623,191701,4.5e-05
19031,340.06994793964293,124.90281866145182,18187,2.5e-05
19105,339.8496917467955,120.3842276122937,20221,2.4e-05
19019,332.92370077837563,116.1722749980805,21093,2.3e-05
19065,332.64603317357864,111.09754170252131,22008,2.2e-05
19191,332.4149147337379,105.55569090513114,21310,2.1e-05
19005,336.7773280501135,105.40148009941606,14675,2.1e-05
19043,337.6059861043803,111.22333572652781,18678,2.1e-05
19055,337.38646276837915,115.96088327915687,18404,2.2e-05
19061,342.27466730102407,115.83834350667445,89143,3.6e-05
19097,345.1499154036359,119.4173417451485,20296,2.4e-05
16043,150.68414311440486,82.48210320936974,11819,1.8e-05
16033,143.2678264831596,80.636202227624,1022,1.1e-05
16009,112.5022893714659,35.9558764070166,9171,2.1e-05
16055,113.39712626172792,30.16899374200933,108685,4.2e-05
16017,115.97108486839295,22.30924969541353,36835,2.4e-05
16021,118.04884961042382,16.840027766834954,9871,1.7e-05
16057,110.7790167229224,40.83530494849486,34935,2.4e-05
16069,109.3143927875588,47.33629695364116,37410,3.2e-05
16061,111.65570374496164,48.590707415414116,3747,1.9e-05
16003,107.7391300967288,65.7654723050756,3476,1.8e-05
16087,103.83586738406176,70.52865014059738,9977,1.9e-05
16075,102.86312572934395,76.22204960991546,20578,2.7000000000000002e-05
16015,112.366259820088,78.45095639467284,6670,1.4000000000000001e-05
16045,106.33568534633301,75.75081634143439,15181,2.5e-05
16027,102.00135867093985,81.2577715023458,131441,3.6e-05
16001,105.716674985134,84.24629970367249,300904,4.3e-05
16039,112.18829241927486,87.45956134447634,29130,2.1e-05
16073,104.03670486610015,94.29464367675268,10644,1.8e-05
16025,119.07816572314604,86.79836659621054,991,1.2e-05
16047,117.70857471628078,93.2093499056772,14155,1.9e-05
16053,121.99042254514616,97.67107722223345,18342,2.2e-05
16083,117.73030406775119,100.58735947393816,64284,3.1e-05
16031,127.08885152021222,103.95569461541945,21416,2e-05
16071,136.88308570848136,106.8007271597937,4125,1.3000000000000001e-05
16077,135.11437540529042,99.70342399597588,7538,2e-05
16005,140.76573008223002,100.93146691021877,75565,3.3e-05
16041,143.5508772810915,108.2139050753532,11329,1.8e-05
16007,148.49741191432273,107.52517223067488,6411,1.6e-05
16029,147.22238613958172,101.50607783278721,7304,1.9e-05
16067,128.11927298672188,96.67197512132677,20174,2.1e-05
16063,123.85677307496937,93.93083505843836,4044,1.4000000000000001e-05
16019,147.41839856285273,93.01043495533109,82522,3.9e-05
16011,140.50124518449041,94.0653858061145,41735,2.2e-05
16013,127.29298714423024,89.97615167671594,18991,1.4000000000000001e-05
16085,115.37477500067602,69.2276597890656,7651,1.4999999999999999e-05
16079,119.80041726300665,35.73689953611161,13771,2e-05
16035,119.9485852587076,44.862353449049046,8930,2e-05
16049,118.60225402958936,55.36979583607227,15511,1.6e-05
16037,125.51951132343932,77.395861907044,4342,1.1e-05
16059,130.6893691538388,70.18304119831056,7806,1.3000000000000001e-05
16023,134.32655588661348,86.28248152683688,2899,1.2e-05
16051,143.31822728328422,86.91096699382244,19155,2e-05
16065,148.51867659360997,87.97985992266813,27467,3.1e-05
16081,152.71079227145643,89.14345893988474,5999,1.4999999999999999e-05
17183,374.3133667586845,143.1843767690878,83919,2.8999999999999997e-05
17075,372.8081844918171,135.98415295536293,31334,2.5e-05
17003,361.61274538674576,183.58515663645272,9590,2.9999999999999997e-05
17153,363.56979983096534,182.6913744197964,7348,2.9999999999999997e-05
17127,367.8736123133247,182.56402140747971,15161,3.3e-05
17069,371.9262484436834,178.26908232026432,4800,2.8000000000000003e-05
17151,369.2831963073408,180.3645548349717,4413,2.9999999999999997e-05
17087,365.8113677954941,179.41278508856786,12878,2.8999999999999997e-05
17181,361.84147737448137,179.7031955513681,18293,3.1e-05
17059,372.0830432486125,175.16012895690102,6445,2.7000000000000002e-05
17165,368.9196114827698,175.3619410125189,26733,3.2e-05
17199,365.02160429928483,175.95396228775948,61296,3.4e-05
17077,360.36858612730464,175.72774839062077,59612,3.5e-05
17133,352.09995250047007,169.59346891074,27619,3.5e-05
17157,355.4938366858143,172.50413898203342,33893,2.8000000000000003e-05
17145,360.207418743354,171.65991170479322,23094,2.8000000000000003e-05
17055,364.78236947855765,172.5613160700346,39018,3.2e-05
17065,368.6077398053437,171.10453011240122,8621,2.8000000000000003e-05
17193,372.2428923336424,170.82121491594387,15371,2.8000000000000003e-05
17081,364.5519142762497,168.54453771502952,40045,3.2e-05
17189,359.61277619274574,168.26178461988366,15148,2.5e-05
17027,359.14842446568895,165.0399695727406,35535,2.8000000000000003e-05
17163,354.3599772081862,167.09577904073925,256082,4.5e-05
17119,354.00709607489176,162.3276370329343,258941,4.4e-05
17005,358.9145122250369,161.37658551234898,17633,2.7000000000000002e-05
17121,364.23897868841385,164.03530328461932,41691,3.2e-05
17191,369.3412071700599,166.55628699409843,17151,2.8000000000000003e-05
17185,375.0684137816935,165.993235015659,12937,2.8999999999999997e-05
17047,373.0461985456134,166.35425260581238,6971,2.7000000000000002e-05
17101,376.0245646857586,162.1553235357594,15452,2.8000000000000003e-05
17159,372.47916024487847,162.53448111140182,16149,3.1e-05
17025,368.52246706892026,162.36158051039655,14560,2.7000000000000002e-05
17079,371.4736283508204,158.76212997243388,10117,2.8000000000000003e-05
17033,375.43372119452914,158.5555984658189,20452,2.9999999999999997e-05
17023,374.7948035977617,154.30606388606046,17008,2.6000000000000002e-05
17035,370.342259024861,155.4116202031388,11253,2.5e-05
17049,367.2923256492939,158.9328257694931,34264,2.9999999999999997e-05
17051,363.12870679649683,159.94359744763344,21802,2.6000000000000002e-05
17173,364.4806873969657,154.31368915112552,22893,2.5e-05
17135,358.14566681255445,156.64896376144534,30652,2.7000000000000002e-05
17083,349.73412353769754,159.09527687195796,21668,3.1e-05
17117,353.70355169819845,156.79413771602046,49019,2.8999999999999997e-05
17013,346.27449880250913,158.16752315137492,5084,2.8999999999999997e-05
17061,348.89660182249946,156.08752271785133,14761,2.6000000000000002e-05
17021,359.91615223594397,152.6188947425584,35372,2.8000000000000003e-05
17029,370.31717666788177,152.122760319452,53196,2.8999999999999997e-05
17045,374.80380668710967,149.77606110197485,19704,2.6000000000000002e-05
17041,370.08887493395247,148.96970180032292,19922,2.5e-05
17139,366.30432332063623,151.0431404738619,14287,2.5e-05
17115,362.5706526204039,148.38858532209125,114706,4.1e-05
17167,356.0881637916838,150.0419174862516,188951,3.7e-05
17137,350.31815275338687,150.9824360231646,36616,2.9999999999999997e-05
17171,348.06060057954534,152.14537680935499,5537,2.6000000000000002e-05
17149,343.76659621785143,152.4062753455377,17384,2.7000000000000002e-05
17009,345.096964017062,148.1646116465853,6950,2.7000000000000002e-05
17001,340.733023245598,148.03607605052161,68277,3.6e-05
17067,340.58910701650416,142.71627901934352,20121,2.6000000000000002e-05
17109,345.37019600988214,141.72693882044535,32913,3.1e-05
17169,346.41003059895434,145.46024252849818,7189,2.7000000000000002e-05
17017,349.85991367258674,147.72627433110713,13695,2.6000000000000002e-05
17129,354.30802564763644,146.7867203074225,12486,2.6000000000000002e-05
17125,352.84279383385245,144.25545559982402,16038,2.6000000000000002e-05
17107,358.31240515799516,145.1829651916665,31183,2.7000000000000002e-05
17039,363.0059011495546,144.18509740418256,16798,2.6000000000000002e-05
17147,366.1752691294994,146.04904617182208,16365,2.5e-05
17019,369.8457205818066,144.15954058730455,179669,3.5e-05
17053,369.24869260426664,137.8215671099065,14241,2.6000000000000002e-05
17113,363.2457875276355,140.0509633603846,150433,3.8e-05
17179,356.4107162524861,140.36985204783213,128485,3.5e-05
17203,359.23925086037804,136.57807857702923,35469,2.8000000000000003e-05
17143,353.9145215257781,137.0563929787428,183433,4.1e-05
17057,350.0554373822703,141.02458987980663,38250,2.8000000000000003e-05
17187,345.70088625932715,136.6012289779639,18735,2.8000000000000003e-05
17071,342.6294512350456,137.10575129379075,8213,2.6000000000000002e-05
17131,344.17722649783946,132.02619188084378,16957,2.6000000000000002e-05
17095,349.5212316394365,135.30945744533426,55836,2.9999999999999997e-05
17175,353.2513298984774,133.12419193249085,6332,2.5e-05
17123,357.63726140652665,133.4842782026887,13180,2.6000000000000002e-05
17155,358.13248947390764,131.24056353763558,6086,2.7000000000000002e-05
17105,365.5339907524077,134.8562400022576,39678,2.6000000000000002e-05
17091,371.8944884709487,130.96976976603878,103833,3.4e-05
17063,366.48134901385833,129.4926566363742,37535,2.9999999999999997e-05
17197,370.70735702872236,127.20131053412474,502266,4.3e-05
17093,366.0898427826773,125.55965719550366,54544,3.5e-05
17099,361.8945284648187,129.54803658176792,111509,3.3e-05
17011,355.755299175324,128.8351454989551,35503,2.8999999999999997e-05
17073,349.8923428596922,129.69919805198376,51020,3.1e-05
17161,345.79828531421373,128.31488116591822,149374,5e-05
17103,357.66299556862396,124.17489531377213,36062,2.9999999999999997e-05
17195,351.6663585924389,124.51688099354828,60653,3.2e-05
17015,350.97398197184236,120.32885363167532,16674,2.6000000000000002e-05
17141,357.20302413784935,120.3170628183097,51032,2.8999999999999997e-05
17037,362.53861605730873,121.8999219888876,88969,2.9999999999999997e-05
17089,365.7555965628537,121.04915282679977,404119,4.3e-05
17043,369.06370454031514,121.95994171124157,904161,5.1e-05
17031,371.28333158254935,121.8121301912302,5376741,6.1e-05
17097,369.4377688905588,115.80355849216942,644356,4.3e-05
17111,365.1015353466197,116.08922213453457,260077,3.7e-05
17007,361.590653400179,116.3728957951573,41786,3.4e-05
17201,358.37575717472475,116.51116320785057,278418,4.8e-05
17177,353.6120610280556,116.57607383067592,48979,3.2e-05
17085,348.14577953747767,116.62711353504524,22289,2.5e-05
18127,379.2777888992021,126.18799554031672,146798,3.9e-05
18089,376.20121854769263,126.7358629209392,484564,4.8e-05
18123,387.64993185764087,169.45369931526696,18899,3.3e-05
18147,383.9334806610691,170.62947969326834,20391,2.8999999999999997e-05
18173,381.24407552570887,169.90723794897463,52383,3.4e-05
18163,378.2753725956282,170.8416485024953,171922,4.1e-05
18129,375.3189398351031,171.44502621615098,27061,3.3e-05
18051,377.87709876064514,167.31815466701065,32500,2.9999999999999997e-05
18125,381.21907219418296,165.85093847761237,12837,2.7000000000000002e-05
18037,384.95258254941695,165.95920060051418,39674,3.3e-05
18025,389.42533515108397,166.82893978842574,10743,2.8000000000000003e-05
18061,392.83896968577585,167.24273127588938,34325,3.3e-05
18043,394.7006981623185,165.5663347305658,70823,4.3e-05
18019,396.3578821951258,163.4357702822974,96472,4.5e-05
18115,403.23644728802583,156.3551447600559,5623,3.2e-05
18155,402.60254497407516,157.9767583525173,9065,3.1e-05
18077,398.87169226905604,159.2499992721273,31705,3.2e-05
18143,395.87604706982523,160.72064844617805,22960,3.2e-05
18175,392.40203666045255,162.31735939383708,27223,2.9999999999999997e-05
18117,388.52683124952665,163.32028950316592,19306,2.7000000000000002e-05
18101,385.2717086551854,161.4798896513511,10369,2.7000000000000002e-05
18027,382.65473112135203,161.78261261853862,29820,3.1e-05
18083,379.07941807183687,162.36027966439772,39256,3.1e-05
18153,378.73504217570536,157.10576283297027,21751,2.6000000000000002e-05
18055,383.2567815361279,157.36261773486797,33157,2.8000000000000003e-05
18093,388.1637435343195,159.47712437341576,45922,3.2e-05
18071,392.4738256510802,158.08051621906168,41335,3.2e-05
18079,396.6343049113466,156.52084541523948,27554,2.9999999999999997e-05
18137,400.0209316301006,154.7752223120539,26523,2.8000000000000003e-05
18029,402.72327123803393,153.93256264289764,46109,3.4e-05
18047,401.4630307582672,150.5845579405951,22151,2.6000000000000002e-05
18031,397.2721035114946,152.33647095220078,24555,2.8000000000000003e-05
18005,393.582195825591,154.04809841263244,71435,3.3e-05
18013,390.41280521636736,154.49155417888736,14957,2.7000000000000002e-05
18105,387.62061899106726,155.39299253561296,120563,3.6e-05
18119,384.047692904288,153.72537315927087,21786,2.6000000000000002e-05
18021,381.3612517864681,152.9403137590706,26556,2.9999999999999997e-05
18167,378.5546132198759,152.64612903663868,105848,3.6e-05
18165,377.3442487577674,147.04085337627086,16788,2.7000000000000002e-05
18121,379.9231033430333,147.98896314834474,17241,2.5e-05
18133,383.69716752959147,148.9798544531292,36019,2.8000000000000003e-05
18109,387.764825254085,151.05146398441062,66689,3.3e-05
18081,391.16478225619767,150.65481377544617,115209,3.7e-05
18145,394.09443536716964,149.84239762920078,43445,3.3e-05
18139,397.27657178169443,148.33948174597177,18261,2.6000000000000002e-05
18041,399.991203480205,147.6151621632983,25588,2.8000000000000003e-05
18161,402.54800504408456,147.66179787149898,7349,2.5e-05
18177,401.3078317114337,144.66648153156075,71097,2.8999999999999997e-05
18065,397.4257269312007,144.2110536915271,48508,2.8999999999999997e-05
18059,393.96973324391496,146.00323978680038,55391,3.2e-05
18097,390.4293899730047,146.9154718154893,860454,4.8e-05
18063,386.80279134533515,147.45054952169332,104093,3.5e-05
18011,386.8242592328471,143.75822021886228,46107,3.1e-05
18057,390.83816596667884,143.05023299161837,182740,3.8e-05
18135,400.89106278994336,140.83330745013055,27401,2.6000000000000002e-05
18035,397.0187874677216,140.37543344997349,118769,3.3e-05
18095,393.97352605307856,141.57741471023755,133358,3.3e-05
18159,390.60090225668336,140.06781777975098,16577,2.6000000000000002e-05
18023,386.4437022287786,140.518351870017,33866,2.9999999999999997e-05
18107,382.76316883984117,144.22357587915604,37629,2.9999999999999997e-05
18045,379.24783846115616,143.4486120959871,17954,2.5e-05
18075,400.49640799342063,137.2316813115157,21806,2.5e-05
18009,397.3324960340754,137.10452642511993,14048,2.7000000000000002e-05
18053,394.10812980547485,136.93241571795707,73403,2.8000000000000003e-05
18067,389.6474544892875,137.89416608882007,84964,3.5e-05
18015,385.1695835814277,136.987482175729,20165,2.5e-05
18157,382.24382280859186,139.8115586366878,148955,3.7e-05
18171,377.8181650678233,140.91574644893063,8419,2.5e-05
18007,377.94215807356017,137.37531134724605,9421,2.3e-05
18001,400.71312889952856,133.17834170782695,33625,2.8999999999999997e-05
18179,397.85387442298514,133.78808092029544,27600,2.7000000000000002e-05
18069,395.2753470296215,132.70711601822947,38075,2.8999999999999997e-05
18169,392.29122328086106,132.8284785424915,34960,2.8000000000000003e-05
18103,390.1717009503918,134.28913618705994,36082,2.7000000000000002e-05
18017,387.0844267556166,134.54373724610906,40930,2.9999999999999997e-05
18181,382.31119302988265,135.19179505049536,25267,2.7000000000000002e-05
18003,398.9783958549662,128.86856686245108,331849,3.5e-05
18183,394.68170220545824,128.60996245392278,30707,2.7000000000000002e-05
18049,387.715946560236,130.72140712927109,20511,2.6000000000000002e-05
18131,383.3209457798108,131.18156091221212,13755,2.4e-05
18033,399.1321188171244,124.83081421886013,40285,2.7000000000000002e-05
18113,395.11342471715966,125.3019906554305,46275,2.8000000000000003e-05
18085,391.1859322317442,127.63192969714092,74057,2.8999999999999997e-05
18099,387.0968223822202,127.08224494265751,45128,2.8000000000000003e-05
18149,383.38510969032393,128.10078277149339,23556,2.6000000000000002e-05
18073,379.34709420359314,131.9403274472838,30043,2.6000000000000002e-05
18111,376.7143794112941,132.80586549062326,14566,2.5e-05
18151,398.7217094496396,121.68065111924223,33214,2.7000000000000002e-05
18087,394.6896007830271,122.1446971856928,34909,2.7000000000000002e-05
18039,390.6316445398951,123.17353657160294,182791,3.3e-05
18141,386.3510399465329,123.50740383173316,265559,3.7e-05
18091,382.21543510044097,124.97150417872808,110106,3.5e-05
20043,301.73457844118724,151.69130492932433,8249,2.5e-05
20013,297.77976767616383,151.36073882084293,10724,2.2e-05
20187,234.8257630837141,179.00837114770934,2406,1.4000000000000001e-05
20129,234.3775383731775,183.82051224093857,3496,1.4999999999999999e-05
20189,239.3397012990992,184.09879753101205,5463,2.2e-05
20067,239.65226018738747,179.29856053305653,7909,2.3e-05
20081,244.07869605442482,179.54071797635166,4307,1.8e-05
20175,243.98998556010716,184.36316010073298,22510,2.3e-05
20119,248.94858196333027,183.99413342666136,4631,1.8e-05
20069,248.5521532799514,177.4645114151466,5904,1.7e-05
20057,254.0892850763668,178.30555019597716,32458,2e-05
20025,254.53644867880013,184.2579922909457,2390,1.4000000000000001e-05
20033,260.109131979113,185.06407146073315,1967,1.4999999999999999e-05
20097,260.16909427846815,180.264395664716,3278,1.4000000000000001e-05
20047,260.062665181402,175.87632754486066,3449,1.8e-05
20151,265.717350947239,179.2977996263422,9647,2.2e-05
20007,266.1021378227468,184.75674490529445,5307,2.1e-05
20077,272.31804577527816,185.391907201479,6536,2.2e-05
20095,271.9305442042924,180.51896934805356,8673,2.2e-05
20155,272.28231770701467,175.37458246160398,64790,2.7000000000000002e-05
20079,278.94341972505725,174.57102769885216,32869,2.8999999999999997e-05
20173,278.64284406283537,179.08912608738143,452869,5.1e-05
20191,278.43355983558985,184.91825163068415,25946,2.8999999999999997e-05
20035,284.9534453306615,184.98207089279398,36291,3.1e-05
20015,285.0042814177974,177.91832528268196,59482,3.2e-05
20019,290.9902640187038,186.1596734653341,4359,3.1e-05
20049,291.01605759520567,182.21364189601582,3261,2.2e-05
20073,291.147844665705,176.69415143122848,7673,2.9999999999999997e-05
20125,296.11753240365624,185.61339257457576,36252,3.5e-05
20205,296.0984735716742,180.83792219933162,10332,3.1e-05
20207,296.1055135887162,176.58121251545947,3788,2.8000000000000003e-05
20099,300.6404869659362,185.6151997874453,22835,2.8000000000000003e-05
20133,300.5270995329428,180.83132434676483,16997,2.8999999999999997e-05
20001,300.53893665093904,176.57477011126858,14385,2.8000000000000003e-05
20021,305.26646728099917,185.84266653711842,22605,2.8999999999999997e-05
20037,305.16157591718047,181.44578832358712,38242,2.9999999999999997e-05
20011,305.1221246253463,176.92924157754894,15379,2.9999999999999997e-05
20075,235.12035299742539,173.35461210623413,2670,1.3000000000000001e-05
20071,235.3340215841273,167.08884283934862,1534,1.2e-05
20199,236.10037811163207,161.45099541390013,1749,1.2e-05
20181,236.87753772212105,155.83849894582997,6760,1.7e-05
20023,237.10056503747185,150.19602176924616,3165,1.2e-05
20185,265.9632940129195,174.3288361260883,4789,1.9e-05
20093,239.86877991376502,173.61232318704862,4531,1.4000000000000001e-05
20055,246.0036317248081,173.45080141530113,40523,2.1e-05
20083,254.19465942004643,173.1777737914333,2085,1.3000000000000001e-05
20145,260.83529336262717,172.2367325044689,7233,2e-05
20031,296.17573044700015,172.02863105450783,8865,2.6000000000000002e-05
20003,300.59866684862993,172.2999078940191,8110,2.5e-05
20107,305.1373694988169,172.284364547044,9570,2.5e-05
20121,305.14467259616515,167.71839109110192,28351,2.9999999999999997e-05
20059,300.67227515595965,167.74848634892146,24784,2.9999999999999997e-05
20139,296.23361325909383,166.62915101750608,16712,2.6000000000000002e-05
20111,291.95846715980645,169.18037682580646,35935,3.4e-05
20017,287.3997842190338,171.03035673420825,3030,2e-05
20127,287.1125762247605,166.13536922502095,6104,2.5e-05
20115,282.48644986047753,170.4467732670467,13361,2.4e-05
20113,276.95845197840595,169.8777381613636,29554,2.6000000000000002e-05
20159,271.3996009052919,170.33130038859682,10761,2e-05
20169,277.0299612247024,164.775461886654,53597,2.7000000000000002e-05
20053,271.4592391989485,165.8016243004822,6525,2e-05
20009,265.96364095173425,168.39576635080917,28205,2.2e-05
20165,260.357515475373,167.73937638393141,3551,1.7e-05
20135,254.25774795240588,168.06647529278573,3454,1.6e-05
20101,248.745364047696,167.80684175770787,2155,1.3000000000000001e-05
20171,244.33454261501828,167.57519180640864,5120,1.9e-05
20203,239.92505633372826,167.3463832349863,2531,1.2e-05
20109,242.2196940697436,161.80222566677003,3046,1.2e-05
20063,248.84393749124558,162.15600133081531,3068,1.6e-05
20195,254.91563954990409,162.43675246647072,3319,1.3000000000000001e-05
20051,260.4436676051013,162.6480791581361,27507,2.1e-05
20167,265.95913723774413,162.832025656179,7370,2.2e-05
20105,271.5283970835767,161.26445170835453,3578,1.4999999999999999e-05
20143,277.1018787908277,160.25008578449476,6163,2.1e-05
20041,282.0342364787578,163.77364856211284,19344,2.4e-05
20061,285.98652192257265,161.7793649587615,27947,2.8999999999999997e-05
20197,291.3342938163325,162.7027398362878,6885,2.7000000000000002e-05
20177,295.83302494046217,161.54225948536669,169871,3.8e-05
20045,300.56389836002325,163.53810238322833,99962,3.9e-05
20091,305.2181185873352,163.5227059425413,451086,5e-05
20209,305.61719644585236,160.6750674104986,157882,5.1e-05
20103,303.1889712334468,159.39210294743043,68691,3.2e-05
20087,299.7529074750326,158.9813118131156,18426,2.6000000000000002e-05
20005,300.4671295851324,155.28360205320763,16774,2.8999999999999997e-05
20085,295.53864594390234,156.59929720961398,12657,2.4e-05
20149,290.35916881090486,157.3278914345918,18209,2.6000000000000002e-05
20161,286.3155258936899,158.09360750863402,62843,3.1e-05
20027,281.950976764347,157.49924498527398,8822,2.4e-05
20029,277.1815311454322,155.72698935582966,10268,2.2e-05
20123,271.6234470254934,156.74948262180826,6932,2.1e-05
20141,266.0882343931683,157.1625787539319,4452,1.3000000000000001e-05
20163,260.5678390732572,156.98507966388163,5685,1.7e-05
20065,255.0412580200324,156.7818517012011,2946,1.6e-05
20179,249.51641513123084,156.53253976109326,2813,1.6e-05
20193,243.448293526172,156.22085728525352,8180,1.7e-05
20153,243.54274642377558,150.57122136989844,2966,1.2e-05
20039,249.60757164805676,150.883688709121,3472,1.6e-05
20147,260.55224332263555,151.33545526025375,6001,1.7e-05
20137,255.07897174798526,151.12790869304425,5953,1.6e-05
20183,266.07359282204703,151.50577355185973,4536,1.8e-05
20089,271.65617785216983,151.6591189793657,3791,1.8e-05
20157,277.256651794013,151.20878755380244,5835,2e-05
20201,282.7880219137572,151.85710573280355,6483,2.1e-05
20117,288.34978057842045,151.91527214857425,10965,2.1e-05
20131,293.23966992325006,151.75769065842385,10717,2.2e-05
21105,365.76976053268385,189.74581835609501,5262,2.9999999999999997e-05
21075,362.9576776417556,191.4038011902541,7752,3.1e-05
21013,419.7467206772557,183.2520978303342,30060,2.9999999999999997e-05
21121,417.6079774562336,181.59693889060367,31795,3.1e-05
21235,414.9147249507458,183.69794891252968,35865,3.4e-05
21125,414.5026903959133,179.11649714883004,52715,3.7e-05
21051,418.6552994374568,178.1138001330684,24556,2.8000000000000003e-05
21131,422.0332258884728,178.32442950109777,12401,2.6000000000000002e-05
21095,424.17485183645135,181.0655917802364,33202,2.7000000000000002e-05
21133,427.2002318323029,177.35176328102193,25277,2.6000000000000002e-05
21119,426.2260440044808,174.48145514351776,17649,2.6000000000000002e-05
21193,423.17634135106863,176.32026627268885,29390,3.7e-05
21189,418.3712524814457,174.69582262761242,4858,2.7000000000000002e-05
21109,415.1816614887854,175.00899916900647,13495,2.8000000000000003e-05
21065,415.23531442180433,171.39745152484258,15307,2.8000000000000003e-05
21129,417.86504388105186,172.41832769311375,7916,2.7000000000000002e-05
21025,421.9736510747428,172.87475263166303,16100,2.7000000000000002e-05
21071,427.6023057459385,171.65178300554774,42441,2.9999999999999997e-05
21115,426.3300082352127,167.92805472762691,23445,2.8999999999999997e-05
21153,424.08693081480635,170.16653039928144,13332,2.7000000000000002e-05
21237,419.92195243705436,170.20747531840112,7065,2.7000000000000002e-05
21197,416.3222888267457,169.43455328527202,13237,2.8000000000000003e-05
21049,412.8152318685931,168.0993999735639,33144,3.6e-05
21173,415.01540376635137,166.83394068092298,22554,2.8999999999999997e-05
21165,418.3555851240837,167.6396171193443,6556,2.7000000000000002e-05
21175,421.9196925139797,167.50246279252292,13948,2.7000000000000002e-05
21063,423.0236331103449,164.50683140575674,6748,2.7000000000000002e-05
21205,419.5909302954271,164.18740931553972,22094,3.1e-05
21011,416.6008049245827,165.27886271178414,11085,2.7000000000000002e-05
21181,413.50862934950976,163.1857947840111,6813,2.5e-05
21069,416.5580439585102,162.3468908275318,13792,2.6000000000000002e-05
21201,412.99004723547984,160.87033171589442,2266,2.4e-05
21023,412.1827345337441,158.60612039827856,8279,2.4e-05
21161,415.00777388493606,159.4851337398693,16800,3.2e-05
21135,419.89647909387236,159.5008430879335,14092,2.7000000000000002e-05
21019,426.643236965948,161.15967536282136,49752,5.7999999999999994e-05
21089,424.0277601359697,158.9055840099296,36891,4e-05
21043,422.9679675873808,162.17098183884434,26889,2.9999999999999997e-05
21127,426.7037291136905,164.98833684537513,15569,2.8000000000000003e-05
21159,429.60862922699687,168.02604872272832,12578,2.8000000000000003e-05
21195,431.28018089297814,172.17399498062008,68736,2.9999999999999997e-05
21097,410.166743652666,162.13778628511042,17983,2.6000000000000002e-05
21017,411.7087100020949,164.95077843093569,19360,2.9999999999999997e-05
21151,411.99012992881586,171.49945463549767,70872,3.4e-05
21203,412.1343181296546,176.12363858726087,16582,2.8999999999999997e-05
21147,411.46732731329314,184.43432054189202,17080,2.8999999999999997e-05
21137,408.51134933630937,175.5308016259149,23361,2.8000000000000003e-05
21079,409.21090436619716,172.53208176140743,14792,2.8999999999999997e-05
21113,408.49292420849366,170.00263190297846,39041,3.5e-05
21067,409.59037515823087,167.67472133286117,260512,4.8e-05
21239,406.812140460774,167.87596371045169,23208,3.2e-05
21209,407.9351051099742,164.42631184941328,33061,3.4e-05
21073,405.0791859701879,165.45388890860127,47687,3.3e-05
21005,404.3619481334532,168.65359096732192,19111,2.8999999999999997e-05
21167,405.7112798086829,170.9632336929217,20817,4e-05
21021,406.1113568499892,173.3617560089509,27697,3.2e-05
21045,405.91948572267336,177.11718766961567,15447,2.7000000000000002e-05
21199,409.85057449262274,179.8815451445559,56217,3.4e-05
21231,407.7032694767372,184.07264060854146,19923,2.8999999999999997e-05
21207,405.07190832565686,181.8415808165895,16315,2.8999999999999997e-05
21053,404.7251414043026,185.2642666667469,9634,2.8999999999999997e-05
21057,402.13110953481936,184.73543137641727,7147,2.8000000000000003e-05
21001,402.71483174988526,180.59939475692417,17244,2.8000000000000003e-05
21217,401.790200277138,177.18457158119682,22927,2.9999999999999997e-05
21155,402.1799946256131,174.68143859185562,18212,2.8000000000000003e-05
21229,402.83739198082117,172.13335355851646,10916,2.7000000000000002e-05
21215,401.04545878223394,168.51625673159026,11766,2.9999999999999997e-05
21211,401.7783784956886,166.1407457291205,33337,3.2e-05
21103,402.5120579233596,163.08273790598685,15060,2.8000000000000003e-05
21187,405.13783951535277,161.69526513620937,10547,2.6000000000000002e-05
21081,407.0321928794938,159.93280225875455,22384,2.8000000000000003e-05
21191,409.5607017332782,158.86928909166994,14390,2.7000000000000002e-05
21037,408.87713450364413,155.70238833581874,88616,4.4e-05
21117,407.40697141567597,156.10571570275619,151464,5e-05
21015,405.54033544948487,156.04976323605518,85991,4e-05
21077,404.58488419743605,158.68295714666326,7870,2.9999999999999997e-05
21041,401.8829965259291,160.08422547988027,10155,3.2e-05
21223,400.1798486775105,161.25433222078175,8125,2.8000000000000003e-05
21185,399.2365438083667,164.05094552334904,46178,3.5e-05
21111,397.0179867521335,167.20984960804813,693604,5.9e-05
21029,397.5225568019618,169.6698537144149,61236,3.7e-05
21179,399.86999012765455,171.90023943116609,37477,3.1e-05
21123,398.0683035989127,175.3250207328471,13373,2.7000000000000002e-05
21087,399.7668869073426,178.66956290441345,11518,2.8000000000000003e-05
21169,399.28754867645415,182.37239695324402,10037,2.8000000000000003e-05
21171,398.87525391579806,186.28201577709788,11756,2.8000000000000003e-05
21213,390.100522903892,186.75763115459245,16405,3.3e-05
21003,393.9384981010421,186.1918082765963,17800,2.5e-05
21009,396.3130929563945,183.0064270117216,38033,3.2e-05
21099,396.24764976343766,178.64496431133574,17445,2.6000000000000002e-05
21093,394.8814741102086,173.5719851039961,94174,3.1e-05
21163,392.0912548595012,170.4935890564419,26349,3.1e-05
21091,386.5599893319423,172.76995607176426,8392,2.9999999999999997e-05
21027,390.0612283984914,173.17960511773978,18648,2.7000000000000002e-05
21085,391.4283969934777,177.07288604216237,24053,2.7000000000000002e-05
21061,392.7188982857414,180.183343942852,11644,2.8999999999999997e-05
21227,391.3605250110102,183.2845373236856,92522,4.3e-05
21031,388.4463152333861,180.95944257823237,13010,2.6000000000000002e-05
21141,386.830199279034,185.5558922359784,26573,3.3e-05
21219,383.74288545884673,185.9357585967807,11971,2.9999999999999997e-05
21177,383.6627555396669,180.9718067958162,31839,3.2e-05
21183,386.468502816011,177.40174240070854,22916,2.8999999999999997e-05
21059,383.38454074360817,174.08282829859573,91545,3.8e-05
21149,382.0919201563575,176.9707750303786,9938,2.9999999999999997e-05
21107,379.76899810368735,180.07104328923958,46519,3.4e-05
21047,380.4159409727385,185.5567930009317,72265,3.7e-05
21221,376.7132713842904,187.06496348333957,12597,2.9999999999999997e-05
21143,374.3714603246307,184.491722111492,8080,3.2e-05
21033,376.3989279733204,182.4221110726302,13060,3.1e-05
21233,377.9990654928122,177.66026700491992,14120,2.8000000000000003e-05
21101,378.2731140609543,173.9074321904496,44829,3.5e-05
21225,374.9476897466809,175.89500852118618,15637,2.8000000000000003e-05
21055,373.8666561594152,180.2479322588816,9384,2.8999999999999997e-05
21139,371.16862749550387,182.69628597313562,9804,3.3e-05
21035,372.749433562184,189.84028677093684,34177,3.7e-05
21157,372.01510332675485,186.71054713943093,30125,3.6e-05
21083,368.8483792412577,188.7954251214203,37028,3.4e-05
21145,367.8019656306258,184.4713202019959,65514,3.9e-05
21039,365.4053591188803,187.26976664292908,5351,2.8999999999999997e-05
21007,365.10481293083916,184.73091368615903,8286,2.9999999999999997e-05
22103,360.8661057248378,271.4529904936923,191268,3.9e-05
22117,359.4281178035609,265.55943973193064,43926,3.8e-05
22081,322.223091965852,251.41920165318385,9622,3.7e-05
22013,325.26352706777624,247.9057279206123,15752,3.8e-05
22061,329.94908937111296,244.60495818205302,42509,4.1e-05
22049,330.8085537721741,248.3399345187331,15397,3.8e-05
22127,330.064198863143,253.0836242059221,16894,4e-05
22021,335.7892314529008,250.85443160274932,10560,3.4e-05
22073,335.0302090415206,245.95317683080003,147250,4.4e-05
22083,339.6916954134461,246.40900928010328,20981,3.4e-05
22041,340.5983285526726,250.21932777872544,21263,3.5e-05
22107,344.3465228219211,251.57756663951596,6618,3.4e-05
22065,345.00694240730985,246.88152619800888,13728,3.8e-05
22035,344.6161262435959,242.14051338178945,9421,3.5e-05
22123,342.6456091213309,241.4295049774688,12314,3.3e-05
22067,338.875068832402,241.36704699170463,31021,4e-05
22111,332.5232468066853,241.43067015493804,22803,3.9e-05
22027,325.9349520651277,241.84623288214402,16851,3.9e-05
22119,322.2982550506935,243.22409673700832,41831,4.3e-05
22015,319.59385879052485,244.1648084968563,98310,4.9e-05
22017,316.8086591253739,245.5131011280815,252161,6.2e-05
22031,318.3198277538816,251.92521939309398,25494,4e-05
22085,320.37608353835105,258.326409451847,23459,3.6e-05
22069,325.2356139343139,255.81765349199586,39080,4.3e-05
22043,331.073715299822,257.3741314066787,18698,3.8e-05
22059,335.6879545131493,256.5120198993607,14282,3.5e-05
22025,338.94022009498065,256.6892305241464,10920,3.4e-05
22029,341.26257662066934,259.5579582865804,20247,3.5e-05
22009,337.5765252705544,263.6988523251025,41481,3.4e-05
22079,331.6309924832836,262.28052211120274,126337,4.5e-05
22115,324.4392277263095,264.1099792953464,52531,3.8e-05
22039,333.1964811519392,268.73313669645216,35434,3.3e-05
22003,328.4356704315902,269.7702247905924,25440,3.4e-05
22011,322.8749907700507,270.32123320146013,32986,3.6e-05
22053,328.62828404133813,274.81385048417616,31435,3.2e-05
22019,322.97650857185386,275.34637930051997,183577,4.4e-05
22023,324.96009901111887,280.029295919542,9991,2.5e-05
22001,333.3497421315955,274.2429115955698,58861,3.3e-05
22097,337.32752642720806,270.43200741899176,87700,3.5e-05
22077,342.06483136344826,268.24618659930803,22763,3.7e-05
22121,345.65125317785987,271.415447313959,21601,5.2000000000000004e-05
22055,337.21421729105134,275.33723683700725,190503,4.3e-05
22113,334.64653797225515,279.9985090555773,53807,3.3e-05
22045,341.5166113388317,279.6187257186071,73266,3.4e-05
22047,345.1903984302444,273.88214419851874,33320,4.7e-05
22007,348.73014833152877,278.88131014653726,23388,3.3e-05
22099,342.9721083861612,275.87766656450907,48583,3.5e-05
22101,344.28074461017144,281.1631298679327,53500,3.5e-05
22109,351.4310795549314,285.158511624561,104503,3.2e-05
22057,355.9868912606649,283.11758577126204,89974,2.9999999999999997e-05
22093,351.8456862551764,276.8787240378149,21216,3.6e-05
22005,350.52795820605445,274.7976282504183,76627,4.3e-05
22033,348.28077125552346,270.3623861295541,412852,5.3e-05
22037,348.1211423232549,266.5824511855022,21360,3.4e-05
22091,351.93007958299455,266.6448190128562,10525,3.4e-05
22063,352.3575749951075,271.63249683645023,91814,4.1e-05
22095,354.65771437704086,275.69499269045656,43044,5.1e-05
22089,356.68121288118436,277.6306441645795,48072,4.4e-05
22105,355.5405159641525,268.82278627628415,100588,3.7e-05
22071,361.49291249701605,275.640097149572,484674,6.4e-05
22087,365.08259530000726,278.4041982282857,67229,4.2e-05
22075,365.55396767048614,283.4024335640202,26757,2.5e-05
22125,343.7033800165471,265.98710280587426,15111,3.2e-05
22051,359.2261032532518,280.09291702138586,455466,4.6e-05
25027,519.7800522363084,89.79815175688721,750963,4.1e-05
25017,523.5901943015465,86.8919832988963,1465396,5.6000000000000006e-05
25019,540.0969638807715,98.44941563428127,9520,2.3e-05
25001,537.2044879902983,92.82785221772792,222230,3.4e-05
25025,527.4159889543843,87.72632331253511,689807,7e-05
25005,529.0432039331587,94.85332888934043,534678,4.3e-05
25023,531.2223609170381,92.04648070038424,472822,4.4e-05
25021,526.5903855755661,90.41079431573004,650308,5.3e-05
25009,527.1584898669469,83.44975156589288,723419,4.2e-05
25013,513.8292061082147,93.98201081269606,456228,5.2000000000000004e-05
25015,512.5508042262043,91.64536270765332,152251,4.6e-05
25003,507.8400404494832,92.59533311955792,134953,3.4e-05
25011,512.6875274487493,88.47274480535823,71535,3.7e-05
25007,534.2756545174457,98.29085040225536,14987,2.3e-05
24001,463.163321763063,138.72492471361605,74930,4.8e-05
24023,457.87191903756263,140.84421060484252,29846,2.7000000000000002e-05
24037,486.75430654331564,151.15394372625343,86211,3.3e-05
24017,482.8673873413623,149.70888303894552,120546,4.3e-05
24047,499.659880133886,149.6874823707115,46543,3.2e-05
24045,496.37837105598845,148.36126058475318,84644,3.5e-05
24043,471.2417915225335,137.1854852494908,131923,4.6e-05
24009,486.8562614772288,148.20271577342476,74563,3.5e-05
24041,490.38403544824524,144.52858133583,33812,3.6e-05
24011,493.1579123821692,142.6270389214389,29772,2.8000000000000003e-05
24029,490.110926308052,137.9930685990906,19197,3.1e-05
24510,484.4854864795326,138.70933515221023,651154,7.4e-05
24033,483.2864106941092,145.36932089188983,801515,6.4e-05
24003,485.23622486240686,142.73931919441168,489656,5.3e-05
24027,481.25590863043664,139.99014461616804,247842,5.9999999999999995e-05
24031,479.0650157883852,141.94181810528983,873341,6.500000000000001e-05
24035,491.0041930597874,140.43682000377115,40563,3.3e-05
24015,489.9324339213462,133.8874685694256,85951,3.7e-05
24025,486.5106082290609,134.85951584369136,218590,4.6e-05
24005,483.91628900023176,137.09818789953323,754292,6.1e-05
24013,479.69269431921316,136.27098464181628,150897,4.2e-05
24021,476.262588911784,137.90168869171646,195277,5e-05
24039,494.917651027622,152.42937906616228,24747,2.4e-05
24019,492.3908215449568,148.59890312940166,30674,3.1e-05
23003,534.0661815364501,28.809703147918434,73938,1.9e-05
23021,531.4663409935971,40.01627683000061,17235,1.9e-05
23013,538.6566232651497,60.31441902904847,39618,2.5e-05
23015,535.2951194141115,62.22575583892742,33616,2.5e-05
23023,532.8564087437453,64.40886479668099,35214,3.3e-05
23005,529.2378933320034,67.41114109226288,265612,4.3e-05
23031,526.9306421803709,72.89475926564079,186742,3.7e-05
23001,529.0047086122239,62.777995818573295,103793,3.8e-05
23017,522.6820221962929,59.633150289640405,54755,2.4e-05
23011,532.3910333933761,58.573313743479325,117114,3.2e-05
23027,537.1884115799566,56.00762406295353,36280,2.3e-05
23009,543.6409959504841,53.1936492622795,51791,2.1e-05
23029,548.4869721536625,45.265256177122275,33941,1.7e-05
23019,538.1900455806743,43.06454172935965,144919,2.8999999999999997e-05
23007,524.0040177790631,52.95197007396462,29467,2.4e-05
23025,527.0629298274016,45.575388100372784,50888,2.3e-05
26053,350.16208699484565,64.24420057775222,17370,2e-05
26131,353.13043427687484,60.77498742333038,7818,1.6e-05
26115,412.20869754362366,116.25599330788849,145945,3.8e-05
26091,407.23363753252653,117.34965162185229,98890,3.3e-05
26059,402.2528624524762,118.0531937740082,46527,2.6000000000000002e-05
26023,397.7871430297014,118.2196498280732,45787,2.8000000000000003e-05
26149,393.2742640216301,118.77801348072158,62422,2.8999999999999997e-05
26027,388.84319359376326,119.19247682715708,51104,2.9999999999999997e-05
26021,384.5153628983378,119.46629441925627,162453,2.9999999999999997e-05
26163,414.23560936282854,111.35748829829892,2061162,6.4e-05
26161,408.7998174464714,112.46461742958695,322895,4.4e-05
26075,403.30204910222,113.22313041376684,158422,3.3e-05
26025,397.81135825917505,113.90812446684522,137985,3.3e-05
26077,392.84261115676003,114.48489380687181,238603,3.7e-05
26159,388.1338232544133,114.94738515021277,76263,2.7000000000000002e-05
26005,388.93138410476615,110.41887197300642,105665,3.2e-05
26015,394.4339484590535,109.73721412556715,56755,2.6000000000000002e-05
26045,398.85566476974935,109.21625785854631,103655,3.1e-05
26065,403.1998837350753,108.67842286975063,279320,3.7e-05
26093,407.53077149324014,108.04945399065474,156951,3.6e-05
26125,412.38550289517235,106.6713741098538,1194156,5.6999999999999996e-05
26099,416.5887056066275,105.74916774699646,788149,5.1e-05
26147,418.5016723713657,102.80948979034291,164235,2.9999999999999997e-05
26087,413.1641633373263,100.89576547427345,87904,2.7000000000000002e-05
26049,408.9129145979477,102.69225078805854,436141,3.7e-05
26155,404.7753976486882,103.82074933901873,71687,2.7000000000000002e-05
26037,400.5244927400026,104.46163576161672,64753,2.8000000000000003e-05
26067,396.11496309625863,104.9831119001478,61518,2.5e-05
26139,387.4505881328202,105.51894990163473,238314,3.5e-05
26121,385.81515538737847,101.57270832435692,170200,3.7e-05
26081,391.5486294918868,104.36645202212259,574335,4.3e-05
26117,394.61379305599195,100.38581804338031,61266,2.5e-05
26057,399.96011396350656,99.99073848599352,42285,2.6000000000000002e-05
26145,405.0081535180204,98.75809198169254,210039,3.4e-05
26151,416.2379202137191,96.25233611973154,44547,2.1e-05
26157,410.66432919984567,96.30337648641172,58266,2.3e-05
26063,413.6774065970665,91.26638695301556,36079,2e-05
26017,405.061774668301,93.76060636632157,110157,3.3e-05
26111,401.4194394415818,95.19579627375164,82874,3.3e-05
26073,397.1868799054538,95.78767475416252,63351,2.9999999999999997e-05
26107,392.76225091620176,96.29677524374132,40553,2.6000000000000002e-05
26123,388.4690951883918,97.89160427672,47874,2.5e-05
26127,384.08179128708815,97.22738965282184,26873,2.4e-05
26011,405.33046501098283,89.2931509490674,17269,2e-05
26051,400.878013042758,90.80291730431027,26023,2.2e-05
26035,396.64403273838343,91.32717306428928,31252,2.4e-05
26133,392.24731630440766,91.806065444661,23197,2.1e-05
26085,387.84927871237437,92.28071411147036,11333,2.1e-05
26105,383.8438047913212,92.69639108778479,28274,2.8000000000000003e-05
26069,407.19458779975054,85.2280191079846,27339,2.2e-05
26129,402.7215817915485,86.0684366413659,21645,2e-05
26143,398.2958632410189,86.61143954183262,25469,2.3e-05
26113,393.8785830571022,87.09610140515876,14478,2.2e-05
26165,389.43486409603173,87.58542793889204,30484,3.2e-05
26101,384.9760396850951,88.18682997139004,24527,2.8999999999999997e-05
26001,406.9929188328748,80.96602014663155,11719,1.8e-05
26135,402.1454595610618,81.6197980224205,9418,2.1e-05
26039,397.76461032659137,82.15074438173157,14273,2.2e-05
26079,393.39801337251373,82.64741527936313,16571,2.4e-05
26055,389.09401645175336,83.3953028180717,77654,3.1e-05
26019,385.00131395526796,84.16808599907192,15998,2.1e-05
26089,386.87255983951337,79.90537291469984,21119,2.1e-05
26007,406.50422088604654,76.58067225907853,31314,3.2e-05
26119,401.6100546393795,77.18099906538336,10315,2.7000000000000002e-05
26137,397.33143763346567,77.7861591138411,23301,3.6e-05
26009,392.3293864374419,78.59392905682077,23110,2.4e-05
26029,392.85273462875887,75.57949627198151,26090,2.6000000000000002e-05
26141,403.0673453920017,72.81594133506356,14411,1.9e-05
26031,397.50469209347887,71.97794983265145,26448,2.2e-05
26047,393.97047034351095,71.9014104875795,31437,2.4e-05
26097,391.59628743179115,64.54698962942574,11943,1.4999999999999999e-05
26033,396.59429866712196,61.996783344221974,38543,2.4e-05
26095,386.75608280509454,60.10783616690283,7024,1.4999999999999999e-05
26153,380.9833712286467,64.6918282729775,8903,1.7e-05
26003,377.9807212476162,61.68736414868165,9862,1.4000000000000001e-05
26041,375.0093600370967,68.82020429901614,38520,2.3e-05
26109,369.83631797207335,73.48604221227369,25326,2.9999999999999997e-05
26043,366.56808350401917,68.28367541973057,27472,2.3e-05
26103,368.09390772581617,62.66960936844461,64634,2.2e-05
26071,360.5449330260002,66.16000260959764,13138,1.7e-05
26083,359.1512608638504,47.13688350401475,2301,1.4999999999999999e-05
26061,358.29328635742036,57.795781919892256,36016,1.8e-05
26013,361.46183660601855,59.737889101362065,8746,1.4999999999999999e-05
27055,335.48366361763266,100.53110534059415,19718,2.4e-05
27045,329.929375305494,100.72643293197885,21122,1.9e-05
27071,312.7828889543338,42.08891149045343,14355,2.3e-05
27077,302.59042063141015,35.448022667923745,4522,1.4999999999999999e-05
27135,295.54497613734287,35.81146397927574,16338,1.4999999999999999e-05
27069,286.6368117546296,35.81078315209255,5285,1.4999999999999999e-05
27125,292.6568931727597,47.375599899138614,4299,1.4999999999999999e-05
27113,293.2592093855967,44.93245405262308,13584,1.9e-05
27089,290.2246448379555,41.144317510203,10155,1.4000000000000001e-05
27119,290.5323364151306,48.42887458439002,31369,1.9e-05
27107,289.48953047422617,54.354079535256396,7442,1.4999999999999999e-05
27087,295.17081387822606,54.38368736466524,5190,1.6e-05
27029,298.95571525155935,51.07405248735317,8423,1.6e-05
27007,302.3805285272775,45.699056439714724,39650,2.3e-05
27031,341.92979562603057,45.54085022294062,5168,1.4999999999999999e-05
27075,333.18321586824914,49.31131258183106,11058,1.7e-05
27061,313.9783537649153,51.908481285882424,43992,2.2e-05
27057,303.0718460669588,57.11185516566551,18376,2.1e-05
27021,308.26859228102063,59.657851008506356,27150,1.9e-05
27159,302.7342515115019,63.91632217720978,13713,1.8e-05
27005,296.37921761186834,59.38233577430952,30000,2.1e-05
27027,289.0441735995768,59.829640811028995,51229,2.5e-05
27167,289.3042162307504,66.91446765673666,7138,1.8e-05
27111,296.1205383405214,66.18837500621964,57159,1.9e-05
27137,324.40316880121105,50.460620413627204,200528,3.1e-05
27017,323.1151608425355,63.28300353038847,31671,2.3e-05
27115,322.5717694592436,69.5008675909752,26530,2.1e-05
27065,317.91227537011883,71.74266863181063,14996,2.1e-05
27001,316.55023667941964,63.435298110092106,15301,1.8e-05
27035,310.70059142980784,65.08182767537943,55099,2.4e-05
27097,308.9840195622981,70.96746562548985,31712,2.2e-05
27153,303.38016726186993,70.47256611035824,24426,1.8e-05
27041,298.40215886066244,72.25405817429686,32821,2.1e-05
27051,293.3929446688523,72.26654931740245,6289,1.6e-05
27155,289.0653305331716,74.33663376420407,4134,1.6e-05
27011,289.8134346374044,78.83808710024533,5820,1.6e-05
27151,296.4444285656429,80.63026149518237,11956,1.6e-05
27149,293.4896855716422,76.74617356144401,10053,1.8e-05
27121,298.51865389741323,76.73053632470813,11236,1.7e-05
27145,305.89568676449414,77.1740844249471,133166,2.7000000000000002e-05
27009,311.4147144653232,74.99178011063418,34226,2.8000000000000003e-05
27095,314.8632388413012,72.18963358325676,22330,2.2e-05
27059,318.08234136760683,76.70999543482104,31287,2.5e-05
27025,321.3807237459148,77.16432115507041,41101,2.6000000000000002e-05
27123,319.9667602870082,83.95770610970884,511035,5.6000000000000006e-05
27003,318.5380787306549,80.57042060047374,298084,4.6e-05
27141,313.7209103327972,78.39405524384351,64417,2.8999999999999997e-05
27171,312.1975121744157,81.80345096548444,89986,2.7000000000000002e-05
27093,306.91009515519795,82.70818309777373,22644,1.9e-05
27067,302.5544605789513,82.29661154426151,41203,2.2e-05
27023,297.33427343653324,84.12797193956591,13088,1.7e-05
27163,321.94534746980383,83.20433336439334,201130,4.1e-05
27037,320.5477799529149,88.03058938133152,355904,4.1e-05
27053,316.42303663500627,84.05989024484529,1116200,5.7999999999999994e-05
27139,315.97387747321244,88.66636205702306,89498,3.6e-05
27019,313.7032578041378,86.31769047589809,70205,2.9999999999999997e-05
27085,309.45156955261507,86.68664386373558,34898,2.3e-05
27143,309.5207102152277,89.47722383610439,15356,1.8e-05
27129,303.2037674601346,87.75389880536764,17154,1.7e-05
27073,291.9608012781625,84.3352662353157,8067,1.6e-05
27173,294.60347559115365,88.02643766946112,11080,1.6e-05
27081,291.0137191801646,91.89952330590008,6429,1.4999999999999999e-05
27083,294.9557704507307,91.8814945379707,25425,2.3e-05
27127,300.3371589032159,91.88796420846063,16815,1.7e-05
27015,305.173982736885,93.78685392704607,26911,2.1e-05
27103,309.1708283992485,92.3982117036224,29771,2.4e-05
27079,314.33712745119715,92.23023809852859,25426,2.1e-05
27131,318.4391912680266,92.22671653437791,56665,2.6000000000000002e-05
27049,323.9412633840708,91.16686550363606,44127,2.7000000000000002e-05
27157,328.18673225137013,93.05377195959538,21610,2.2e-05
27169,333.01414924603375,96.75820950780826,49985,2.7000000000000002e-05
27109,326.8952577104888,96.48274031794806,124277,3.2e-05
27039,322.5349844946683,96.44760244724401,17731,1.9e-05
27147,319.1916554789641,96.56633055431972,33680,2.3e-05
27161,315.8478673389347,96.65888173340704,19526,2.1e-05
27013,311.28221911395264,96.46271584169016,55941,2.5e-05
27165,306.34357246141263,97.41568874380995,11876,1.8e-05
27033,301.12651393584724,97.05705302824114,12167,1.6e-05
27101,295.68865961904146,96.93610622442185,9165,1.4999999999999999e-05
27117,291.0980184914411,96.92680739601782,9895,1.6e-05
27133,291.1374082458609,101.43040155334332,9721,1.7e-05
27105,295.7909393165783,101.43724660892212,20832,1.9e-05
27063,301.37475927041316,101.41026755725788,11268,1.7e-05
27091,306.98925985069314,101.340712720818,21802,2e-05
27043,312.6061351177468,101.24083826393557,16181,1.9e-05
27047,318.181507644964,101.10415255064196,32584,2.5e-05
27099,323.7406193997547,100.95577475411436,38603,2.3e-05
29143,358.81156904676664,191.3327381981894,19760,2.9999999999999997e-05
29155,357.6184894459091,196.20693085757682,20047,3.1e-05
29005,298.90661188703234,143.3417755048104,6430,2.2e-05
29087,301.02546968392693,147.7600105060278,5351,2.3e-05
29165,305.47035393470713,156.9764956164011,73781,4e-05
29021,305.1649932476553,153.45801396479806,85998,3.4e-05
29003,305.24022512702714,149.2389956694493,16492,2.6000000000000002e-05
29147,304.30338481623374,144.3587394075304,21912,2.5e-05
29227,308.9066340774021,142.7538885429715,2382,2.2e-05
29075,309.0608648438264,146.24281996429934,6861,2.2e-05
29063,309.1391223265973,150.40257634583858,11597,2.3e-05
29049,309.2366857053825,154.1625769102546,18979,2.8000000000000003e-05
29047,309.17299282388905,158.07701308204622,184006,4.3e-05
29025,313.3800358613538,153.3748768099697,8969,2.2e-05
29061,313.26177384122866,149.4114957241215,8016,2.3e-05
29081,313.0891793864698,144.29410021581938,8850,2.4e-05
29129,317.2082047777968,143.3206215454239,3757,2.3e-05
29079,317.3571727054525,147.32745172640978,10432,2.7000000000000002e-05
29117,317.79168010532777,151.70125131710302,14558,3.8e-05
29033,318.3365759888334,156.31944821508952,10285,2.5e-05
29177,313.4093693293105,157.3251658019791,23354,2.8000000000000003e-05
29107,315.6107940117799,160.8561691107411,32960,2.7000000000000002e-05
29095,309.9404656595762,161.87512847508762,654880,4.6e-05
29101,315.50050498258645,165.0947613054159,48258,2.9999999999999997e-05
29083,315.6834546696585,169.80370796313966,21997,3.1e-05
29037,310.04050898933264,166.57651268255614,82092,3.3e-05
29185,315.86908479907873,174.45156219225066,9652,2.7000000000000002e-05
29013,310.2154772642947,171.63553800413592,16653,2.6000000000000002e-05
29039,315.21025288727503,178.40638681093662,13733,2.7000000000000002e-05
29217,310.252370301283,176.90783511599273,20454,2.9999999999999997e-05
29057,315.3871380216558,182.22196223007975,7923,2.7000000000000002e-05
29011,310.27677390725967,181.43438904238633,12541,2.8000000000000003e-05
29097,310.40321928298215,185.32519784797537,104686,3.8e-05
29145,310.4973078890416,189.19049588928044,52636,3.3e-05
29119,310.4574546309153,192.78581157702544,21681,2.8999999999999997e-05
29109,315.5832648257204,186.50833509431598,35204,2.9999999999999997e-05
29009,315.7886437816865,191.61713662446041,34010,2.9999999999999997e-05
29167,319.7925980734924,179.6988043056311,26992,2.8999999999999997e-05
29209,319.574023792567,191.01838064470147,28658,3.1e-05
29077,320.57919563063075,184.38392702733867,240391,4e-05
29213,323.88538281541724,192.12862033775542,39703,3.2e-05
29043,321.7986024941145,188.0300029298721,54285,3.3e-05
29225,325.415770599163,184.09562108274469,31045,3.1e-05
29059,323.71193766288496,179.0592896731582,15661,2.7000000000000002e-05
29085,320.5725903021548,175.48129897303116,8940,2.7000000000000002e-05
29015,320.74396689322174,170.83668583016848,17180,2.7000000000000002e-05
29159,320.5962728723843,165.30475147357555,39403,3.2e-05
29195,321.1741220935629,159.8693240931751,23756,3.3e-05
29041,323.56335595143736,155.05071125117206,8438,2.5e-05
29115,321.93988257866545,150.38074175721502,13754,2.7000000000000002e-05
29211,321.7668181336119,145.94864727055122,7219,2.3e-05
29171,322.5648933669352,142.5073450898256,5223,2.3e-05
29197,327.3674093620108,142.36321879139877,4170,2.4e-05
29001,326.7617192287837,146.0448222516461,24977,3.3e-05
29121,327.2664913542958,150.74177876158492,15762,2.7000000000000002e-05
29175,328.1722965291543,155.7459094209541,24663,2.8999999999999997e-05
29089,326.45483930132787,159.79756911826863,10212,2.7000000000000002e-05
29053,325.2864864532927,163.52452425238968,16670,2.8999999999999997e-05
29019,330.30181338417236,161.6596191483442,135454,3.7e-05
29051,330.7125514898105,167.66720236075398,71397,3.4e-05
29135,327.6311649282651,166.0060363239673,14827,2.8999999999999997e-05
29141,324.69416022430215,168.9304927678408,19309,2.8999999999999997e-05
29131,329.4969072447773,171.5533178659004,23564,3.1e-05
29029,326.1313176518757,174.20368177178952,37051,3.1e-05
29169,331.8571299716592,176.6665921588256,41165,3.1e-05
29105,328.1339140264745,178.7918916113348,32513,3.7e-05
29229,329.4476389296504,183.93489185531988,17955,2.9999999999999997e-05
29067,329.2764011548313,188.31460792148928,13084,2.9999999999999997e-05
29153,330.0066969725292,191.9871783498468,9542,2.8999999999999997e-05
29091,335.6703424668108,190.13882698140011,37238,3.4e-05
29215,334.6228769710285,183.0677084763213,23003,2.7000000000000002e-05
29161,336.1211754644215,175.76784443162282,39825,3.5e-05
29125,334.51360246081987,172.13698783173092,8903,2.8000000000000003e-05
29151,334.93008880620613,168.23507279942302,13062,2.8999999999999997e-05
29027,334.15452517021066,163.29691012881392,40766,3.2e-05
29137,332.95920507148185,154.8070663411829,9311,2.6000000000000002e-05
29205,332.043853091916,151.08607785002712,6799,2.5e-05
29103,331.2776412618993,146.63487618499718,4361,2.5e-05
29199,331.070166004498,142.47221088289098,4983,2.5e-05
29045,335.1446469431639,142.8892513249029,7416,2.6000000000000002e-05
29111,335.4646269296688,146.92066545705342,10494,2.7000000000000002e-05
29127,336.6552843937976,150.77945716657396,28289,4e-05
29173,337.9060277703,154.34464301231648,9626,2.8999999999999997e-05
29007,334.47818119630955,158.35488507430534,25853,2.9999999999999997e-05
29139,338.7296578296396,162.05578171224803,12136,2.7000000000000002e-05
29163,341.5780097709106,156.59360176390103,18351,2.8000000000000003e-05
29113,343.5454838854567,159.96257882019196,38944,3.2e-05
29219,341.74088152617736,163.83611694372783,24525,2.9999999999999997e-05
29073,338.5171695393413,168.3406064027777,15342,2.8999999999999997e-05
29055,340.9188005927986,174.47614173184806,22804,2.8000000000000003e-05
29065,339.384562134132,179.19553519451267,14927,3.2e-05
29203,340.5661963472116,184.9933440448727,8324,2.8999999999999997e-05
29149,340.6967011522616,191.0517319513288,10344,2.8999999999999997e-05
29181,346.1698087242309,191.25303292171074,13509,2.9999999999999997e-05
29035,345.0909799372312,187.4840397562453,5941,2.9999999999999997e-05
29179,344.51476928866964,181.91329603291427,6689,2.8000000000000003e-05
29093,346.32098560222704,179.40069179907326,10697,2.8999999999999997e-05
29221,345.13395443805865,174.2565236498481,23344,2.8999999999999997e-05
29071,342.9229602765662,168.16556151702315,93807,3.3e-05
29510,350.9416632486258,164.99834803834761,348189,6.9e-05
29183,347.42775513744044,163.19608197356936,283883,4.7e-05
29189,349.1897159941216,165.21338726520858,1016315,5.9999999999999995e-05
29099,348.4695965944507,169.97540161368764,198099,4.5e-05
29187,349.759486827948,175.7753301015852,55641,3.3e-05
29186,351.92527843819533,174.73683400140408,17842,3.1e-05
29123,350.9396782598304,180.19788714763428,11800,2.8999999999999997e-05
29223,350.17029227385046,184.9508767612444,13259,2.8999999999999997e-05
29023,350.75690382208603,190.09903543684197,40867,3.5e-05
29069,354.41403345157056,195.4979123531612,33155,3.1e-05
29207,355.5397354631698,187.94146051523202,29705,3.5e-05
29017,354.2270002710573,182.07344136874556,12029,2.8000000000000003e-05
29157,355.8995275933915,177.13881314573337,18132,3.1e-05
29031,357.6810007742691,181.1557685209493,68693,3.7e-05
29201,359.26114866216506,185.34386521850467,40422,3.3e-05
29133,362.2721852124197,187.91037083210028,13427,3.3e-05
28047,369.9994328199496,269.29463584634027,189601,4.1e-05
28059,375.27162369310213,268.53419885356686,131420,3.7e-05
28043,359.44573476405884,227.8530781079208,23263,4.7e-05
28161,360.2684561945717,224.55138846362868,13051,3.6e-05
28025,370.5695872807586,228.5970364929466,21979,4.2e-05
28155,365.24469591584375,229.554284738886,10294,3.8e-05
28017,368.4140663555355,225.43383480389642,19440,3.7e-05
28013,364.3592168164538,225.35695938942416,15069,3.8e-05
28115,367.3630517935951,221.3566102061744,26726,3.9e-05
28081,370.98714823017417,220.5035704434048,75755,4.5e-05
28145,367.4086457461066,217.99734334835804,25362,3.9e-05
28071,362.3907904431297,220.11221078773846,38744,4.1e-05
28137,357.4665824864595,216.56177298071748,25370,3.8e-05
28107,357.45034478540975,220.2396375101174,34274,3.7e-05
28119,353.9706594198568,221.7322729140633,10117,3.4e-05
28135,355.4852401240145,225.7573810960297,14903,3.7e-05
28083,354.48773487678045,230.88110396190223,37947,4.1e-05
28133,351.3343272350662,230.32201180385368,34369,3.7e-05
28053,352.4486980755465,236.65486334796898,11206,3.5e-05
28051,356.8303899402931,236.49116647181015,21609,3.5e-05
28015,358.62411566586366,232.06910512014755,10769,3.8e-05
28097,361.96013950367836,231.44574732864558,12189,3.9e-05
28019,365.84153121747363,233.21618696126342,9758,3.9e-05
28105,369.7625490976189,231.690409252335,42902,4.4e-05
28087,374.3022133726539,230.4782510533363,61586,4.6e-05
28095,373.5037159766448,225.35734584017933,38014,4.2e-05
28057,374.36351043874464,220.16173159931915,22770,3.8e-05
28117,372.2258430552475,216.03117799596527,25556,4e-05
28141,375.1104475524085,214.23423387450995,19163,3.7e-05
28003,371.5187319944428,212.53293743235758,34558,4e-05
28139,368.0567034404225,214.18967314434997,20826,3.6e-05
28009,365.1729124782336,213.9952019192757,8026,3.4e-05
28093,362.0138158826077,214.99243748893542,34993,3.8e-05
28033,356.45853367949013,213.66469372794305,107199,4.6e-05
28143,352.8794968870874,217.1710768883733,9227,3.3e-05
28027,350.59351514208646,222.46367769227328,30622,5.9999999999999995e-05
28011,347.806294399661,228.2294590771439,40633,3.7e-05
28151,347.54028919424667,234.86100916131184,62977,4.3e-05
28125,349.53709007207533,240.40195463327763,6580,3.5e-05
28055,347.6633083081408,242.1939379510064,2274,4e-05
28163,353.9125738198489,241.06014548731002,28149,3.9e-05
28007,362.10243077347366,237.02879601784943,19661,3.9e-05
28159,368.25041513164496,236.11434781357858,20160,5.9e-05
28103,373.3436381056371,235.44404438878743,12548,3.9e-05
28069,372.93245722344045,240.0910670198585,10453,3.7e-05
28099,367.80065233872534,240.51690877764557,28684,4.3e-05
28079,363.41625495731455,240.81957897233747,20940,3.6e-05
28089,357.77779414910964,242.81315710621246,74674,4.6e-05
28121,359.2360485655848,247.37364492207908,115327,4.8e-05
28049,354.11863445137385,247.50256522348016,250800,5.9999999999999995e-05
28149,349.04212247349875,246.5749550501445,49644,4.2e-05
28063,347.9168524259694,254.96444419004467,9740,3.5e-05
28021,348.939946879815,251.75044246345996,11831,3.6e-05
28029,354.0213325147306,252.8405856501712,28757,3.9e-05
28127,359.6147082341011,252.00280604826972,27639,3.7e-05
28129,364.1707793340145,250.34330638798986,16182,3.6e-05
28123,363.40466336785204,245.17768733271626,28423,3.9e-05
28101,368.11845796188936,245.07267070286244,21838,3.7e-05
28075,373.05281128281683,244.6280766101429,78161,4.6e-05
28023,373.09733585049594,249.29148239179747,17955,3.6e-05
28061,368.4678506848542,249.98722888536315,18149,3.7e-05
28067,368.3067482873668,255.131220309552,64958,4.5e-05
28031,364.10058559574793,255.37020224798496,19407,3.5e-05
28065,361.28981497943863,256.3382590075525,13962,3.3e-05
28077,358.12910944545234,256.7786297563594,13258,3.4e-05
28085,354.11876421826975,257.07977425131605,33166,3.9e-05
28037,349.5015682160028,258.202542956792,8448,3.5e-05
28001,344.1256281671888,258.86193810334845,34340,4.1e-05
28157,344.95543504503263,262.64484759310903,10312,3.2e-05
28005,350.6691223454679,262.05190481574573,13599,3.2e-05
28113,355.1262879908837,261.79033254007686,38940,4e-05
28147,358.5914740297053,261.9658659360609,15156,3.4e-05
28091,361.580388409835,260.7199869207082,25595,3.6e-05
28073,364.93731760543585,260.6505022445369,39070,3.7e-05
28035,367.59916715713206,260.70323184247957,72604,5e-05
28153,373.480564779842,254.445517423945,21216,3.6e-05
28041,374.5105907593264,259.9554435324056,13299,2.9999999999999997e-05
28111,370.62010974099485,260.7201513498154,12138,3.4e-05
28131,369.6040588227484,265.86033416367883,13622,3.2e-05
28109,364.56273505198914,266.52629865577234,48621,3.4e-05
28045,365.76788081335593,270.74906541717303,42967,2.9999999999999997e-05
28039,374.7797308458374,264.4909614570963,19144,2.9999999999999997e-05
30091,220.09227779627625,33.278237894536105,4105,1.2e-05
30085,215.6529707312136,38.50618096481082,10620,1.3000000000000001e-05
30031,156.2642097266519,67.77300310354191,67831,2e-05
30057,149.21260811552432,68.42642365931799,6851,1.3000000000000001e-05
30007,155.213246308849,56.15032578735877,4385,1.6e-05
30043,149.87413860195784,57.396763206421404,10049,1.4000000000000001e-05
30093,144.32920259043942,59.83502106658414,34606,2e-05
30023,140.98058178643092,56.804535783994524,9417,1.4000000000000001e-05
30001,141.13001884731634,69.50721343562448,9202,1.3000000000000001e-05
30081,131.67914999293114,55.000697415185535,36070,1.6e-05
30039,138.50010741067172,51.950125566101114,2830,1e-05
30049,149.0685513555519,44.20970632794989,55716,2e-05
30077,143.77721584317757,46.41381203474092,7180,1.4000000000000001e-05
30047,135.61445896163445,35.51016344193981,26507,1.8e-05
30063,135.2793569580684,42.454659533291675,95802,2.8999999999999997e-05
30061,125.99879634119236,39.40695298433627,3884,1.4000000000000001e-05
30089,127.04544033601792,32.961747804894536,10227,1.6e-05
30053,126.94347406630392,22.05387782342185,18837,1.9e-05
30029,137.2719059087207,27.744808856121512,74471,2.7000000000000002e-05
30035,147.2744969780051,23.472459021182576,13247,1.2e-05
30051,163.84149678818702,28.56511521842509,2158,1e-05
30101,158.5421912963286,26.40939682209401,5267,1.1e-05
30073,152.3542154441004,30.71718389341112,6424,1.2e-05
30099,152.30801551233498,35.757114719633485,6445,1.1e-05
30013,159.06468859572274,44.163637816073205,80357,2.1e-05
30059,161.22994848767615,53.185149703004114,1932,1e-05
30067,162.6749598019709,68.09002587403805,15694,1.4999999999999999e-05
30041,171.8794451865199,29.171488017506302,16673,1.7e-05
30015,167.4732110340463,37.53180735086491,5970,1.3000000000000001e-05
30045,167.61042804788642,48.499910190216205,2329,9.800000000000001e-06
30107,170.26901935167962,56.417732567629784,2259,1e-05
30097,167.91186543021513,65.37856388207332,3609,1.1e-05
30009,175.77379968716642,73.31140932740587,9552,1.3000000000000001e-05
30095,172.26542662524741,67.5236839964158,8195,1.3000000000000001e-05
30037,175.55535128727448,58.60836601041884,1042,1e-05
30027,177.28937267138312,47.24388526807591,11893,1.6e-05
30005,181.46252966731026,33.017448770701215,7009,1.3000000000000001e-05
30071,189.87346568833405,36.39388905693807,4601,1.1e-05
30069,185.3535246007439,49.90065879417214,493,1.1e-05
30065,183.05034347213714,57.9168678527649,4497,1.4999999999999999e-05
30111,183.6289063923452,64.73757000585323,129352,2.7000000000000002e-05
30003,189.46107357012573,72.94113566631523,12671,1.4999999999999999e-05
30103,192.53534118589715,62.767792445227045,861,1.2e-05
30087,196.99577833923837,63.57714873208007,9383,1.6e-05
30033,197.15503456116562,49.10566505589095,1279,1.1e-05
30019,211.282416183372,31.598834285960088,2017,9.800000000000001e-06
30105,201.27596746682627,36.027719380508515,7675,1.4000000000000001e-05
30055,207.5462537325584,45.931807573815604,1977,1e-05
30079,210.23728360501633,55.95535505596165,1199,1.1e-05
30075,206.2341235318073,74.79506197621278,1858,1.1e-05
30017,208.38193081268776,63.42519641477677,11696,1.9e-05
30011,216.13976002847568,73.97425472295588,1360,1.1e-05
30025,218.26809735408108,64.07848575932293,2837,1.1e-05
30109,220.40301613403147,55.468133460925124,1068,1.1e-05
30021,214.88863448381585,50.94317421324584,9059,1.6e-05
30083,218.4211275979164,45.418692196490746,9667,1.4999999999999999e-05
37043,421.7482900360752,205.33212038518639,8775,2.6000000000000002e-05
37113,424.92394336093076,203.50068024564084,29811,2.6000000000000002e-05
37175,431.3199561749941,201.8748766521888,29334,2.8000000000000003e-05
37099,427.83829806970857,201.640207501124,33121,2.5e-05
37087,428.60499348351374,197.63152698884127,54033,2.5e-05
37173,423.19019068641785,199.46500076452136,12968,2.2e-05
37075,420.48203567535217,201.40684427400402,7993,2.4e-05
37039,418.5448606853724,204.41713715931328,24298,2.7000000000000002e-05
37121,436.25897761522566,190.52572467076072,15687,2.4e-05
37199,435.0434084658679,192.12200064144955,17774,2.3e-05
37115,431.11525535229487,193.25297608203653,19635,2.5e-05
37021,433.36000708886087,196.3321633046151,206330,3.5e-05
37089,434.252363625405,199.63002858489537,89173,3.1e-05
37149,437.77386755320015,199.9876503698974,18324,3.2e-05
37161,439.8328475803372,198.0207761915252,62899,3.7e-05
37111,438.2908041533214,194.14171065306442,42151,3.2e-05
37011,438.57746337378614,189.21863763101013,17167,2.3e-05
37189,440.62120374992486,186.9098894100549,42695,2.9999999999999997e-05
37003,446.5135395613272,190.2373624011717,33603,3.4e-05
37009,442.38171063142823,184.09575965934056,24384,2.3e-05
37005,446.00611846958634,182.83546847731049,10677,2.3e-05
37193,446.1182649797817,186.55715670425118,65632,3.1e-05
37027,442.6423972044606,190.38666007345532,77415,3.3e-05
37023,441.7077110320423,193.13394486345388,89148,3.4e-05
37045,443.78025240977365,198.28632294755607,96287,4.2e-05
37071,447.64841735191203,198.14017427153541,190365,4.8e-05
37109,446.95163315482233,195.80163639029973,63780,4.1e-05
37035,446.68258872819837,193.7299685176534,141685,4.4e-05
37097,449.97612145437967,191.37617032295668,122660,4e-05
37119,451.61699490660897,198.12678818533203,695454,5.6000000000000006e-05
37159,454.06469348225966,192.72313629270448,130340,4.3e-05
37059,453.1340190728088,189.23905341528447,34835,3.7e-05
37197,451.3146950932929,186.2838388191493,36348,3.3e-05
37171,450.68196174501344,183.12707653091732,71219,3.2e-05
37169,455.20297214956713,182.43488543168945,44711,3.4e-05
37067,455.6237024748018,185.98928189593144,306067,4.3e-05
37057,456.8687779569922,190.37221823840832,147246,4.6e-05
37167,457.4575340371319,196.51238941299243,58100,3.9e-05
37025,454.1846462313984,195.91224333195183,131063,4.7e-05
37179,455.20669576728517,200.9672693556657,123677,4.2e-05
37007,459.6271307855384,200.40811989439774,25275,3.9e-05
37157,459.9458794207667,181.70757577842602,91928,3.6e-05
37081,460.4983984985408,185.79241994225663,421048,4.8e-05
37151,461.1154744341238,190.55820600446816,130454,4.2e-05
37123,460.9559361476705,195.6142293154944,26822,4e-05
37153,462.95207416116915,199.3907089870747,46564,4e-05
37165,466.20060958767533,201.16336440903197,35998,4.2e-05
37033,464.43701611797127,180.9717057371912,23501,3.3e-05
37001,464.5234518566344,185.4746718359592,130800,4.1e-05
37125,465.67581123042487,195.0522756646299,74769,3.9e-05
37093,468.5145777644426,198.39169357040603,33646,4.3e-05
37155,470.7159862632013,202.98438779573453,123339,3.7e-05
37047,476.6189633831172,206.90291974445344,54749,2.8999999999999997e-05
37019,480.96668491377585,208.56261339488339,73143,2.6000000000000002e-05
37129,484.48552474630617,206.36508245536405,160307,3.3e-05
37017,476.42050260464276,202.30717979925183,32278,3.1e-05
37051,472.9983561173584,197.2905203954361,302963,4.3e-05
37037,467.11288641789116,189.70225015103298,49329,3.6e-05
37085,471.5474385188105,193.264737087765,91025,3.6e-05
37105,468.2773306193058,192.32375617716286,49040,3.9e-05
37135,467.38234689352066,184.77722037990375,118227,4e-05
37145,468.10553209895136,180.36376755509258,35623,3.3e-05
37063,469.9104903132264,184.62492702389838,223314,4.3e-05
37141,483.51398920619727,202.2910659926854,41082,2.8000000000000003e-05
37163,477.7906321647332,197.4737420747021,60161,3.1e-05
37191,480.3649367714505,191.60249589195962,113329,3.2e-05
37101,476.275906537393,190.1464646117198,121965,3.7e-05
37183,472.7327597977095,187.31859493495574,627846,4.4e-05
37077,471.6618252382914,180.73628435701053,48498,3.4e-05
37181,473.7697914373238,179.58741644065086,42954,3.6e-05
37185,476.7193810911414,178.62748939776955,19972,3.5e-05
37069,475.90293418073014,183.11277208096345,47260,3.4e-05
37127,479.1607134124418,183.7755360702245,87420,3.6e-05
37131,483.2713010797313,176.96316093094484,22086,3.5e-05
37083,481.76733999355764,179.56746835271613,57370,3.8e-05
37065,483.20567144308654,183.8234906770627,55606,3.3e-05
37195,480.4201891198389,187.12217533451584,73814,3.6e-05
37079,483.46753932770304,189.46841304636246,18974,2.8999999999999997e-05
37107,484.55623498208354,192.46630288940705,59648,3.2e-05
37103,487.8804683399416,194.7670612305729,10381,2.5e-05
37061,482.0896228641775,196.99065373816586,49063,2.8000000000000003e-05
37133,487.86533917190224,198.4878442960201,150355,2.6000000000000002e-05
37031,495.7766122521413,195.69580949430372,59383,2.2e-05
37137,494.08189093160934,191.69493824280025,12934,2.2e-05
37049,490.8452715625468,193.17639103007875,91436,2.6000000000000002e-05
37147,486.0891603803842,187.44346743044258,133798,3.5e-05
37117,488.36648481892854,183.67241207304872,25593,2.8999999999999997e-05
37041,492.7380290919402,178.5689811418386,14526,2.3e-05
37091,488.3134149273077,176.70973005641113,22601,2.8999999999999997e-05
37015,489.17438531310006,180.59751020884545,19773,2.6000000000000002e-05
37073,490.91973409956114,175.23569135192002,10516,2.5e-05
37029,496.23219964778895,175.03012441576726,6885,2.3e-05
37139,495.4411115411333,176.11590058210635,34897,2.5e-05
37143,494.3702111650031,177.72161564004512,11368,2.2e-05
37013,491.8647934138652,187.58565180235408,44958,2.8999999999999997e-05
37187,493.8252884630053,182.89832941376667,13723,2.4e-05
37177,497.74385256136077,182.0198211640495,4149,2e-05
37055,503.0226849499029,182.5159832694659,29967,1.9e-05
37053,498.6782410756648,174.52597608686568,18190,2.2e-05
37095,499.2824258528528,186.7328517243301,5826,1.9e-05
38017,282.4310396916459,59.35984880597081,123138,2.9999999999999997e-05
38077,284.9952195512495,67.96007211359054,17998,2e-05
38013,237.4455273010479,33.70704061686123,2242,9.3e-06
38023,229.15164483088944,32.83378686893752,2283,9.3e-06
38105,228.6254131357071,39.10641330418996,19761,1.9e-05
38061,238.0778888965335,41.54109186572223,6631,1.2e-05
38053,228.95172070204032,46.39854955290965,5737,1.4999999999999999e-05
38025,235.25420083031284,51.67270888489932,3600,1.1e-05
38089,234.3504986348745,58.889464575214404,22636,2e-05
38033,223.98100862197842,56.54116407768218,1924,1.1e-05
38007,228.2323102447477,55.94668694349237,888,1.1e-05
38011,226.01289422900413,67.28127197919655,3242,1.4999999999999999e-05
38087,226.74309313047837,63.01349969589387,767,1.1e-05
38041,235.79106045627162,63.98055763184207,2715,1.1e-05
38001,235.0096156792271,68.10963394727196,2593,1e-05
38057,242.37067539074192,53.067737877240795,8644,1.6e-05
38037,243.192360923451,65.02580474989736,2841,1e-05
38085,247.10799717619454,68.99322923593546,4044,1.3000000000000001e-05
38059,246.196666716915,61.14927085045175,25303,2e-05
38065,246.15995706999738,55.6983055636436,2065,1.1e-05
38075,245.13629413836625,35.53512809849589,2610,9.4e-06
38101,244.5996045589104,40.452834330535715,58795,1.8e-05
38055,246.22959371477882,49.49393085947806,9311,1.3000000000000001e-05
38009,252.01768366926655,34.79590675964564,7149,1.3000000000000001e-05
38049,253.17789633663872,41.739536611077796,5987,1.2e-05
38083,255.30822580121887,50.25673908070768,1710,9.800000000000001e-06
38015,253.83187816617703,57.77494358845554,69416,2.3e-05
38029,255.4385706708236,66.68453187371024,4331,1.3000000000000001e-05
38051,262.58764345251547,69.41217146531682,3390,1e-05
38047,262.5125579606496,64.93060113290319,2308,1e-05
38043,259.98511308440516,58.15739944940473,2753,1e-05
38103,261.31563197873663,50.38387276252978,5102,1.3000000000000001e-05
38069,259.23375776196565,41.84933993740661,4675,1.4000000000000001e-05
38079,260.39283263207193,35.229216053919565,13674,1.2e-05
38095,265.46202796759087,36.50779724222982,2876,1.2e-05
38005,264.82790526757947,44.583704816408975,6964,1.2e-05
38027,268.05497930098227,48.97769563828296,2757,1.2e-05
38031,268.1255482714816,52.30926017380805,3759,1.4000000000000001e-05
38093,267.22512623579144,58.45204777145751,21908,1.7e-05
38045,270.8400265693455,65.23115949508427,4701,1.3000000000000001e-05
38021,270.9948734207713,69.69348708643146,5757,1.4000000000000001e-05
38081,278.877556936694,69.91600856168638,4366,1.4000000000000001e-05
38073,278.68181128956843,65.41606378765286,5890,1.4000000000000001e-05
38003,275.0885840530248,59.18152013320753,11775,1.7e-05
38039,273.849212544513,52.46933847064293,2754,1.3000000000000001e-05
38091,278.37986635881026,52.57403247350747,2258,1.1e-05
38063,274.3370041410104,46.44838686523838,3715,1.2e-05
38071,269.8784575671729,42.10254505762611,12066,1.4999999999999999e-05
38019,272.24896312485254,35.614768578910045,4831,1.2e-05
38067,280.073260841927,35.840726910117844,8585,1.3000000000000001e-05
38099,278.5483843692209,40.876133431491816,12389,1.4000000000000001e-05
38035,280.8107943760065,46.74479363782103,66109,2.2e-05
38097,283.29120152633067,52.69882015324837,8477,1.4999999999999999e-05
31045,226.1593950749421,111.27364708799057,9060,1.7e-05
31165,220.13201332046032,113.8790390926317,1475,1.1e-05
31147,296.4261229482382,147.6215902432921,9531,2.2e-05
31133,291.1702680835548,147.40480216979543,3087,2.1e-05
31127,295.1361744428685,144.09326721271262,7576,2.2e-05
31097,290.90603938988,144.01013802361157,4488,2.1e-05
31131,292.35364012449435,140.74410707831404,15396,2.4e-05
31025,292.02028353351574,137.2514030400167,24334,2.8999999999999997e-05
31153,292.52156587374316,134.673246831549,122595,4.9e-05
31055,291.81864123274823,132.21805865354764,463585,6.2e-05
31177,291.47896803783163,129.2295473950197,18780,2.8000000000000003e-05
31021,290.1569288732884,125.0750100723857,7791,1.9e-05
31173,288.20824410335916,121.10765688490524,7171,1.9e-05
31043,288.4169364017283,118.21307191202663,20253,3.2e-05
31051,285.3741802589974,116.47644917857471,6339,1.8e-05
31179,282.92424665647184,120.3298164668424,9851,2e-05
31139,278.1702371921976,119.6831832188475,7857,1.8e-05
31027,281.6201950024212,115.31486436792498,9615,1.7e-05
31107,275.4936339946457,114.57102190851387,9374,1.7e-05
31053,287.30364548021726,128.8115303663412,36160,2.8000000000000003e-05
31037,283.02821458133997,128.60991974594614,10441,1.9e-05
31039,285.85579017241827,124.34826369358058,10203,1.8e-05
31167,282.08548511977614,124.1475396320278,6455,1.9e-05
31119,278.2031795526416,124.09175381944073,35226,2.4e-05
31003,273.82520635697654,120.635620615007,7452,1.7e-05
31011,273.6671616549255,126.72707192593106,6259,1.7e-05
31141,278.8560702997287,128.66413090797604,31662,2.4e-05
31155,287.28368233350346,133.27535021805087,19830,2.3e-05
31159,282.4382472345955,137.7129877707672,16496,2.4e-05
31023,282.6194728324547,133.03137831655098,8767,1.9e-05
31143,278.41927142841644,133.55036657611396,5639,1.9e-05
31185,278.00776844657173,137.64715227926584,14598,2.2e-05
31081,274.0213327860724,137.31088379454425,9403,1.9e-05
31125,274.0981262832907,130.86392372946682,4038,1.8e-05
31121,273.7759707123257,133.4164275292525,8204,1.9e-05
31079,269.2272425265011,137.46306895046726,53534,2.6000000000000002e-05
31093,269.2143816792286,132.94459553784412,6567,1.7e-05
31163,264.7852289943126,132.80923963148615,3318,1.9e-05
31015,267.1568010163025,111.12456658120306,2438,1.3000000000000001e-05
31089,267.11783926154425,116.87906059117596,11551,1.6e-05
31175,264.887672776957,128.29763645942288,4647,1.6e-05
31077,269.2779462128201,128.43647014080878,2714,1.3000000000000001e-05
31183,269.3353764831345,123.9290945155436,886,1.2e-05
31071,264.9207275730485,123.80375540914109,1902,1.2e-05
31115,260.4968263992974,123.66079764726317,712,1.2e-05
31149,260.8012575222109,117.01064779739737,1756,1.2e-05
31103,258.47820354382594,111.00797957505905,983,1.2e-05
31017,256.1644679215023,116.648001831615,3525,1.2e-05
31009,255.510357454128,123.4713321821264,583,1.2e-05
31041,257.62478002101244,130.3019728836849,11793,1.6e-05
31019,263.67716594446864,137.4762037399514,42259,2.2e-05
31047,256.49693877059144,137.10558097868145,24365,2e-05
31137,260.217918145968,141.86626455678086,9747,1.9e-05
31099,264.78556220377493,142.03897656967368,6882,1.7e-05
31001,269.12861597066444,141.9810611563621,31151,2.5e-05
31035,273.50908378174756,142.0843494657071,7039,1.8e-05
31059,277.93980435332384,142.16792767739832,6634,1.9e-05
31151,282.37392177495843,142.2356651335079,13843,2.2e-05
31109,286.81410067044214,138.9056533239463,250291,6.1e-05
31067,286.7522488432471,145.6906872728314,22993,2.9999999999999997e-05
31095,282.3073843992853,146.7630250048039,8333,2.3e-05
31169,277.8765155100769,146.6943817041023,6055,1.9e-05
31129,273.4489751311756,146.60798657082688,5057,1.9e-05
31181,269.0153594300495,146.50061519548294,4061,1.8e-05
31061,264.58520573031643,146.3741870307829,3574,1.7e-05
31083,260.1672316527788,146.22299049393783,3786,1.7e-05
31073,255.9829817289733,141.78263614589795,2143,1.3000000000000001e-05
31065,255.19554515676617,146.03282351106526,5324,1.6e-05
31145,249.67354787479698,145.7997016099574,11448,1.9e-05
31087,244.15504348707972,145.51538153793214,3111,1.2e-05
31057,237.8394539709713,145.154059475275,2292,1.2e-05
31063,250.78458099318107,141.25163922638674,3099,1.3000000000000001e-05
31085,244.21140383561303,140.9858522393117,1068,1.2e-05
31029,238.0073704305776,140.64489144012074,4068,1.2e-05
31135,238.72439872368403,136.42804551782518,3200,1.2e-05
31111,247.63757416283667,134.36897700778977,34632,2e-05
31101,239.0377689728817,131.99115513792916,8875,1.9e-05
31113,250.47816673678187,127.75356067541014,774,1.2e-05
31117,244.93337113265832,127.45291784986871,533,1.2e-05
31005,238.8399840685732,127.09452494963293,444,1.1e-05
31171,249.98540381627583,123.21597108931351,729,1.2e-05
31091,244.45537937605658,122.90905937279972,783,1.1e-05
31075,238.68582844088448,122.59665826382714,747,1.1e-05
31049,232.3226195271777,132.63718509032333,2098,1.2e-05
31069,232.78790747829888,126.01441049244384,2292,1.1e-05
31033,226.00348840442246,130.8022966015645,9830,1.7e-05
31123,226.38303388638775,124.33944110771742,5440,1.2e-05
31105,219.10101624487064,130.52712803304138,4089,1.3000000000000001e-05
31007,219.50375353183148,126.01709060139125,819,1.1e-05
31157,219.8505092469394,122.08218805913008,36951,1.8e-05
31013,226.17533639631444,117.80230438183365,12158,1.6e-05
31031,245.05943204847358,114.75834289794722,6148,1.1e-05
31161,232.83436732541233,114.53371268546744,6198,1.4000000000000001e-05
33007,517.3894089765546,58.66337718102921,33111,2.3e-05
33009,515.4331608609943,69.75410462494838,81743,3.2e-05
33017,524.5657553261631,75.53017470124287,112233,3.8e-05
33015,524.9537561864504,79.66940006997504,277359,4.3e-05
33005,514.8972513458102,83.19665908993096,73825,3.4e-05
33019,513.8180656376863,77.99032631343238,40458,3.2e-05
33011,519.9389629346808,82.16577898345258,380841,5e-05
33001,520.3595238834654,73.90446768707349,56325,4e-05
33013,518.8500272692804,77.2303069821128,136225,3.9e-05
33003,521.1037930432128,68.75916147605112,43666,2.8000000000000003e-05
34025,504.338343153763,121.5345900673623,615301,4.3e-05
34029,505.1680834511186,126.51930793770313,510916,3.6e-05
36085,504.3558057266719,117.31880251090037,443728,7e-05
34013,502.96138556789964,114.91491351665778,793633,7.099999999999999e-05
34039,502.6008305950762,116.61809175917982,522541,7.3e-05
34017,504.5396354367313,115.18447017751694,608975,9.1e-05
34003,503.88231712681505,112.31935266585378,884118,6.9e-05
34023,502.26193182605795,119.36989501606509,750162,5.9e-05
34035,500.0199497289032,118.40226643730844,297490,4.4e-05
34027,499.7346470572323,114.61077938260176,470212,4.4e-05
34031,501.809769222279,111.9916351716004,489049,6.3e-05
34037,497.61692174054184,111.25785983688124,144166,3.2e-05
34041,495.37969518490524,115.79808868865702,102437,3.6e-05
34019,497.1557330326707,119.08813374429245,121989,3.6e-05
34021,499.96496080456467,122.23476269167429,350761,4.6e-05
34007,498.9790944726877,128.8376812033869,508932,5.6999999999999996e-05
34015,497.3902047410244,130.37344986568252,254673,4.4e-05
34033,496.05147777540395,132.54721488017304,64285,4e-05
34011,498.6180015305957,134.51196445651723,146438,3.4e-05
34009,502.36596265639633,136.7528150547285,102326,2.9999999999999997e-05
34001,502.5944010030792,132.1672609452475,252552,3.4e-05
34005,501.5517290628872,127.36747592439433,423394,4.6e-05
35025,213.4619756222545,239.6934481992272,55511,2.3e-05
35015,203.6488825300405,242.91642798369114,51658,2.5e-05
35028,186.6440597470855,197.02509362238976,18343,1.6e-05
35039,184.54665945201785,189.2997296939028,41190,1.8e-05
35045,167.36008714253427,186.13496735187192,113801,2.4e-05
35031,166.0295235282743,198.75425409122468,74798,2e-05
35001,182.00104594532846,207.23413318734856,556678,3.7e-05
35061,179.94859222862004,211.30515834621318,66152,2.3e-05
35006,167.07416154910666,207.29624236344742,25595,1.9e-05
35051,173.20326735036022,231.30899871249198,13270,2.3e-05
35053,178.00419136301227,220.39620703893226,18078,2e-05
35003,161.86090885401873,219.71719108227737,3543,1.2e-05
35017,160.13542750329853,235.84434774999735,31002,2e-05
35023,155.18500302022665,243.9836454195189,5932,2.1e-05
35029,165.9317790059817,242.6074993732204,25016,2.4e-05
35013,176.4467440091928,241.59116315771493,174682,3.4e-05
35055,194.55618246230927,188.5993600510222,29979,1.6e-05
35049,189.6414014135039,201.87917793844173,129292,2.6000000000000002e-05
35035,188.76935540174145,239.54721510111358,62298,2.2e-05
35057,189.55918948901348,213.15306064424968,16911,1.7e-05
35027,192.11371868982718,225.5368932189721,19411,1.7e-05
35007,204.63249201390926,189.22322279188975,14189,1.6e-05
35033,200.3749134305957,196.62896036740975,5180,1.1e-05
35059,216.7505981726481,192.65482014247613,4174,1.1e-05
35021,212.18912029414184,199.56861132703673,810,1.2e-05
35047,201.9559106983483,203.92990161424,30126,1.9e-05
35037,214.60043384932357,208.9846302544811,10155,2.2e-05
35019,201.13514177836757,211.95238823478917,4680,1.3000000000000001e-05
35011,204.635779216628,218.50274004614482,2240,1.3000000000000001e-05
35009,216.01224835295102,216.4874590342565,45044,2.1e-05
35041,213.58834475327203,223.0669616391607,18018,2e-05
35005,202.43331967149388,231.52817655984933,61382,2.4e-05
35043,180.6592525663953,197.09624238713752,89908,2.5e-05
32007,107.19712797476356,115.18579144711428,45291,1.6e-05
32033,107.88604751834995,137.71066782098603,9181,1.3000000000000001e-05
32003,98.87518814966049,179.97559364322709,1375765,4.9e-05
32017,103.38569416409395,160.15024938348415,4165,1.3000000000000001e-05
32009,76.46725406278871,153.72986410389598,971,1.2e-05
32023,88.54420749404017,154.19439685417402,32485,2e-05
32011,96.12258531302263,127.47017078119879,1651,1e-05
32015,88.4449555125027,126.6568436967696,5794,1.4999999999999999e-05
32021,71.05632613125445,141.02753909524895,5071,1.6e-05
32005,60.83096153448533,134.50592517173234,41259,2.2e-05
32510,59.93582967056942,130.77656601749229,52457,2.8999999999999997e-05
32019,65.1321749473899,133.4406287632657,34501,2e-05
32001,74.65190476441794,128.4855566469098,23982,1.9e-05
32027,77.03479132272757,117.4721305727135,6693,1.2e-05
32029,63.20964216694978,127.64654558582815,3399,2.2e-05
32031,65.51864853914992,112.77850734640774,339486,3.5e-05
32013,82.78775358549956,107.0370077437564,16106,1.7e-05
36019,496.30340857690607,63.66829303002154,79894,2.6000000000000002e-05
36031,497.18236644466947,71.70152068642744,38851,1.8e-05
36073,459.03519105972697,91.41890861515294,44171,2.6000000000000002e-05
36037,459.87751483494543,94.61305374769351,60370,2.7000000000000002e-05
36121,460.40629056271376,98.36507577383243,43424,2.2e-05
36051,464.63476400507994,97.26003928196545,64328,2.5e-05
36093,498.71874996717753,88.60255338229045,146555,4.2e-05
36057,494.72021851630234,88.39274128254631,49708,2.9999999999999997e-05
36035,494.3324660542795,85.68837561304781,55073,3.1e-05
36099,473.120882317986,94.7603360573884,33342,2.8000000000000003e-05
36069,468.54871934514534,95.01974490569741,100224,3.2e-05
36123,470.72770541705773,97.24419323187205,24621,2.4e-05
36097,473.9326095644466,99.94990128843041,19224,2.3e-05
36109,477.09612365187655,98.14060441616232,96501,3.9e-05
36011,475.1722610086517,91.92767762715128,81963,3.1e-05
36067,478.3432386130498,90.77700543501972,458336,4.3e-05
36023,480.6682708400925,95.71895178029888,48599,3.5e-05
36017,485.2662779987278,96.09953526953824,51401,2.9999999999999997e-05
36053,483.54191959034296,90.78179884583392,69441,2.7000000000000002e-05
36065,484.70498968567836,86.18990215738951,235469,3.6e-05
36049,483.09559795038115,79.18909425657075,26944,2e-05
36043,488.4916554082096,82.99472395300597,64427,2.9999999999999997e-05
36077,490.03172394746946,93.1437828298692,61676,2.8000000000000003e-05
36095,495.6799917191056,92.2394926959688,31582,2.3e-05
36001,499.9957373015743,91.32524860133984,294565,4.9e-05
36091,499.5704121046029,84.57928903693241,200635,4.3e-05
36113,498.49243451733946,79.04216674632502,63303,3.8e-05
36041,492.2733851304119,78.77047641555694,5379,1.4999999999999999e-05
36033,491.0484705578637,66.99628819906108,51134,2.2e-05
36089,484.5453436081257,69.5667515370732,111931,2.4e-05
36045,478.1658351267238,77.331116038261,111738,2.4e-05
36075,477.82052858857213,85.26299936107246,122377,2.9999999999999997e-05
36117,470.3357193856997,90.37609728835365,93765,2.8999999999999997e-05
36055,464.3185680597192,91.85543398698094,735343,4.4e-05
36063,454.4237083736428,92.88686662756508,219846,4e-05
36029,455.3141332802553,98.27869447619487,950265,5e-05
36013,450.90339718760526,106.32643386192035,139750,3.1e-05
36009,457.12019550525434,104.80922662596964,83955,2.8999999999999997e-05
36003,463.35322059428285,103.66209125784005,49927,2.2e-05
36101,469.5911625615641,102.46935004226786,98726,3.1e-05
36015,475.5113775900671,102.69360482940144,91070,3.7e-05
36107,479.5910894771678,101.44393162309277,51784,2.9999999999999997e-05
36007,484.3085385736145,100.60646759004624,200536,3.8e-05
36025,492.2328555556085,98.41424283807682,48055,2.3e-05
36105,495.3821938337202,104.22587669708632,73966,2.5e-05
36039,499.6184994340727,95.70783273616449,48195,2.6000000000000002e-05
36061,505.6453052290963,114.25180842032437,1537195,0.00015
36111,499.2742144155529,100.84816988739685,177749,3.3e-05
36005,506.3351010170888,113.08089210978113,1332650,0.00011
36047,505.93554694945067,115.99808781277555,2465326,9.8e-05
36087,503.8639672312052,109.69725516667931,286753,4.9e-05
36059,509.1486640615049,114.05936803430541,1334544,7.6e-05
36071,500.31604246814817,107.10188073381686,341367,3.7e-05
36081,506.97143863158624,115.26931250202804,2229379,8.9e-05
36103,515.7291154660144,110.64040848138531,1419369,6.3e-05
36119,506.2385590416535,109.1491980866679,923459,6.500000000000001e-05
36079,505.5573263905686,105.67341143228177,95745,4.8e-05
36027,504.61585493063575,101.24882460741699,280150,4.1e-05
36021,504.2520077070896,94.90969656187252,63094,2.9999999999999997e-05
36083,503.9321868383582,88.97665089506503,152538,4.7e-05
36115,502.6859128435651,80.8056818872233,61042,2.9999999999999997e-05
39155,439.70178599494585,120.25272064330828,225116,3.7e-05
39007,439.05428315346296,115.14914450544576,102728,2.8999999999999997e-05
39087,427.6971023043608,157.64446289726254,62319,4.6e-05
39145,422.905358929152,155.94663846550915,79195,3.7e-05
39001,418.0399814531923,156.16566330199518,27330,2.7000000000000002e-05
39131,421.63291157324124,152.36782528508274,27695,2.9999999999999997e-05
39079,426.0077350296824,152.3609904726166,32641,2.9999999999999997e-05
39053,429.5072484006427,154.60290598988757,31069,3.4e-05
39105,432.16976257879236,151.0729511395525,23072,2.8999999999999997e-05
39163,427.15617230778383,149.47537602072103,12806,2.6000000000000002e-05
39167,436.51616723573767,145.43939358870003,63251,3.7e-05
39009,431.35296679616135,147.5345041559449,62223,3.2e-05
39073,426.8352461985947,146.13343575468843,28241,2.8000000000000003e-05
39141,421.38466137551706,148.99641642791522,73345,3.1e-05
39071,416.17719327341376,151.65104329306678,40875,2.7000000000000002e-05
39015,414.00877438830366,155.10545231189428,42285,2.8000000000000003e-05
39025,411.08501290496315,154.23524911747205,177977,4.1e-05
39061,406.9614085899996,152.8565164775525,845303,5.4000000000000005e-05
39027,413.5977447834731,149.02805747286328,40543,2.8999999999999997e-05
39165,410.201417490932,149.26656857876617,158383,4.2e-05
39017,406.1736185693882,149.6248010101617,332807,4.9e-05
39135,405.0149837727302,145.73954195642543,42337,2.8999999999999997e-05
39113,408.61595237454736,145.1662661441913,559062,4.4e-05
39057,412.64460835428434,145.53319090231858,147886,3.7e-05
39047,416.9104733746423,146.6909180127752,28433,2.8000000000000003e-05
39129,421.2900275774349,145.1335340410676,52727,2.9999999999999997e-05
39045,424.7751372510321,143.0485906017197,122759,3.6e-05
39127,428.44498346829147,142.60483446338876,34078,2.7000000000000002e-05
39111,439.8689286948721,141.12495535321258,15180,2.5e-05
39121,436.2448429319527,141.10517412408674,14058,2.5e-05
39115,432.53967065313566,143.52781882161395,14897,2.5e-05
39119,431.0562188183974,139.35365775014535,84585,3.1e-05
39013,440.1837333642948,137.25364818527814,70226,2.8999999999999997e-05
39067,438.63791555354635,133.8397949391676,15856,2.4e-05
39059,435.17751728475156,137.71268997566193,40792,2.8999999999999997e-05
39031,430.6862571340863,134.98561050354417,36655,2.8000000000000003e-05
39089,425.47352942153685,138.47904280579877,145491,3.6e-05
39041,420.1239410348697,136.80447839117122,109989,3.8e-05
39049,420.7244976862678,140.80181719099818,1068978,5.2000000000000004e-05
39097,416.9260178752388,142.2797156714831,40213,2.9999999999999997e-05
39023,413.0656163597667,142.42423417616956,144742,3.5e-05
39021,412.89558129271035,139.66382162643754,38890,2.7000000000000002e-05
39109,408.68800860278964,141.37770157502936,98868,3.1e-05
39149,408.41099437272635,137.67753212796273,47910,2.8000000000000003e-05
39037,404.72340696786506,140.71088657557837,53309,2.7000000000000002e-05
39107,404.006189271859,135.6324886038718,40924,2.5e-05
39011,407.94466029650965,134.8052306521473,46611,2.6000000000000002e-05
39091,412.6580494597793,136.44784124549028,46005,2.6000000000000002e-05
39159,416.57769281583643,137.16162424570828,40909,2.8999999999999997e-05
39101,418.20564913147933,132.97120039668317,66217,2.8000000000000003e-05
39117,421.62743890110465,133.39628072222035,31628,2.6000000000000002e-05
39083,425.35116127938426,134.63426891792395,54500,2.7000000000000002e-05
39075,430.1514996979872,131.7214067379233,38943,2.5e-05
39157,434.6107373539809,132.6716105437797,90914,2.8000000000000003e-05
39019,437.87500545271416,130.39483854333326,28836,2.6000000000000002e-05
39081,441.47753776438634,132.30526400338698,73894,4.5e-05
39029,440.5782593632716,127.36052805249321,112075,3.2e-05
39151,434.9315858343889,127.6458230976095,378098,3.8e-05
39169,429.85282680172605,128.23427544251578,111564,2.8999999999999997e-05
39005,426.3115781893226,128.79703996792756,52523,3.1e-05
39139,423.77096489164285,129.81583633985642,128852,3.3e-05
39033,419.95660655639665,129.34306680868696,46966,2.8000000000000003e-05
39175,416.35570690491204,130.0030072550841,22908,2.3e-05
39065,413.22854930662766,132.72134260200588,31945,2.5e-05
39003,408.6596343235278,131.8568795886074,108473,3.3e-05
39063,412.54527295198784,128.3654943074552,71295,2.8000000000000003e-05
39137,408.03429791200966,128.65423306940892,34726,2.4e-05
39161,403.96743988006347,131.47295129544798,29659,2.7000000000000002e-05
39099,440.07473493880417,124.20643659483869,257555,3.7e-05
39133,435.72991757558486,122.74720496264088,152061,3.4e-05
39153,432.6156394992637,123.56888080996806,542899,4.2e-05
39103,429.24333349722656,124.4655987748204,151095,3.5e-05
39077,422.5150667330226,125.09913735853573,59487,2.6000000000000002e-05
39147,417.4776218798925,126.10695078334676,58683,2.8000000000000003e-05
39143,416.86282164127334,123.04695347593436,61792,2.8000000000000003e-05
39173,412.3631750307927,123.63264871224634,121065,3.3e-05
39069,407.91307868211334,124.48704221698401,29210,2.6000000000000002e-05
39125,403.4646361300528,127.93712529467271,20293,2.3e-05
39039,404.1175986728486,125.27206323952272,39500,2.7000000000000002e-05
39055,435.3467336557288,118.37750214783392,90895,2.9999999999999997e-05
39085,434.5465452845743,116.00647919095958,227511,3.9e-05
39035,430.87505905560374,120.23411829576945,1393978,5.7999999999999994e-05
39093,426.5797418565514,122.60660510256467,284664,3.9e-05
39043,421.69092361252814,122.20356538893287,79551,2.8999999999999997e-05
39123,417.12126705648467,120.8198363630365,40985,2.7000000000000002e-05
39095,412.072858066526,120.37480466695746,455054,4.6e-05
39051,407.1508760573267,121.1688025453106,42084,2.7000000000000002e-05
39171,402.8515958648024,122.28179799945272,39188,2.7000000000000002e-05
40139,237.21596476146098,189.75586060751357,20107,2.2e-05
40025,226.6756538546065,189.08390199442985,3148,1.4999999999999999e-05
40115,305.6816337805685,190.18479234226086,33194,3.1e-05
40035,301.6512689593584,191.19922019690185,14950,3.1e-05
40097,301.4460735919992,197.2148649775356,38369,3.4e-05
40041,305.8543152952101,195.73984130582286,37077,3.1e-05
40001,307.41382998586425,202.4881107645526,21038,3.1e-05
40021,303.78277106436286,202.2796298558806,42521,3.4e-05
40135,306.4446595246655,207.49075772160015,38972,3.6e-05
40061,302.60743265366784,211.10216573894127,11792,3.1e-05
40079,307.12985861020445,214.94922167709302,48109,3.5e-05
40077,301.47797963221853,215.62122384733985,10692,3.2e-05
40121,296.3788565273418,214.8492163196512,43953,5.2000000000000004e-05
40029,290.410881852404,219.27848340129725,6031,3.2e-05
40005,293.193230457223,221.93520425506028,13879,2.9999999999999997e-05
40127,300.06531761165195,221.68989285327888,11667,3.2e-05
40089,306.59530859370125,225.49970420081652,34402,3.7e-05
40023,298.19599873378974,226.6969220397052,15342,3.3e-05
40013,291.1777247406635,227.71033128350064,36534,3.3e-05
40095,285.31551298033384,226.81721166636208,13184,3.1e-05
40069,286.40116522335467,222.93034753437408,10513,2.8999999999999997e-05
40123,286.1656321677605,217.63431536971802,35143,3.4e-05
40049,279.80484133264343,217.89603607365214,27210,2.9999999999999997e-05
40099,282.12105381959566,220.73164898650543,12623,2.9999999999999997e-05
40085,280.11584721008666,227.82843966172783,8831,2.9999999999999997e-05
40019,279.88928929449366,223.5128883488779,45621,3.3e-05
40067,274.07292222517947,225.66222076543224,6818,2.6000000000000002e-05
40137,273.8554417402507,220.75199712927,43182,2.8999999999999997e-05
40033,268.585516463182,223.2554916199344,6614,2.4e-05
40031,267.405483325481,218.18482002831882,114996,3.3e-05
40141,262.55067945820764,221.63307133091945,9287,2.4e-05
40065,257.42940735077747,218.9864207122404,28439,2.5e-05
40075,262.09053818035994,214.81970363855882,10227,2.1e-05
40055,255.97801649842899,214.2377115512449,6061,2.1e-05
40057,252.9646875961841,216.3620474136608,3283,2.2e-05
40101,299.6466174270854,206.22793551096044,69451,3.5e-05
40091,296.90723846702,209.2948693435064,19456,3.3e-05
40063,290.8830886870801,213.4583555653416,14154,3.2e-05
40133,287.1235006605366,211.6856006466701,24894,3.2e-05
40125,283.8947535525205,211.14072641650557,65521,3.2e-05
40027,279.46021068567813,211.37421654585145,208016,3.9e-05
40087,278.9874440952143,213.91548122267463,27740,2.9999999999999997e-05
40051,273.69994375345186,213.6551276776596,45516,2.9999999999999997e-05
40015,268.6299680873495,211.31831128263505,30150,2.5e-05
40017,272.9735442873091,206.97702825491334,87697,3.2e-05
40109,278.82777243275433,206.82265105936446,660448,4.4e-05
40081,284.3236415711733,204.92377294195927,32080,2.9999999999999997e-05
40107,290.1253178802292,208.1578082221862,11814,2.9999999999999997e-05
40111,293.8777325336091,205.82488209546705,39685,3.4e-05
40145,298.4222496974766,201.38210326953387,57491,3.6e-05
40131,297.76662725326895,196.3775061413659,70641,3.7e-05
40105,297.50292904104094,190.7247377693013,10569,3.1e-05
40147,294.5088895308965,191.81742780968452,48996,3.6e-05
40143,293.7361771199333,199.38517110301154,563299,5.1e-05
40037,289.8090688006866,202.3314598611232,67367,3.6e-05
40119,283.36761430359934,199.97806194998128,68190,3.1e-05
40083,278.59084562516773,201.9858900421872,33924,3.1e-05
40073,273.3581196166183,201.61160575497874,13926,2.4e-05
40011,268.26862227526095,202.45657355247798,11976,2.2e-05
40149,262.25130278910757,209.8523608765023,11508,2.1e-05
40009,254.98929436220791,209.85135449956508,19799,2.3e-05
40039,262.2801595800095,205.2994923772596,26142,2.3e-05
40043,262.33548039847506,200.7658799362926,4743,2e-05
40129,255.30552457044445,204.30769196074283,3436,1.4999999999999999e-05
40045,254.80952998780728,197.61005044739383,4075,2e-05
40153,259.79984019847956,194.73142005557148,18486,2.2e-05
40093,267.2275091602363,196.58220662154324,7545,2.2e-05
40047,275.11332178201906,196.00912261790103,57813,2.8000000000000003e-05
40103,280.92548841137506,196.1843751273981,11411,2.7000000000000002e-05
40117,286.1989348597151,197.21740036430785,16612,2.9999999999999997e-05
40113,289.14561614468863,193.08797948350815,44437,3.6e-05
40071,281.82808608850405,190.4129437230051,48080,3.3e-05
40053,275.18040391810297,190.5881831743928,5144,2.3e-05
40003,269.6524370996783,191.31949842410518,6105,2.2e-05
40151,263.79700760616896,190.67687876760917,9089,2.3e-05
40059,255.86178929098728,190.17230472933446,3562,1.9e-05
40007,247.57357954608582,190.28481960231446,5857,1.8e-05
41007,48.22537460763153,35.66932725212707,35630,1.7e-05
41009,52.83325443937989,37.70747784640653,43560,2.6000000000000002e-05
41015,30.887562706541384,77.55389676262071,21137,1.8e-05
41011,33.940426836103285,69.70531845108445,62779,2.5e-05
41033,35.541280341589264,80.61456455136427,75726,3.7e-05
41029,43.519836232952365,81.96438103610335,181269,5.1e-05
41019,42.321023473559606,69.84011410106604,100399,2.8999999999999997e-05
41035,54.40642156548897,81.16921995748298,63775,3.7e-05
41037,66.0843528488846,83.61376872715658,7422,1.8e-05
41025,79.53115058703568,83.62973756158455,7609,1.4999999999999999e-05
41045,92.50034032222479,84.7184061635099,31615,2.8999999999999997e-05
41001,96.42198711297922,65.82865088501894,16741,2e-05
41063,102.82938802388165,55.212473109101545,7226,1.4999999999999999e-05
41061,95.48041394717346,57.21754061101584,24530,1.9e-05
41023,84.27890272634805,65.76941435265101,7935,1.3000000000000001e-05
41069,75.45672067744023,60.282752375692574,1547,1.2e-05
41013,70.5664502239582,66.6223482984728,19182,1.8e-05
41017,63.52670021292006,68.14680871178565,115367,3.6e-05
41031,65.42279659518977,58.80185984578453,19009,2e-05
41043,52.419058359566115,57.15229391515742,103069,3.9e-05
41039,46.91680611427918,62.67858360016489,322959,4e-05
41003,44.56471188613402,54.715738255933076,78153,3.3e-05
41041,41.31161281314998,51.63523558377889,44479,1.8e-05
41053,46.212476326787964,49.60861431416625,62380,3.4e-05
41071,48.14896782409507,45.81842001150754,84992,3.6e-05
41047,54.05661409960278,51.91105521052347,284834,4.8e-05
41005,57.39890176180037,49.03492721325159,338391,6.6e-05
41059,89.47452312594449,52.72488912889472,70548,2.3e-05
41049,81.7533092168659,52.3369004422831,10995,1.7e-05
41021,76.02510127061491,51.105868966487506,1915,1.2e-05
41055,72.07069894336547,50.16992423888821,1934,1.2e-05
41065,67.12294082819537,52.034885124193345,23791,3.1e-05
41027,63.82518134222345,46.60205059321912,20411,2.2e-05
41051,57.328007494834935,44.14957803501296,660486,9.300000000000001e-05
41067,51.18513159737493,42.33960144479247,445342,7.3e-05
41057,45.45010121385524,42.37497644692203,24262,1.4000000000000001e-05
42101,496.5746775452577,126.53153430009041,1517550,5.7999999999999994e-05
42017,496.10118242207045,122.53324922587713,597635,4.3e-05
42059,447.87195897600367,138.2270193406357,40672,2.7000000000000002e-05
42051,453.34047641936303,136.31344064231465,148644,3.2e-05
42125,446.7967825730694,133.86269556921346,202897,4.1e-05
42003,448.99689759625085,129.86225995177566,1281666,6.1e-05
42007,444.9333771166805,127.75942346908384,181412,3.8e-05
42073,444.5059345917446,123.77194588115302,94643,2.9999999999999997e-05
42019,448.75148900110815,124.14088929380623,174083,3.3e-05
42005,452.77224266100393,124.01650594030001,72392,2.8000000000000003e-05
42031,452.711490560929,119.50286697146872,41765,2.4e-05
42053,453.7515788949743,115.47922379712531,4946,2e-05
42121,449.1267485163666,117.63340930202995,57565,2.9999999999999997e-05
42085,444.5132142891185,119.66917031434079,120293,2.7000000000000002e-05
42039,445.2564161800762,114.45543668318213,90366,2.3e-05
42049,445.26617595277503,110.41629138048859,280843,3.4e-05
42129,454.21161752699095,130.86910924229332,369993,4.1e-05
42063,457.03093022124807,125.9729264931743,89605,3.1e-05
42065,456.9328268658802,119.82803128280436,45932,2.6000000000000002e-05
42123,452.7258281317736,111.49742604235644,43863,2.3e-05
42083,459.3105909969351,110.408952141071,45936,2.2e-05
42023,463.6041082397387,114.56513676022514,5974,2.1e-05
42047,459.46475579339796,115.52783475038136,35112,2.4e-05
42033,462.24403648130067,120.59464223255677,83382,2.6000000000000002e-05
42013,464.6820414657462,126.63962928159992,129144,2.9999999999999997e-05
42021,461.1111634332014,127.37708208197485,152598,2.5e-05
42111,459.2931420623012,134.52898185959657,80023,2.6000000000000002e-05
42009,464.38197997525015,133.15226815399708,49984,2.6000000000000002e-05
42057,468.1295418921437,133.66218596482804,14261,2.5e-05
42061,468.43314153229016,126.81094321452132,45586,2.6000000000000002e-05
42055,471.8337814014835,132.8207737533292,129313,2.9999999999999997e-05
42087,471.33213197535173,123.91822263833618,46486,2.8999999999999997e-05
42105,465.8907920934522,109.87799358415144,18080,1.8e-05
42035,469.5023221781274,116.15675800460804,37914,2.7000000000000002e-05
42027,468.9981857727928,120.28682930533662,135758,3.4e-05
42119,475.65680033857706,118.47657656209142,41624,2.8000000000000003e-05
42093,479.40201614331846,116.8547524661271,18236,3.2e-05
42117,471.74132496844607,108.44556538851285,41373,2.2e-05
42081,474.87445092353516,113.51817714030528,120044,3.1e-05
42131,484.1887978563727,109.26802158237645,28080,2.4e-05
42113,479.5557107989092,111.08385559520012,6556,1.9e-05
42037,481.6436279153664,116.02202360555012,64151,2.8000000000000003e-05
42097,479.0473581623941,118.90830598837812,94556,2.9999999999999997e-05
42109,476.1786850394549,120.76941570678244,37546,2.8999999999999997e-05
42067,473.6578184875605,124.60600301185602,22821,2.4e-05
42099,475.2733556040184,126.04862029483395,43602,3.1e-05
42041,475.8732590264238,128.97988223176247,213674,3.9e-05
42001,476.9854098694197,132.62718440227658,91292,3.3e-05
42133,481.6605873277018,131.04815831812795,381751,4.4e-05
42043,479.8891114006717,124.84934379223259,251798,4.4e-05
42075,483.06337459619164,124.80827945010506,120327,3.6e-05
42071,485.7700780758175,128.51823487617253,470658,4.4e-05
42011,487.609395056362,123.07692205765127,373638,4.6e-05
42107,484.2955850556362,119.9744341915113,150336,2.8000000000000003e-05
42025,488.63439489755797,116.17304721799131,58802,2.8000000000000003e-05
42079,485.4018832995454,113.51735930638635,319250,3.3e-05
42069,488.1540212274334,109.62346805908187,213295,3.4e-05
42015,478.6465340457843,106.79564004070757,62761,2.6000000000000002e-05
42115,485.2696830664528,104.9951553147858,42238,2.3e-05
42127,490.2493310869784,106.64660393796154,47722,2.4e-05
42103,493.768045138193,109.5978549895573,46302,2.4e-05
42089,491.8324442069803,113.65859177021406,138687,2.7000000000000002e-05
42095,492.85820023267286,117.43871257185377,267066,4e-05
42077,490.49640113336136,119.97116152284458,312090,4.2e-05
42045,494.42069719124703,128.41192928140572,550864,5.2000000000000004e-05
42091,493.9310522441601,124.64620976500356,750097,4.5e-05
42029,490.7567565284545,128.62826875126692,433501,4.3e-05
44003,524.9852326927379,97.44238134443435,167090,3.3e-05
44007,524.4507004475087,95.06913321024521,621602,4.4e-05
44001,527.6518692554752,96.46778855488719,50648,3.4e-05
44005,528.642047127239,98.24444913133684,85433,2.7000000000000002e-05
44009,525.2490368280736,99.98549950933632,123546,2.8999999999999997e-05
45077,432.6076139462132,205.9812128344291,110757,4.3e-05
45073,429.3405098542717,207.80006250186162,66215,3.9e-05
45013,458.4375207343515,234.72543228027047,120937,2.8000000000000003e-05
45049,453.5583306729808,230.53110222750274,21386,3.2e-05
45053,455.41225187026765,235.02180920156133,20678,2.8999999999999997e-05
45067,469.6673090700151,211.10521164079566,35466,3.4e-05
45033,468.5438019100674,206.69053402043903,30722,3.7e-05
45051,473.71414853705903,211.8295716064167,196629,2.8999999999999997e-05
45019,466.18945438390784,227.08830775870254,309969,3.6e-05
45035,460.52847377083816,225.3075317135873,96413,3.8e-05
45015,465.31116668418633,223.00859489594524,142651,3.8e-05
45043,471.1623020001485,218.70453708833838,55797,2.7000000000000002e-05
45027,461.47122411356696,217.1397951398501,32502,3.3e-05
45089,466.6516892505291,217.09165337641116,37217,3.1e-05
45041,466.09661405497496,212.0590322211901,125761,3.7e-05
45069,464.77822060678886,204.705164036467,28818,3.7e-05
45031,462.4108969225149,208.54143861336783,67394,3.9e-05
45061,459.99666835448687,211.3060639807515,20119,3.4e-05
45055,455.79227967471235,209.24856039846813,52647,4e-05
45085,459.2518330969162,214.39267745017173,104646,4e-05
45017,455.01079974879735,218.25754782115,15185,3.5e-05
45029,458.79859274694377,229.02397269754545,38264,3.4e-05
45005,450.5829356753654,228.05562298876686,11211,3.5e-05
45009,453.28996257448097,224.4643444112373,16658,3.3e-05
45075,455.82498739724286,221.36129357216666,91582,3.8e-05
45011,449.2287279104448,224.73974402901646,23478,3.7e-05
45003,446.6670055064542,221.40300877509438,142552,4.8e-05
45063,449.9936738823943,216.25485964716862,216014,4.8e-05
45079,453.18061120787866,213.8409478723,320677,5.4000000000000005e-05
45039,450.2043748719377,209.52473253530917,23454,3.6e-05
45071,445.3755916654827,211.77672985432014,36108,3.8e-05
45081,444.60720722498763,215.64069514913692,19181,3.5e-05
45037,442.717181011274,218.95926978436464,24595,4.1e-05
45065,439.0897182220888,218.0783690717242,9958,3.7e-05
45047,440.08908836946534,214.30245426004547,66271,4e-05
45059,440.9038641677096,209.78236655037475,69567,3.9e-05
45001,436.6662861261224,213.81297922657103,26167,3.9e-05
45007,434.1358765968115,210.49654401840144,165740,4.6e-05
45087,444.54901744836684,206.72109672736283,29881,4.1e-05
45025,459.48693422299,204.89974583649843,42768,3.9e-05
45057,453.6412578754438,204.7743571992256,61351,3.9e-05
45023,449.2657794315835,205.90105263613682,34068,4e-05
45091,448.3772690211542,202.3555315987112,164614,4.7e-05
45021,443.89695209740256,202.05680070984263,52537,4.2e-05
45083,440.2478534450983,204.179100277147,253791,4.8e-05
45045,436.05057628928085,205.17163787766307,379616,5.2000000000000004e-05
46105,234.81592354529351,75.98697904245067,3363,1e-05
46063,225.69343346999943,74.13774423727735,1353,1e-05
46033,224.4581675047076,98.61513730761291,7275,1.8e-05
46047,223.0110748875193,104.27917468246322,7453,1.7e-05
46113,232.3452050406755,103.75977885940578,12466,1.4000000000000001e-05
46007,240.37416154618273,106.05779024243509,3574,1.4000000000000001e-05
46095,249.24706926804456,101.47904894508804,2083,1.1e-05
46121,249.2694595029385,106.5697350258379,9050,1.4000000000000001e-05
46123,257.2164970174454,104.73872996991298,6430,1.6e-05
46053,264.15177589176056,107.40160413769848,4792,1.4999999999999999e-05
46015,264.93993068542176,100.37900631471157,5364,1.6e-05
46003,269.64312873048505,100.55545767137858,3058,1.2e-05
46035,273.5197134493236,101.20777804356193,18741,2.1e-05
46043,271.32931439616124,104.91874301408087,3458,1.6e-05
46023,268.82695252338254,106.87993973543215,9350,1.6e-05
46009,275.635246719581,110.2027285025178,7260,1.7e-05
46135,280.2656483925513,110.35226274776329,21652,2.2e-05
46067,277.0868641309052,105.67237555735035,8075,1.6e-05
46061,276.8481099714868,101.279466864098,3139,1.8e-05
46087,280.74570328222353,101.35145410614244,5832,1.6e-05
46125,282.726330933491,106.16691793010618,8849,1.7e-05
46027,284.3939150551553,111.2610176908925,13537,2.3e-05
46127,287.52890415524257,112.65674841960391,12584,2e-05
46083,286.7701319829625,106.60134267168651,24131,2.2e-05
46099,286.12419791753496,101.40870853095385,148281,3.1e-05
46085,258.2760375194021,98.06598407472201,3895,1.6e-05
46075,250.0927003536481,96.61422181804869,1193,1.1e-05
46071,241.2056136761273,99.54893749094292,2930,1.1e-05
46117,250.63532927502845,91.01719428557081,2772,1.2e-05
46055,242.70136810613724,91.7586404880855,2196,1.1e-05
46103,230.0536956111744,94.6579165768568,88565,2.4e-05
46081,221.90886063915198,89.7623055728757,21802,1.8e-05
46019,224.84983094399743,82.846901874615,9094,1.7e-05
46093,231.4369134845837,87.6681770376354,24253,1.8e-05
46137,241.8668342950875,82.83795460523677,2519,1.3000000000000001e-05
46041,248.97095925593933,81.4229503419741,5972,1.4000000000000001e-05
46129,256.88585968384325,77.9463155668916,5974,1.4999999999999999e-05
46107,257.3100686445526,82.75774775192701,2693,1.1e-05
46119,255.18529487764232,87.06531041210212,1556,1.1e-05
46065,256.5001433570576,91.61900794396593,16481,1.9e-05
46017,263.6799316072544,95.71014053024795,2032,1.4999999999999999e-05
46073,269.14126597921427,96.02905185737929,2295,1.2e-05
46111,274.1272206228727,96.70506502416096,2675,1.2e-05
46097,278.5768826905156,96.81911743878813,2884,1.2e-05
46079,283.0300425430215,96.88335424500538,11276,1.9e-05
46101,287.2749887734528,96.9123136186628,6595,1.6e-05
46011,286.20327878449024,92.41618328929428,28220,2.2e-05
46057,282.58876827448034,88.4473219270366,5540,1.4999999999999999e-05
46077,279.7422979657709,92.33970544485358,5815,1.4999999999999999e-05
46005,272.39244455870715,91.68873820584595,17023,2e-05
46069,261.44630286356136,89.54562810341862,1671,1.2e-05
46059,265.84042686718396,89.7376074979644,3741,1.4999999999999999e-05
46045,264.3060993904942,78.4101892395315,4367,1.4000000000000001e-05
46049,264.7990276419838,82.9133374241593,2640,1.1e-05
46115,272.0469945877582,84.8416873651374,7454,1.4999999999999999e-05
46025,277.66974558479603,86.0032638011938,4143,1.4000000000000001e-05
46029,282.63451746064567,84.52328075803264,25897,2.4e-05
46039,287.3713933947969,87.38406484717375,4498,1.4999999999999999e-05
46051,286.18577471911806,82.08204405653183,7847,1.4999999999999999e-05
46037,278.901241132504,79.43882729181225,6267,1.4000000000000001e-05
46109,285.3590208022004,76.40729393328219,10016,1.4999999999999999e-05
46091,279.09782339751615,74.45398690165318,4576,1.4000000000000001e-05
46013,272.203436482278,76.43595560495069,35460,1.9e-05
46089,264.4131390873606,73.9275293090153,2904,1.1e-05
46021,256.57464805712107,73.5480203043588,1782,1.1e-05
46031,246.732613835428,73.97845892694862,4181,1.3000000000000001e-05
47163,434.2873916791757,184.10230782089337,153048,4.7e-05
47091,438.766428117946,184.41192294761157,17499,2.3e-05
47109,371.32338956216347,208.7683209072982,24653,3.5e-05
47023,370.4248358278479,205.6844913693801,15540,3.5e-05
47069,366.81402073969116,208.78866035203396,28105,3.5e-05
47047,362.43418325372187,209.18568121031063,28806,3.6e-05
47075,363.3333290545175,204.0048285219368,19797,3.5e-05
47113,367.86454051905923,203.26049596604233,91837,4.3e-05
47033,364.5627598359264,200.7227479163209,14532,3.2e-05
47053,366.63437911985045,198.3851038365243,48152,4.6e-05
47017,371.7308295661439,198.5391976554649,29475,3.5e-05
47183,368.5154362871858,194.20736270820197,34895,3.4e-05
47131,364.163035912893,193.8611055588203,32450,3.3e-05
47095,360.5654851128374,194.2136812817096,7954,2.8999999999999997e-05
47045,361.418164494577,198.00015447849475,37279,3.5e-05
47097,359.6287288421443,202.16361446416832,27101,3.5e-05
47167,358.30669745762987,205.64519125265312,51271,3.7e-05
47157,357.0846484864203,209.88513265124874,897472,5.5e-05
47077,372.7010817658918,202.53068487061933,25522,3.6e-05
47079,372.97658543875684,193.57881330756044,31115,3.8e-05
47005,375.6783471327261,196.61274539259568,16537,3.5e-05
47039,375.55863819896035,202.70532212341868,11731,3.4e-05
47071,375.189789963032,208.1663490208249,25578,3.8e-05
47099,383.41296563773614,207.19210968738327,39926,3.6e-05
47181,379.27141649369605,207.41897093747085,16842,3.2e-05
47101,382.1938978858863,203.27973504191868,11367,3.2e-05
47135,378.099084766706,202.201351921221,7631,3.2e-05
47081,382.0327252928184,199.637876295532,22295,3.2e-05
47085,378.6089712404306,196.8902074411393,17929,3.4e-05
47083,378.6690912652729,193.66559002815367,8088,3.2e-05
47161,377.41057610720827,190.86624638817327,12370,3.2e-05
47125,382.1215638229595,190.5257221686197,134768,4.4e-05
47147,387.3691711001688,189.60274722129483,54433,3.8e-05
47021,385.2288943647648,193.25237948050068,35912,4e-05
47043,382.79168502841856,195.0404540242536,43156,4.2e-05
47187,387.58986315325564,197.89635669493418,126638,4.5e-05
47119,386.1408846267744,201.68173360114662,69498,3.8e-05
47117,389.6791647721915,203.12407726925738,26767,3.6e-05
47055,387.1992935548625,207.1227533136699,29447,3.4e-05
47103,391.9421853307484,207.3741534986824,31340,3.4e-05
47127,394.12620510091034,205.20100447643597,5740,3.3e-05
47003,392.74758722419966,202.21388429007058,37586,3.7e-05
47149,392.7791305408304,198.0990823191092,182023,5e-05
47037,388.50517480687483,194.38132087831985,569891,6.1e-05
47165,391.5922802642383,190.1962296191527,130449,4.6e-05
47189,393.735239334004,193.97004064033695,88809,4.1e-05
47015,396.59172837107764,198.17121173952881,12826,2.9999999999999997e-05
47031,396.82952529186167,202.36800661649173,48014,3.4e-05
47051,397.09888216690194,206.7316684431479,39270,3.4e-05
47115,401.8552557725814,206.45831935063302,27776,3.5e-05
47153,403.7672698033947,203.09988851451175,11370,2.9999999999999997e-05
47061,400.38168374262665,203.27015982366046,14332,2.8999999999999997e-05
47175,403.0060195710204,199.015798098156,5508,2.8999999999999997e-05
47177,399.8703422928716,199.6374294300618,38276,3.4e-05
47185,402.54395024974406,196.10474806745805,23102,3.1e-05
47041,398.59541808412115,195.71994367278157,17423,2.9999999999999997e-05
47141,402.2639320958498,193.30745791073983,62315,3.4e-05
47169,394.8981656765383,190.6992176518053,7259,3.2e-05
47111,396.18028138099066,188.72555461534827,20386,2.9999999999999997e-05
47159,397.09395092928634,192.31375585121646,17712,3.1e-05
47087,399.84258067473513,190.5977176328112,10984,2.9999999999999997e-05
47133,403.8844844558519,190.6223220318012,20118,2.8999999999999997e-05
47027,400.8547487472537,188.10913049655602,7976,2.8000000000000003e-05
47137,406.0587613894036,187.37467917145986,4945,2.8000000000000003e-05
47007,405.9320556361239,199.85209497781798,12367,2.8999999999999997e-05
47049,407.2631185707513,189.7822373128783,16625,2.8000000000000003e-05
47035,407.15043740425597,195.26516536037215,46802,3.3e-05
47143,408.6635768466937,199.48018082787758,28400,3.5e-05
47121,409.9722125479356,200.5677724963219,11086,3.4e-05
47065,406.6172799053128,205.4357117956853,307896,6.1e-05
47011,409.89323490289337,205.2999544284343,87965,4.2e-05
47139,413.44310734147774,205.3402991710436,16050,3.1e-05
47123,415.72303821520086,200.82236962485285,38961,3.3e-05
47107,412.06133820974713,201.4734621348,49015,3.7e-05
47145,412.4322758720973,195.80637635492883,51910,3.6e-05
47129,410.6292082266708,192.38445181632184,19757,2.8999999999999997e-05
47151,411.60738317222894,188.31837868930089,21127,3.2e-05
47013,415.32251723527764,188.2430271186309,39854,3.2e-05
47001,415.34265615161695,191.98910058877158,71330,4e-05
47105,414.38842160977583,197.14991221190047,39086,4.2e-05
47009,418.79056754906287,197.257723057722,105823,4e-05
47155,422.66179913853836,195.3589425071732,71170,3.5e-05
47093,417.9220726945126,193.34192990555493,382032,5.6000000000000006e-05
47173,418.7551184024748,189.26951853465698,17808,3.5e-05
47025,419.91472010765216,186.51469599937397,29862,2.9999999999999997e-05
47067,425.01377123522786,185.2230171344874,6786,2.7000000000000002e-05
47057,422.1223480236589,189.21238993071202,20659,3.1e-05
47063,424.68282905535216,189.78901656126092,58128,4.1e-05
47089,423.2082353826694,191.97829514819085,44294,3.5e-05
47029,426.5806034842282,192.9649247676984,33565,3.1e-05
47171,433.48388421712417,189.55438927973395,17667,2.8000000000000003e-05
47073,427.53123724068803,186.19321056581865,53563,3.5e-05
47059,429.1485563664461,189.35186373343862,62909,3.4e-05
47179,432.19916521154295,187.32018175775485,107198,4e-05
47019,436.2371469078746,186.605380599193,56742,3.1e-05
48037,310.53308570172413,234.07636031355358,89306,4.4e-05
48387,303.65378970042264,232.02557999123775,14314,3.4e-05
48107,236.87500993861875,230.4775812312551,7072,1.9e-05
48303,231.31752881066942,230.2069456720861,242628,2.9999999999999997e-05
48219,225.73882240184903,229.87780149636916,22716,2.8000000000000003e-05
48079,220.5619294216997,229.58189004578603,3730,1.4000000000000001e-05
48153,237.17247198007442,224.55197101059017,7771,1.8e-05
48189,231.6130074293017,224.24882869981982,36602,2.7000000000000002e-05
48279,226.04901940124756,223.91948543697208,14709,1.8e-05
48017,220.97225474551402,223.56512572903839,6594,1.9e-05
48045,238.5024600296217,218.67718700297613,1790,1.4000000000000001e-05
48437,232.95127463254536,218.35722339300048,8378,2e-05
48069,227.398142129349,218.00738583365086,8285,1.9e-05
48369,221.88793678650342,217.63191283200212,10016,1.8e-05
48011,237.2482882182878,212.95906946227973,2148,1.4000000000000001e-05
48381,231.59060494159823,212.61119975509015,104312,2.7000000000000002e-05
48117,224.16895000901886,212.12030052229943,18561,2.2e-05
48065,237.60455312263943,207.27584520791862,6516,1.9e-05
48375,231.9749619803281,206.97358370880298,113546,2.8999999999999997e-05
48359,224.59303596229265,206.4357094877656,2185,1.3000000000000001e-05
48233,237.91693901467391,201.61648983584342,23857,2.3e-05
48341,232.3351087044577,201.31818695958813,20121,2.3e-05
48205,224.98081711589265,200.7979128908661,5537,1.4000000000000001e-05
48195,238.23752178905042,195.94514673053337,5369,2.1e-05
48421,232.6849853417903,195.6155126986508,3186,1.4999999999999999e-05
48111,225.41409422728702,195.1479931768393,6222,2e-05
48229,190.73982981397202,255.29575310417005,3344,1.4999999999999999e-05
48141,181.78341983644586,250.0878702123589,679622,4.3e-05
48305,231.0214147169605,235.81767884223225,6550,1.9e-05
48445,225.44898174996175,235.4931569423816,12761,2.7000000000000002e-05
48501,220.1693602399614,235.14203361600087,7322,2.3e-05
48115,229.2582504802327,241.33488411142102,14985,2.7000000000000002e-05
48165,221.8422099167678,240.86726214229992,14467,3.6e-05
48317,228.86688623961197,246.96569205586442,4746,2e-05
48003,221.4242713478223,246.4878571298479,13004,5.3e-05
48329,227.63854535244027,252.5509885300617,116009,3.1e-05
48135,222.06331362017116,252.18219985329517,121123,3.6e-05
48103,222.0533687560152,258.17337350021717,3996,1.9e-05
48377,201.15772909316325,274.45592068313,7304,1.4999999999999999e-05
48109,199.8016014176897,256.2239135245753,2975,2e-05
48475,215.24932439753877,256.2605613036032,10909,2.6000000000000002e-05
48495,216.52211681793042,251.92617829326733,7173,2.8000000000000003e-05
48301,210.5102254995889,251.49412780188567,67,1.6e-05
48389,209.19131761029655,257.6869011204368,13137,2.5e-05
48243,202.8590979001064,265.70796149603126,2207,1.2e-05
48043,212.59136765772496,278.04314579529915,8866,2e-05
48443,225.75699126613569,273.5901828597364,1081,1.4999999999999999e-05
48371,219.74326891715768,266.54985935747766,16809,2.2e-05
48461,227.11326341977866,258.98490516921487,3404,2.1e-05
48383,232.8025500200198,259.37284778899914,3326,1.7e-05
48173,233.20933738647167,252.88425173592518,1406,1.4999999999999999e-05
48227,234.4591868886005,247.29981136368664,33627,2.8999999999999997e-05
48033,234.82841786329362,241.65168634822197,729,1.6e-05
48169,236.57191073120643,236.0945955133471,4872,2.5e-05
48415,240.3951726234193,241.92643878378442,16361,2.4e-05
48335,240.04031576847854,247.6103097122969,9698,2.2e-05
48431,238.33811042420518,253.7418306347184,1393,1.4999999999999999e-05
48235,238.69235069066792,260.5064790560548,1771,1.4999999999999999e-05
48105,232.14665408966502,267.1001569758321,4099,1.4999999999999999e-05
48465,235.85620450559043,278.7825740820598,44856,2.6000000000000002e-05
48505,256.68511001406847,316.65138076816896,12182,2e-05
48247,262.28929410987024,316.18243239843946,5281,1.8e-05
48427,261.68708262732656,322.276280855462,53597,2.2e-05
48489,274.7769799280324,323.3150870115196,20082,1.6e-05
48215,268.1952262316069,324.57228173887387,569463,2.6000000000000002e-05
48047,267.6748650221232,316.5103008089784,7976,2.3e-05
48261,275.09807379228937,317.3739560348348,414,1.3000000000000001e-05
48273,274.71686846874053,311.4753327879386,31549,2.7000000000000002e-05
48249,269.5151700771284,308.01668691894463,39326,2.5e-05
48355,276.341257177592,307.62099048950057,313645,3.5e-05
48409,276.05708421465437,304.1757727904314,67138,2.3e-05
48057,286.1059305864967,298.58453415014355,20647,2.5e-05
48391,280.39026628680426,300.40745939958754,7828,2.2e-05
48025,273.57816805132904,298.71291424803934,32359,2.5e-05
48297,269.35672989825724,299.35829827392223,12309,2.2e-05
48311,264.21611587438207,299.5615940481055,851,1.6e-05
48131,264.67617377974847,308.2703298396357,13120,2e-05
48479,254.4526843228213,306.3105633410408,193117,3.3e-05
48283,258.145847531148,299.4315522492656,5866,2.2e-05
48127,250.70498147134307,298.16074840155653,10248,2.3e-05
48323,244.58725947898893,294.1967707226095,47297,2.7000000000000002e-05
48271,243.72339855220318,285.91447582324065,3379,1.6e-05
48137,245.78054321557198,277.80199253779074,2162,1.4000000000000001e-05
48385,250.77711725446258,279.982088651144,3047,1.4999999999999999e-05
48463,251.1143623530595,286.17135559597864,25926,2.5e-05
48507,250.89278934869333,292.4792020076982,11600,2.3e-05
48163,258.2755035452685,292.7260822052238,16252,2.2e-05
48175,277.22923992488535,295.85403425785734,6928,2.2e-05
48469,282.3782856784202,294.24671332801154,84088,2.9999999999999997e-05
48123,278.07320174930567,290.52697839232985,20013,2.3e-05
48255,272.60478822322966,292.4115441453756,15446,2.3e-05
48493,269.9816271418306,288.98818245236026,32408,2.5e-05
48013,264.82393503252644,292.5922841322346,38628,2.5e-05
48325,258.6876133773457,286.16476458358363,39304,2.4e-05
48019,257.32685144420185,281.51771176172775,17645,2.3e-05
48265,256.30765966818024,277.34484393005766,43653,2.5e-05
48171,260.68126918804774,274.13763287044344,20814,2.1e-05
48031,266.79459660387454,275.02045755884706,8418,2.2e-05
48259,263.15656304484884,278.98022854189844,23743,2.7000000000000002e-05
48029,265.22709825663475,285.42863403512365,1392931,5e-05
48187,271.45265059738085,283.8003534680958,89023,2.9999999999999997e-05
48091,267.6219078503974,280.92669033700054,78021,2.9999999999999997e-05
48209,270.8681967460397,277.8660160246851,97589,3.5e-05
48055,275.3911807316141,280.5315464624124,32194,2.8999999999999997e-05
48177,276.74652227164773,285.55814958349987,18628,2.6000000000000002e-05
48285,283.06675870391985,286.6860085201531,19210,2.6000000000000002e-05
48239,286.85360264464765,292.1610316150796,14391,2.4e-05
48321,293.17156762305564,294.381042374698,37957,2.5e-05
48481,290.89968412133527,287.9697206481101,41188,2.7000000000000002e-05
48089,287.4754554357605,283.9369894589311,20390,2.6000000000000002e-05
48021,278.75011554522615,277.3056105916443,57733,2.8999999999999997e-05
48149,283.14713767109384,280.190218316099,21804,2.7000000000000002e-05
48287,282.55833918356547,274.6225080879521,15657,2.8000000000000003e-05
48015,290.2854703421258,280.1807384297913,23590,2.7000000000000002e-05
48477,288.8459329867254,276.06078405692364,30373,3.2e-05
48473,293.93395428798834,278.46128263943655,32663,3.3e-05
48157,296.0559619835292,284.82501508489435,354452,4.6e-05
48039,299.69380263469935,288.989717243398,241767,3.8e-05
48167,306.6514686679083,286.0962696605688,250158,4e-05
48339,298.85161833507215,274.77074258786337,293768,4.5e-05
48201,300.00376066864965,280.1730889665788,3400578,5.9999999999999995e-05
48071,308.65882980033854,281.9037917256632,26031,3.2e-05
48199,311.5070279031148,274.25655816961154,48073,4e-05
48291,306.9585093839779,276.7290985270552,70154,3.5e-05
48245,313.98952717412493,280.1241539393713,252051,5.6999999999999996e-05
48361,316.9408983790282,276.97395138992044,84966,4.6e-05
48453,273.6328022088116,274.0477343319799,812280,5.2000000000000004e-05
48263,242.17224968494952,236.367703603831,859,1.6e-05
48267,252.0975822258557,271.6848126093159,4468,2.2e-05
48435,243.08571608862613,271.1156651517577,4077,2.1e-05
48413,243.32850281061025,265.98194481878795,2935,1.9e-05
48327,251.31280305681202,266.4281091362916,2360,2e-05
48319,257.7380196613064,268.8999316900599,3738,2.2e-05
48299,263.90003134700163,269.3123184831657,17044,2.5e-05
48053,269.4632140559692,268.36728238600426,34147,2.7000000000000002e-05
48491,275.71506329237013,270.4321670351424,249967,4.1e-05
48051,286.5894694178468,272.2439816335353,16470,3.1e-05
48407,302.90275563380953,271.0679986869315,22246,3.5e-05
48471,298.3446206459204,268.98982922250343,61758,3.8e-05
48185,293.6034861860914,271.8190068265216,23552,3.2e-05
48041,290.20297127413767,270.57995546216085,152415,4.6e-05
48313,294.1711648729288,266.39116495661386,12940,3.3e-05
48289,293.5520187561528,262.15966938081687,15335,3.3e-05
48395,287.88180942157925,265.40715886106915,16000,3.1e-05
48331,282.62614246856174,268.6371325222492,24238,3.2e-05
48027,277.1941906752813,265.3072335286137,237974,3.7e-05
48099,273.66215659239015,260.7770143617279,74978,3.1e-05
48281,268.9430296308108,263.0391904157848,17762,2.6000000000000002e-05
48333,264.737439141026,259.2516868612692,5151,2.3e-05
48411,262.46310995467115,263.3363357802702,6186,2.3e-05
48307,256.720987501345,262.3787979861174,8205,2.5e-05
48095,250.96940019160272,260.81163798748184,3966,2.1e-05
48451,242.94863264085305,258.96556119256127,104010,2.9999999999999997e-05
48081,244.03411995046397,253.1989262460674,3864,2.1e-05
48399,250.16510365930642,254.09491450718122,11495,2.2e-05
48083,255.79194273183444,254.99894514669566,9235,2.4e-05
48049,260.6880974944904,255.3656828659779,37674,2.6000000000000002e-05
48093,265.7273735787823,253.20278298160457,14026,2.4e-05
48193,270.32109630446814,256.4075313769413,8229,2.5e-05
48035,275.6500698057723,254.09861106301463,17204,2.7000000000000002e-05
48145,283.1841325453724,262.53887512665943,18576,3.1e-05
48309,280.35185616920967,258.52564194368017,213517,4e-05
48217,281.28512611584927,253.25457735082497,32321,3.2e-05
48293,287.098055042393,258.86330521379205,22051,3.3e-05
48161,291.93189675627707,256.67957485467133,17867,3.5e-05
48349,288.3321791008956,252.3070112515201,45124,3.4e-05
48425,274.2408695954823,250.02956535746588,6809,2.8999999999999997e-05
48139,285.00741556283015,248.32195055238518,111360,3.7e-05
48251,278.69874968795614,247.87098492848298,126811,3.8e-05
48221,273.61057796958517,247.27104101276527,41100,2.8999999999999997e-05
48143,269.3179133909511,249.6671478905605,33001,2.7000000000000002e-05
48133,262.6212513621791,248.21598300521615,18297,2.5e-05
48059,256.8431151625664,248.44955338913627,12905,2.4e-05
48441,251.22384640793567,248.2039254821967,126555,3.8e-05
48353,245.63146257855504,247.9095082842469,15802,2.6000000000000002e-05
48151,245.93764413853316,242.24430331445458,4344,2.1e-05
48253,251.59458263242263,242.54487364318402,20785,2.3e-05
48417,257.2504463880922,242.79277100963324,3302,1.7e-05
48429,262.8417316450857,242.98006174692156,9674,2.6000000000000002e-05
48363,268.50600819598856,242.8999580902896,27026,2.8999999999999997e-05
48367,273.99468306349314,242.7093170950821,88495,3.2e-05
48439,279.5389676768372,242.88945444765614,1446219,5e-05
48113,285.0801354441584,243.00379231711227,2218899,5.4000000000000005e-05
48397,289.04756703726974,241.2451304784088,43080,3.7e-05
48257,290.3893859407337,245.17027133713157,71313,3.6e-05
48379,296.05288796109335,241.84493828468362,9139,3.1e-05
48467,295.4617369228963,245.7648857495395,48140,3.5e-05
48213,294.6061179688928,250.0042376558446,73277,3.6e-05
48001,297.36138456289194,255.39002053463108,55109,3.9e-05
48225,299.7306079250789,261.8971133585123,23185,3.6e-05
48455,303.10807145150613,264.55501657008585,13779,3.7e-05
48373,306.6248848859348,268.1843319327878,41133,3.9e-05
48351,318.34226400206364,269.0062790350617,15072,3.7e-05
48241,314.97203385723117,268.96680017191585,35604,4e-05
48457,311.53703253828184,268.67372748353347,20871,3.8e-05
48005,308.9765522636341,262.460485237969,80130,4.3e-05
48403,317.14524111481563,261.24671064610743,10469,3.6e-05
48405,313.4839212755589,260.40741765559693,8946,3.7e-05
48419,313.61228209862634,255.4530602923372,25224,3.9e-05
48347,308.92672919699487,258.162063876783,59203,4.2e-05
48073,302.7468716242867,255.18642253878312,46659,3.9e-05
48365,311.9996898737098,250.61830778093045,22756,4.8e-05
48401,307.35251667872103,251.44605371267545,47372,4.2e-05
48183,306.5449193876505,246.690230093598,111379,5.5e-05
48423,301.2157216171653,247.8757270218045,174706,4.7e-05
48499,300.2839174547443,242.65515513508097,36752,3.8e-05
48203,310.949855921248,245.5813915877405,62110,5e-05
48459,304.95961486731085,243.3085497888648,35291,4.1e-05
48063,304.72109373655763,240.38436807234123,11549,3.8e-05
48315,311.27686200425654,242.4700931028685,10941,4e-05
48067,311.3105569207456,238.81390224789573,30438,4.2e-05
48343,307.1141830354692,238.40110365373226,13048,3.8e-05
48449,304.6098028457276,237.41764023360636,28118,4.3e-05
48159,301.8553591232308,237.571799229614,9458,3.7e-05
48223,298.2236886659728,238.064864346766,31960,3.9e-05
48119,297.33963876344916,235.07260164297557,5327,3.3e-05
48231,292.6438000224627,238.4706688375426,76596,3.4e-05
48085,287.32782030878144,237.56982284157348,491675,4.8e-05
48121,281.47495604605217,237.3098496919702,432976,4.5e-05
48497,275.72440655006903,237.06933501013427,48793,3.1e-05
48237,270.1431492881383,236.7420417429684,8763,2.5e-05
48503,264.53507325303855,237.22337895319407,17943,2.8000000000000003e-05
48447,258.9748856853301,237.13316962157998,1850,1.7e-05
48207,253.41358895584727,236.91932573819028,6093,2.2e-05
48433,247.79098836213203,236.6733300786507,1693,1.6e-05
48125,242.43911546281709,230.75022949222617,2762,1.4999999999999999e-05
48345,242.72773066908653,224.8225946728891,1426,1.4999999999999999e-05
48191,244.0628627077273,218.96115727192242,3782,2e-05
48129,242.94939566529249,213.2624338157501,3828,1.9e-05
48179,243.2448742155192,207.61445249776162,22744,2.4e-05
48393,243.5307426193248,201.9419802858968,887,1.4000000000000001e-05
48357,243.79416050911897,196.23183764439872,9006,2.3e-05
48295,249.38046288252326,196.50937637124585,3057,1.9e-05
48211,249.16135278708336,202.2195574158984,3351,2.2e-05
48483,248.91190410390996,207.88005398565247,5284,2e-05
48087,248.65643655676894,213.53840418486573,3206,2e-05
48075,249.06117706014572,219.21405597574693,7688,2.3e-05
48101,248.18068360942382,224.94256743601682,1904,1.4999999999999999e-05
48269,248.02349950488488,231.0152828240561,356,1.6e-05
48275,253.46943159514888,231.3897212037793,4253,2.2e-05
48155,253.4420221157217,226.58171793848743,1622,1.6e-05
48197,253.8622459458346,222.38657939255447,4724,2.4e-05
48009,264.77449520959,231.6364192776876,8854,2.5e-05
48023,259.1532597305711,231.44741413558154,4093,2.4e-05
48487,259.029183109224,225.1782526563748,14676,2.6000000000000002e-05
48485,264.79791098385374,226.7018109247529,131664,3.5e-05
48077,269.9459858232401,229.57319548231675,11006,2.5e-05
48337,275.0684221635729,230.99491327299987,19117,2.7000000000000002e-05
48097,280.6184111751057,231.30674439122063,36363,3.2e-05
48147,292.36837173670574,232.22066144057283,31242,3.1e-05
48181,286.06870434998064,231.64692423307648,110595,3.8e-05
48277,298.15490520828996,231.49400802654117,48499,3.6e-05
48007,281.9568757414176,303.2086408992256,22497,1.8e-05
48061,276.3582393004041,327.1911152111742,335227,2.5e-05
49037,152.3991209733887,170.06097917602042,14413,1.4999999999999999e-05
49017,138.58476970983534,164.1663026670628,4735,1.1e-05
49029,143.75895797559048,122.70177546443114,7129,1.8e-05
49011,138.3865700666494,123.26479259209408,238994,3.8e-05
49057,140.403949780986,119.9635144837921,196533,3.3e-05
49033,147.8393304209785,116.48430348481692,1961,1.2e-05
49005,143.21827304733603,114.16104484724222,91391,3.2e-05
49003,130.3297342533199,114.61686512830484,42745,2.1e-05
49009,163.38834728021962,128.50131599249374,921,9.800000000000001e-06
49035,139.33350657537585,127.40480214448095,898387,4.3e-05
49043,149.61417277600353,126.32836603339076,29736,1.8e-05
49051,146.03966181722882,133.10767145353364,15215,1.8e-05
49049,140.94040945059803,135.32651128330318,368536,3.3e-05
49045,127.15468819087113,128.21564615254744,40735,2.1e-05
49023,129.3694058580497,138.46233946883532,8238,1.7e-05
49027,124.43343569158752,145.80625434588208,12405,1.4999999999999999e-05
49041,136.01781182187375,152.42417530419883,18842,1.4000000000000001e-05
49039,139.94258039238554,144.43939316317645,22763,1.3000000000000001e-05
49007,150.40312169202525,142.58225711803502,20422,1.7e-05
49013,153.1096099103252,134.65862820601194,14371,1.4000000000000001e-05
49047,161.30512544570078,138.0308743344822,25224,1.8e-05
49019,158.9269066944746,152.74153750898202,8485,1.8e-05
49015,147.7382217241226,150.3712775088563,10860,1.4000000000000001e-05
49055,144.5201216486671,159.21255607332566,2509,1.1e-05
49031,132.1504563433985,156.90668284249236,1435,1.1e-05
49001,121.38382991546551,154.78667340901225,6005,1.4000000000000001e-05
49021,119.81456049476404,161.0697508993683,33779,1.8e-05
49053,116.26585320416822,168.1166155414764,90354,2.7000000000000002e-05
49025,132.85217085620252,170.8678232711449,6046,1.8e-05
51001,498.19089818718453,156.16866923999785,38305,2.3e-05
51131,496.90400711753074,161.9135154719568,13093,2e-05
51027,435.27061489977064,174.04188581994413,26978,2.7000000000000002e-05
51185,440.2988680443908,175.12305270739068,44598,2.6000000000000002e-05
51173,441.0547546655742,178.9772621321637,33081,2.7000000000000002e-05
51520,435.14959999266677,182.57799377436055,17367,5.6000000000000006e-05
51191,436.90332482840637,181.25757486725036,51103,3.4e-05
51167,435.2097154446425,178.6134271051598,30308,2.7000000000000002e-05
51720,429.8849497792932,179.1556482143694,3904,3.1e-05
51195,429.9460553564431,178.6283108941941,40123,2.8000000000000003e-05
51051,432.31640182112716,176.52993186431343,16395,2.6000000000000002e-05
51169,430.40550799842964,182.29497296177695,23403,3.1e-05
51105,424.61995036383513,183.25411449640785,23589,2.7000000000000002e-05
51021,444.4961916736084,174.7389494475554,6871,2.3e-05
51077,444.66656119516546,180.9411768848525,17917,2.3e-05
51640,447.786813943357,180.19459238950367,6837,5.2000000000000004e-05
51197,445.6855473184591,177.15356123112218,27599,2.6000000000000002e-05
51071,448.5246512329345,171.4278490492753,16657,2.6000000000000002e-05
51750,450.48836679680437,173.72294578732368,15859,4.6e-05
51155,449.11069574077993,174.67422836719203,35127,3.3e-05
51610,479.5633503103258,145.27254742277654,10377,6.9e-05
51013,480.4534893757311,145.0322587381533,189453,7.7e-05
51035,449.39255307002054,179.08794488200368,29245,2.6000000000000002e-05
51089,458.5134154129863,178.18259408854348,57930,3.8e-05
51141,454.0209382529043,179.1099157312524,19407,2.6000000000000002e-05
51063,452.76710506922655,175.8841295853296,13874,2.4e-05
51121,451.9326286107625,172.94641428816325,83629,3.7e-05
51775,455.16202214760125,170.8340958376264,24747,5.7999999999999994e-05
51067,457.27908108068743,174.40132966652095,47286,3.6e-05
51161,455.37724225226873,170.9012927748137,85778,5.4000000000000005e-05
51019,460.4378654376357,169.0195476617231,60371,3.5e-05
51005,454.8216364632496,164.16887488468797,12926,2.5e-05
51045,453.0894544889616,168.56526206306754,5091,2.8000000000000003e-05
51023,457.12039298174295,166.99070127617046,30496,3.6e-05
51009,463.56390643201166,165.08759753876353,31894,3.6e-05
51163,460.17594859192576,162.8482331977636,20808,2.6000000000000002e-05
51017,456.4639992263757,160.53382866139773,5048,2.2e-05
51091,457.6084948527719,156.05822555186086,2536,2e-05
51079,468.68864972693,154.82129211760264,15244,2.8000000000000003e-05
51165,464.1731394482954,153.12121829814268,67725,3.3e-05
51015,462.6382401929077,157.77048687180002,65615,2.8999999999999997e-05
51125,465.5971166956571,162.22707004283683,14445,2.7000000000000002e-05
51029,469.8758230512394,164.27112709382462,15623,2.8000000000000003e-05
51011,467.4828437348642,167.37270080605498,13705,3.6e-05
51031,464.6791792324829,170.25857626688787,51078,3.9e-05
51083,467.5104684782795,175.50219448029372,37355,3.5e-05
51143,462.8362796250692,175.98765190014026,61745,3.5e-05
51690,458.4411412259776,178.2300109332734,15416,4.9e-05
51590,463.2050746473864,178.6006441912487,48411,4.8e-05
51680,463.5718829140845,167.85327263309168,65269,5.7999999999999994e-05
51515,460.3920166461408,169.21286718397673,6299,4.7e-05
51770,456.1612500324217,170.752751724826,94911,6.500000000000001e-05
51530,460.8597491852473,163.79422471713713,6349,3.6e-05
51580,454.774587949167,164.36163010802719,6303,4.2e-05
51678,459.9368720250187,163.20343466683696,6867,3.4e-05
51820,464.72728944796927,158.70616168658202,19520,5.7999999999999994e-05
51790,463.1224030903006,157.8792052386351,23853,3.5e-05
51540,469.10774735553963,158.39256535742803,45049,5.4000000000000005e-05
51660,464.3107577903442,154.03057341945458,40468,5.2000000000000004e-05
51003,468.49216608476166,158.45802977468344,79236,3.8e-05
51065,471.6810828368817,160.43880973148856,20047,3.2e-05
51049,472.7249246372223,164.57451886989122,9017,2.8000000000000003e-05
51147,471.5336158232444,168.39364466102424,19720,2.8999999999999997e-05
51037,469.8352009654393,172.07826623648376,12472,2.8999999999999997e-05
51117,473.5687141095005,175.54108571036022,32380,3.1e-05
51570,481.7669345492122,166.2064379166579,16897,5.6000000000000006e-05
51111,474.26548794174306,171.80528066027645,13146,2.8000000000000003e-05
51670,482.8199468487847,165.70617864635648,22354,5.5e-05
51510,480.947725136644,145.8716242475344,128283,6.8e-05
51139,467.76146696722884,150.8961706629452,23177,2.7000000000000002e-05
51171,466.20973804702453,148.2707317144063,35075,2.8999999999999997e-05
51043,471.2678430628153,143.73366532562903,12652,3.1e-05
51840,469.44319949001067,143.3618154608144,23585,7.099999999999999e-05
51069,468.4322218300157,142.8688154614396,59209,3.9e-05
51187,469.68118751069983,146.71473656724595,31584,3.4e-05
51157,470.84260549996213,149.481563973682,6983,2.5e-05
51113,470.1937897855304,152.95937693050664,12520,2.5e-05
51137,473.12750696922615,154.81985501525028,25881,3.2e-05
51109,474.4142449430603,158.34382682967615,25627,3.3e-05
51075,475.75420043153747,161.38658521725696,16863,3.6e-05
51145,475.9427630247216,163.68424730775791,22377,3.4e-05
51007,476.1867066814778,166.43170531343898,11400,2.8999999999999997e-05
51135,475.78037513702486,168.86625308501812,15725,2.8000000000000003e-05
51025,478.32870082197127,173.4757877158743,18419,2.8999999999999997e-05
51053,480.0457853508381,169.04433215527462,24533,3.7e-05
51595,481.77997942240717,173.86675680051513,5665,4.8e-05
51081,481.80480577427466,174.03482157750648,11560,3.2e-05
51735,492.6061068483918,165.51891382353313,11566,3.5e-05
51620,487.8332997979376,172.75937171779782,8346,3.4e-05
51175,486.37657764544184,172.33180510058182,17482,2.8000000000000003e-05
51650,492.9347659991095,166.7734427812523,146437,4.6e-05
51830,488.7114807910834,164.63438589885573,11998,3.5e-05
51700,491.16761708100853,166.62192758655502,180150,4.6e-05
51740,493.29234305155904,169.22875730727438,100565,4.5e-05
51199,490.4474834984997,164.81691700131938,56297,3.5e-05
51095,488.1492118207138,164.38429795433984,48102,3.1e-05
51181,487.10414269978594,167.1333035856402,6829,2.7000000000000002e-05
51183,483.8590637703556,170.44367574565598,12504,2.8000000000000003e-05
51149,483.55157924148597,166.87473807267764,33047,3.8e-05
51730,482.05635443245626,166.9768453565941,33740,5.4000000000000005e-05
51087,480.8462338416444,162.5533248925187,262300,6.3e-05
51041,479.9373456177849,165.17968106214354,259903,5.2000000000000004e-05
51036,484.92392777427193,164.4481611887568,6926,3.5e-05
51127,485.3199573588311,162.28585520986337,13462,3.4e-05
51760,480.3103478380152,163.0836895438832,197790,8.6e-05
51630,478.3175066335002,153.0051245188364,19279,4.8e-05
51600,478.5523277205132,145.89798394539656,21498,5.3e-05
51683,477.0106214246334,147.6609345282109,35135,4.7e-05
51107,474.97736640897176,143.4700002923469,169599,4.9e-05
51061,474.15644140200635,148.28345771198718,55139,3.2e-05
51047,473.45697478638834,151.8048702537799,34262,3.1e-05
51177,476.9084459049295,154.9756034844336,90395,3.9e-05
51085,479.74697340769967,160.11812246124032,86320,4.6e-05
51101,484.09623920261873,160.01550261894428,13146,3.4e-05
51097,485.7852820737226,159.47422996377458,6630,2.8000000000000003e-05
51119,489.4072824322368,159.91409709343216,9932,2.5e-05
51073,490.0700589342219,162.52583986274732,34780,2.8000000000000003e-05
51103,490.02381272245316,158.4929777563323,11567,2.4e-05
51159,486.65531480527017,156.12243388734706,8809,2.4e-05
51057,484.8872511143856,156.69293065017055,9989,2.6000000000000002e-05
51033,480.5177270072125,156.41555592580434,22121,3.3e-05
51059,479.00074080370604,145.69380624126006,969749,5.6999999999999996e-05
51153,477.1647135656161,147.625220101076,280813,4.9e-05
51179,478.51402285922205,151.7976340922727,92446,4e-05
51099,481.63511630304004,153.12585629311855,16803,3.2e-05
51193,485.5272695242469,154.1574533868582,16718,2.8000000000000003e-05
51133,490.0204520373193,156.48833629863074,12259,2.4e-05
51115,491.99874415459067,161.83424855428152,9207,2.6000000000000002e-05
51710,494.24883974592325,168.686217094807,234403,4.9e-05
51093,489.39396488289714,169.5936731153013,29728,2.9999999999999997e-05
51800,490.9235137806086,171.82728903332352,63677,3.1e-05
51550,494.1473481131459,171.363628340352,199184,4.1e-05
51810,496.71416412075104,170.17895358868537,425257,3.8e-05
51685,477.49107247784065,147.12012648936854,10290,4.8e-05
50009,513.4898809857127,59.68507341910792,6459,1.6e-05
50019,508.76650125651054,59.49778272575722,26277,1.9e-05
50003,506.92592432848727,83.81436861323222,36994,2.4e-05
50013,499.43136601022485,62.09265522560946,6901,2.1e-05
50023,507.28609137572164,67.12637991480324,58039,2.2e-05
50005,511.04667605631965,63.785922355528285,29702,2e-05
50015,505.93799219884704,63.21476650210384,23233,1.7e-05
50011,502.8395321831079,60.550396268408505,45417,2.1e-05
50007,502.46924312982765,66.23662845946902,146571,2.6000000000000002e-05
50001,503.3401699439263,71.6762056622226,35974,2e-05
50021,505.4005933703856,76.86010318961591,63400,2.7000000000000002e-05
50025,510.3989117356291,83.6454512394048,44216,2.6000000000000002e-05
50027,509.3431388146437,75.59399557686962,57418,2.3e-05
50017,510.0504256063292,70.09352169349957,28226,2e-05
53047,90.33395267230809,13.716901954746087,39564,1.4999999999999999e-05
53073,73.78706910488766,4.348529349098246,166814,3.2e-05
53069,51.078158650693425,32.38645049648651,3824,1.6e-05
53003,104.82924732939031,47.75694830826239,20551,2.6000000000000002e-05
53023,102.42809027566628,44.74969323202021,2397,1.4999999999999999e-05
53013,98.94181617711595,44.93577035481057,4064,1.4000000000000001e-05
53071,93.81538055226126,44.69118409643104,55180,2.6000000000000002e-05
53021,91.46846584400579,39.93799664406313,49347,3.1e-05
53075,103.76768720461357,38.743172926515655,40740,2.1e-05
53063,107.16925668897372,29.322508384584786,417939,3.8e-05
53051,110.83662105125498,18.41121734478203,11732,2e-05
53065,105.6217212463276,18.94631772456269,40066,2e-05
53043,98.4214960334068,27.840945644886567,10184,1.4999999999999999e-05
53001,94.67950290226,35.092693843081285,16428,1.7e-05
53025,88.81421263665605,30.12625752874548,74698,1.9e-05
53005,84.81057956023714,42.329225847057856,142475,3.2e-05
53039,72.78241801326472,44.01715553292245,19161,1.6e-05
53011,57.720257897508205,41.095307509895456,345238,6.4e-05
53059,63.29137211817069,39.855259694172354,9872,2e-05
53015,56.99488367536164,35.548902186107824,92948,3.4e-05
53049,49.42676532470635,28.337645918463092,20984,1.3000000000000001e-05
53041,61.11707562630636,31.4506074825813,68600,2.4e-05
53067,59.033771422194455,26.4909843014725,207355,3.7e-05
53053,64.99589063450921,26.242983679772355,700820,4.5e-05
53077,74.74801278402647,36.610697770545286,222581,2.7000000000000002e-05
53037,77.60131828534867,28.753591197074105,33362,1.9e-05
53017,88.06904403288598,23.4079580900557,32603,2.2e-05
53019,100.17895651486329,17.056002360325465,7260,1.3000000000000001e-05
53055,63.39265863222537,5.6936777946991555,14077,1.9e-05
53029,65.12974890158294,11.462901893808963,71558,2.4e-05
53061,71.92792074985731,15.02582518225899,606024,4.3e-05
53033,69.5275474274982,21.73615159268845,1737034,5.7999999999999994e-05
53035,62.27840473135602,17.884183974787312,231969,3.9e-05
53045,57.27135207360194,19.90036615060746,49405,2.6000000000000002e-05
53027,51.35822160332344,21.23540090551178,67194,2e-05
53031,55.65684803972135,13.83610771503261,25953,2.4e-05
53009,53.673422760000065,9.564767792192812,64525,2.2e-05
53057,74.3348624826898,9.784857886839713,102979,2.8000000000000003e-05
53007,80.93519815612105,19.823210564139885,66616,2.2e-05
55029,372.7379571327989,81.34135850522675,27961,2.1e-05
55061,370.5937037440148,87.11158912759208,20187,2.2e-05
55093,326.0838534087079,87.12497856594706,36804,2.8000000000000003e-05
55091,330.2928629696233,88.85577563784253,7213,2.3e-05
55011,332.7064462490416,91.7261738736173,13804,2.2e-05
55121,336.35241199903214,92.32531577295113,27010,2.3e-05
55053,341.41496930202567,91.77695843825579,19100,2.3e-05
55035,336.7041834904447,86.75994754301144,93142,4.1e-05
55019,342.8850811466424,86.31170632829199,33557,2.3e-05
55017,336.5377504827331,82.35040051018186,55195,2.8999999999999997e-05
55033,330.9544172986505,84.18465223668844,39858,2.8000000000000003e-05
55109,325.82845419653177,83.26983473189982,63155,2.6000000000000002e-05
55095,325.424423108685,77.63941174026482,41319,2.3e-05
55005,331.060939349515,77.92726917474627,44963,2.7000000000000002e-05
55107,337.67297918325534,77.06116498186798,15347,2.5e-05
55119,343.76003966413884,80.21777828723833,19680,2.4e-05
55099,344.4454388608519,74.02615284167376,15822,2e-05
55113,337.35998688176966,71.77788059792573,16196,2e-05
55129,331.38439011379035,71.87558894890593,16036,2e-05
55013,326.21718832745165,72.74500415667538,15674,2e-05
55031,329.98266002510417,64.88866692727292,43287,2.8999999999999997e-05
55007,336.5051572724311,63.46089400080425,15013,1.7e-05
55003,341.27504259380294,66.67884088290224,16866,2.9999999999999997e-05
55051,344.9900079204322,66.51327591348387,6861,2e-05
55125,351.6423369086133,68.81729202459519,21033,1.8e-05
55085,352.0285102543603,73.30691277955668,36776,2.4e-05
55069,350.39078043337554,78.07857437901319,29641,2.8000000000000003e-05
55067,356.67263060153226,78.68900330949684,20740,2.8999999999999997e-05
55073,350.3847886717673,83.87005370340519,125834,3.4e-05
55141,348.40491487810067,89.57792941895019,75555,3.2e-05
55001,351.2614269224111,95.84657242417036,18643,2.4e-05
55057,348.1890231811255,96.41715608960301,24316,2.8000000000000003e-05
55081,343.29330657698137,96.47578003514352,40899,2.8000000000000003e-05
55063,338.6808961314943,97.25584925603737,107120,4.1e-05
55123,341.9732661711707,101.12321875926092,28056,2.4e-05
55111,349.7700192705661,102.72182705177678,55225,2.8000000000000003e-05
55103,345.58575529629235,103.92357576797504,17924,2.5e-05
55023,340.7876042981888,105.81670836949749,17243,2.5e-05
55049,348.6386887494876,108.4148148171714,22780,2.4e-05
55043,343.42969683263374,110.65206685961756,49597,2.7000000000000002e-05
55065,348.9241463025017,112.87006219216947,16137,2.3e-05
55045,353.8891755579563,112.32903842127637,33647,3.2e-05
55077,354.7869985114444,97.4307702380389,15832,2.5e-05
55097,353.12818912426275,89.0226413640705,67182,3.1e-05
55135,358.39545643948844,88.60931916260937,51731,2.9999999999999997e-05
55137,355.9682997601368,93.5385496096358,23154,2.3e-05
55047,358.05716313752447,97.45176948061714,19105,2.5e-05
55021,355.27513756472183,101.93093814805565,52468,3.1e-05
55025,355.3437611075302,107.187823672484,426526,5.2000000000000004e-05
55105,358.9142068413559,112.05028203791159,152307,4.3e-05
55059,368.6651238977981,112.50995719129662,149577,4.2e-05
55101,368.1878480541449,110.43747964428944,188831,4.1e-05
55127,363.91031936174863,111.70841351815216,93759,3.1e-05
55027,361.61674327688985,102.17901225609666,85897,3.2e-05
55055,361.36783061103966,107.32339852865385,74021,3.4e-05
55133,365.78585015436363,107.00567819649878,360767,4.9e-05
55079,368.99452534230056,106.86816675836408,940164,7.4e-05
55089,368.69648859706354,102.10524201010568,82317,3.7e-05
55131,366.0775685883117,102.42980896007141,117493,3.9e-05
55139,361.54129016891886,93.70478117588308,156763,4.3e-05
55039,363.2375239185693,97.78688975069004,97296,3.3e-05
55117,368.341151368931,97.64209579190624,112646,3.8e-05
55015,365.48087032364367,93.29990006749102,40631,3.4e-05
55071,369.1700687125203,92.36550947678663,82887,3.2e-05
55009,367.01897080463374,87.96494398294273,226778,5.2000000000000004e-05
55087,362.8384053485105,89.10354179733294,160971,4.6e-05
55115,359.7949284460907,84.44951940702782,40664,2.7000000000000002e-05
55078,359.95033118204293,81.76428664072488,4562,2e-05
55083,363.9785028138758,81.04098729625977,35634,2.2e-05
55041,358.80305866326853,72.95489658853124,10024,1.7e-05
55037,362.0479924534184,70.66043842209733,5088,1.8e-05
55075,365.8223330408196,76.31400160964073,43384,2.4e-05
54003,470.08665464965173,139.5187045274103,75905,3.5e-05
54037,472.1731722228837,140.99884412692336,42190,3.3e-05
54011,430.90321959837576,159.81129167801484,96784,4.4e-05
54099,429.5674074899446,163.48990782202904,42903,3.8e-05
54059,433.55549074642374,168.47530048867412,28253,2.8000000000000003e-05
54045,435.3800936341299,166.66697147884824,37710,2.7000000000000002e-05
54109,439.5325614537786,169.14451723348319,25708,2.5e-05
54047,438.79928690478624,172.15178531877282,27329,2.5e-05
54055,444.2569256054354,171.07711099155668,62980,2.8000000000000003e-05
54063,449.618081830769,168.1664145922492,14583,2.3e-05
54089,446.19202172528264,167.3511244316539,12999,2.5e-05
54081,442.57643527889206,166.62086392616283,79220,2.8000000000000003e-05
54005,437.29788345721727,164.13977298042215,25535,2.7000000000000002e-05
54043,433.0856601653811,162.99470855917212,22108,2.8000000000000003e-05
54079,434.1037901294262,157.859426044702,51589,3.4e-05
54053,432.58528473677285,155.1928930698499,25957,3.1e-05
54035,435.75584503061737,153.29971013609457,28000,2.9999999999999997e-05
54039,438.3317455150683,159.7406501262508,200073,4.8e-05
54019,443.2591305164916,162.94482183896116,47579,2.7000000000000002e-05
54015,442.5139285092936,157.397355572471,10330,2.4e-05
54087,439.4201921179298,154.53704231374778,15446,2.8999999999999997e-05
54013,441.39106240320666,152.68943777001738,7582,2.5e-05
54105,438.5112526448487,150.56430878013032,5873,2.7000000000000002e-05
54107,436.7393070298605,148.39311246166397,87986,4e-05
54073,439.5579227049777,146.08339117033162,7514,2.9999999999999997e-05
54085,441.27511537824483,148.12777957630897,10343,2.6000000000000002e-05
54021,443.80337556076853,151.083315799851,7160,3.1e-05
54007,445.46639985453004,153.77198489423378,14702,2.3e-05
54067,445.3812589565123,159.02424699128684,26562,2.3e-05
54025,449.83570001637224,162.6498664666366,34453,2.3e-05
54101,448.9448393646282,156.02366918947985,9719,1.9e-05
54097,449.7895221977912,150.53860461490984,23404,2.8000000000000003e-05
54041,447.25418014448763,149.94883199180802,16919,2.7000000000000002e-05
54017,444.51985639865205,146.38417806341258,7403,2.6000000000000002e-05
54095,442.3003284602596,144.41257293789815,9592,2.6000000000000002e-05
54033,447.62133162689753,145.79754641359267,68652,3.1e-05
54029,443.13526184827003,130.27460236223868,32667,3.6e-05
54009,443.5679535810687,133.33433267863106,25447,7.7e-05
54069,443.615356221454,135.6992454927589,47427,3.4e-05
54051,443.7066647576606,138.7472977616697,35519,3.1e-05
54103,444.37548182738425,142.0281513904269,17693,2.8999999999999997e-05
54049,448.6143420425474,142.6399153717334,56598,2.8999999999999997e-05
54001,451.6290769364865,147.1219554718443,15557,2.2e-05
54091,450.8128497266506,144.34104150256522,16089,2.5e-05
54061,449.95589191222825,140.77593898185228,81866,2.9999999999999997e-05
54075,453.57382356461017,156.8493250242029,9131,1.8e-05
54077,454.3119968280608,142.2607518692474,29334,2.3e-05
54083,453.74893262455663,151.51409260557912,28262,2.5e-05
54071,458.97958266577024,151.70686438796747,8196,1.9e-05
54093,455.989440949106,146.56858306837125,7321,1.9e-05
54023,459.422447234356,146.1065535679541,11299,2.2e-05
54031,463.1588571269963,146.83813318005923,12669,2.3e-05
54057,461.21482549249816,141.72449574651068,27078,3.1e-05
54027,464.7472157420024,142.3681632288554,20203,2.5e-05
54065,467.8424524804689,138.50607631590137,14943,2.7000000000000002e-05
56021,209.93874064430747,128.21625394011593,81607,2.3e-05
56015,213.98746055308757,118.51623143965612,12538,1.4999999999999999e-05
56039,158.53821722749475,87.75590617317884,18251,1.4000000000000001e-05
56023,154.84622125457932,107.7815611866843,14573,1.3000000000000001e-05
56041,153.80875191313552,121.673082459458,19742,1.4000000000000001e-05
56035,162.76613916142108,103.34841978387676,5920,9.3e-06
56029,168.04203337012763,81.46475385720716,25786,1.6e-05
56037,170.8825956015696,119.21559978157171,37613,1.8e-05
56013,174.19283124493785,100.56652872093998,35804,1.6e-05
56017,177.90066948870637,93.18068499063976,4882,1.6e-05
56043,184.92399114657718,91.78829299294868,8289,1.9e-05
56003,183.6387740650913,83.46456635230929,11461,1.3000000000000001e-05
56033,193.83070704070118,81.17740679927323,26560,2e-05
56019,195.38091470813725,90.97528078832308,7075,1.4999999999999999e-05
56025,192.03913811473174,104.86013975995073,66533,2.3e-05
56007,188.67272777396502,121.13727109741929,15639,1.4999999999999999e-05
56001,200.460967494888,122.12291147810524,32014,2e-05
56045,214.0007107328397,95.71686541183745,6644,1.4999999999999999e-05
56011,214.82679887955155,86.06756020568602,5887,1.1e-05
56005,205.4369985320297,89.63564841863376,33698,1.8e-05
56009,204.15622254991627,106.69091128685741,12052,1.4000000000000001e-05
56027,213.94974229437665,105.90374396439056,2407,1.1e-05
56031,208.22759036531002,117.41390900882412,8807,1.4000000000000001e-05
11001,481.4460726670503,144.60924751737733,572059,7.7e-05
